company_clean,company_canonical,total_contacts,unresolved_count,resolved_support,dominant_bucket,dominant_share,decision,confidence_assigned
freelance,FREELANCE,18,10,8,GLOBAL_OPPORTUNITY,0.875,propagated,0.8
NTConsult,NTCONSULT,15,8,7,GLOBAL_OPPORTUNITY,0.714,propagated,0.72
Avanade,AVANADE,14,7,7,GLOBAL_OPPORTUNITY,0.857,propagated,0.8
Factored,FACTORED,14,11,3,GLOBAL_OPPORTUNITY,1.0,propagated,0.72
EPAM Systems,EPAM SYSTEMS,12,4,8,GLOBAL_OPPORTUNITY,1.0,propagated,0.8
Self-employed,SELF-EMPLOYED,12,7,5,GLOBAL_OPPORTUNITY,0.8,propagated,0.8
Profesional independiente,PROFESIONAL INDEPENDIENTE,11,8,3,GLOBAL_OPPORTUNITY,1.0,propagated,0.72
Coforge,COFORGE,10,3,7,GLOBAL_OPPORTUNITY,0.857,propagated,0.8
SThree,STHREE,9,7,2,GLOBAL_OPPORTUNITY,1.0,propagated,0.72
Babbel,BABBEL,8,4,4,GLOBAL_OPPORTUNITY,1.0,propagated,0.72
Decision,DECISION,8,2,6,GLOBAL_OPPORTUNITY,0.833,propagated,0.8
KWS Group,KWS,8,5,3,EUROPE_CONFIRMED,1.0,propagated,0.72
Marlabs Brasil,MARLABS,8,2,6,BRAZIL_CONFIRMED,1.0,propagated,0.8
Neoenergia,NEOENERGIA,8,2,6,BRAZIL_CONFIRMED,0.833,propagated,0.8
Nestlé,NESTLÉ,8,6,2,GLOBAL_OPPORTUNITY,1.0,propagated,0.72
Flink,FLINK,7,2,5,GLOBAL_OPPORTUNITY,1.0,propagated,0.8
Porto,PORTO,7,1,6,BRAZIL_CONFIRMED,0.833,propagated,0.8
Citi,CITI,6,4,2,GLOBAL_OPPORTUNITY,1.0,propagated,0.72
Dev.Pro,DEV.PRO,6,2,4,GLOBAL_OPPORTUNITY,1.0,propagated,0.72
emagine,EMAGINE,6,3,3,GLOBAL_OPPORTUNITY,1.0,propagated,0.72
ExxonMobil,EXXONMOBIL,6,4,2,GLOBAL_OPPORTUNITY,1.0,propagated,0.72
Hire With Near,HIRE WITH NEAR,6,2,4,GLOBAL_OPPORTUNITY,1.0,propagated,0.72
Inetum,INETUM,6,2,4,GLOBAL_OPPORTUNITY,1.0,propagated,0.72
Porsche Consulting,PORSCHE,6,1,5,GLOBAL_CONSULTING,1.0,propagated,0.8
Raízen,RAÍZEN,6,2,4,LANGUAGE_PORTUGUESE_MARKET,0.75,propagated,0.72
Strider,STRIDER,6,2,4,GLOBAL_OPPORTUNITY,0.75,propagated,0.72
DOJO - Smart Ways,DOJO - SMART WAYS,5,1,4,GLOBAL_OPPORTUNITY,0.75,propagated,0.72
Epsilon Solutions Ltd. SA de CV,EPSILON . DE CV,5,1,4,GLOBAL_OPPORTUNITY,1.0,propagated,0.72
GetYourGuide,GETYOURGUIDE,5,2,3,GLOBAL_OPPORTUNITY,1.0,propagated,0.72
Infotree Global Solutions,INFOTREE,5,1,4,GLOBAL_OPPORTUNITY,0.75,propagated,0.72
Lean Tech,LEAN,5,1,4,GLOBAL_OPPORTUNITY,0.75,propagated,0.72
Leega,LEEGA,5,3,2,BRAZIL_CONFIRMED,1.0,propagated,0.72
Lenovo,LENOVO,5,1,4,LANGUAGE_PORTUGUESE_MARKET,0.75,propagated,0.72
Multiplica Talent,MULTIPLICA TALENT,5,1,4,GLOBAL_OPPORTUNITY,1.0,propagated,0.72
PIXIE,PIXIE,5,2,3,GLOBAL_OPPORTUNITY,1.0,propagated,0.72
São Martinho,SÃO MARTINHO,5,1,4,BRAZIL_CONFIRMED,1.0,propagated,0.72
Teleperformance,TELEPERFORMANCE,5,3,2,GLOBAL_OPPORTUNITY,1.0,propagated,0.72
Velozient,VELOZIENT,5,3,2,GLOBAL_OPPORTUNITY,1.0,propagated,0.72
Acolad group,ACOLAD,4,2,2,GLOBAL_OPPORTUNITY,1.0,propagated,0.72
APPLICA CORP,APPLICA,4,1,3,GLOBAL_OPPORTUNITY,1.0,propagated,0.72
Avature,AVATURE,4,2,2,GLOBAL_OPPORTUNITY,1.0,propagated,0.72
Choco,CHOCO,4,2,2,GLOBAL_OPPORTUNITY,1.0,propagated,0.72
Cross Border Talents,CROSS BORDER TALENTS,4,1,3,GLOBAL_OPPORTUNITY,1.0,propagated,0.72
Tech First,FIRST,4,1,3,GLOBAL_OPPORTUNITY,1.0,propagated,0.72
Genesys,GENESYS,4,2,2,GLOBAL_OPPORTUNITY,1.0,propagated,0.72
Grupo Fleury,GRUPO FLEURY,4,2,2,LANGUAGE_PORTUGUESE_MARKET,1.0,propagated,0.72
IFIT Solutions,IFIT,4,2,2,GLOBAL_OPPORTUNITY,1.0,propagated,0.72
juucy,JUUCY,4,1,3,GLOBAL_OPPORTUNITY,1.0,propagated,0.72
Mouts TI,MOUTS TI,4,1,3,GLOBAL_OPPORTUNITY,1.0,propagated,0.72
OttoMate,OTTOMATE,4,1,3,GLOBAL_OPPORTUNITY,1.0,propagated,0.72
Rede Américas,REDE AMÉRICAS,4,2,2,BRAZIL_CONFIRMED,1.0,propagated,0.72
Rumo,RUMO,4,1,3,LANGUAGE_PORTUGUESE_MARKET,1.0,propagated,0.72
Sabesp,SABESP,4,1,3,BRAZIL_CONFIRMED,1.0,propagated,0.72
Smollan,SMOLLAN,4,2,2,LATAM_USD_CONFIRMED,1.0,propagated,0.72
Solutis Tecnologias,SOLUTIS TECNOLOGIAS,4,2,2,GLOBAL_OPPORTUNITY,1.0,propagated,0.72
Spin,SPIN,4,2,2,GLOBAL_OPPORTUNITY,1.0,propagated,0.72
Taller,TALLER,4,1,3,GLOBAL_OPPORTUNITY,1.0,propagated,0.72
Vibra,VIBRA,4,2,2,LANGUAGE_PORTUGUESE_MARKET,1.0,propagated,0.72
10Pearls,10PEARLS,3,1,2,GLOBAL_OPPORTUNITY,1.0,propagated,0.72
1950Labs,1950LABS,3,1,2,GLOBAL_OPPORTUNITY,1.0,propagated,0.72
1GLOBAL,1GLOBAL,3,1,2,GLOBAL_OPPORTUNITY,1.0,propagated,0.72
Actinver,ACTINVER,3,1,2,LATAM_USD_CONFIRMED,1.0,propagated,0.72
AlixPartners,ALIXPARTNERS,3,1,2,GLOBAL_OPPORTUNITY,1.0,propagated,0.72
Auren Energia,AUREN ENERGIA,3,1,2,BRAZIL_CONFIRMED,1.0,propagated,0.72
Braskem,BRASKEM,3,1,2,LANGUAGE_PORTUGUESE_MARKET,1.0,propagated,0.72
Capitole,CAPITOLE,3,1,2,GLOBAL_CONSULTING,1.0,propagated,0.72
Cashea,CASHEA,3,1,2,GLOBAL_OPPORTUNITY,1.0,propagated,0.72
Central IT - Tecnologia em Negócios,CENTRAL IT - TECNOLOGIA EM NEGÓCIOS,3,1,2,LANGUAGE_PORTUGUESE_MARKET,1.0,propagated,0.72
Cervecería Boliviana Nacional,CERVECERÍA BOLIVIANA NACIONAL,3,1,2,LANGUAGE_PORTUGUESE_MARKET,1.0,propagated,0.72
Clip,CLIP,3,1,2,GLOBAL_OPPORTUNITY,1.0,propagated,0.72
Cynet Systems,CYNET SYSTEMS,3,1,2,GLOBAL_OPPORTUNITY,1.0,propagated,0.72
Deep,DEEP,3,1,2,LANGUAGE_PORTUGUESE_MARKET,1.0,propagated,0.72
Dexian,DEXIAN,3,1,2,BRAZIL_CONFIRMED,1.0,propagated,0.72
Grupo Falabella,GRUPO FALABELLA,3,1,2,LATAM_USD_CONFIRMED,1.0,propagated,0.72
Grupo Sabin,GRUPO SABIN,3,1,2,LANGUAGE_PORTUGUESE_MARKET,1.0,propagated,0.72
HACK A BOSS,HACK A BOSS,3,1,2,LANGUAGE_PORTUGUESE_MARKET,1.0,propagated,0.72
Hospital Israelita Albert Einstein,HOSPITAL ISRAELITA ALBERT EINSTEIN,3,1,2,LANGUAGE_PORTUGUESE_MARKET,1.0,propagated,0.72
HRDisruptive,HRDISRUPTIVE,3,1,2,GLOBAL_OPPORTUNITY,1.0,propagated,0.72
In All Media,IN ALL MEDIA,3,1,2,GLOBAL_OPPORTUNITY,1.0,propagated,0.72
JEMS,JEMS,3,1,2,GLOBAL_OPPORTUNITY,1.0,propagated,0.72
Junto Seguros,JUNTO SEGUROS,3,1,2,LANGUAGE_PORTUGUESE_MARKET,1.0,propagated,0.72
meutudo,MEUTUDO,3,1,2,GLOBAL_OPPORTUNITY,1.0,propagated,0.72
Mindera,MINDERA,3,1,2,GLOBAL_OPPORTUNITY,1.0,propagated,0.72
NEORIS,NEORIS,3,1,2,LATAM_USD_CONFIRMED,1.0,propagated,0.72
Nexocorp,NEXOCORP,3,1,2,LATAM_USD_CONFIRMED,1.0,propagated,0.72
NIR-YU,NIR-YU,3,1,2,GLOBAL_OPPORTUNITY,1.0,propagated,0.72
Orion Talent,ORION TALENT,3,1,2,GLOBAL_OPPORTUNITY,1.0,propagated,0.72
ParallelStaff,PARALLELSTAFF,3,1,2,GLOBAL_OPPORTUNITY,1.0,propagated,0.72
RandomTrees,RANDOMTREES,3,1,2,GLOBAL_OPPORTUNITY,1.0,propagated,0.72
Statista,STATISTA,3,1,2,GLOBAL_OPPORTUNITY,1.0,propagated,0.72
Talent Portus,TALENT PORTUS,3,1,2,GLOBAL_OPPORTUNITY,1.0,propagated,0.72
Talentedge Ltd,TALENTEDGE,3,1,2,GLOBAL_OPPORTUNITY,1.0,propagated,0.72
Workana,WORKANA,3,1,2,GLOBAL_OPPORTUNITY,1.0,propagated,0.72
X-Team,X-TEAM,3,1,2,GLOBAL_OPPORTUNITY,1.0,propagated,0.72
Zappts,ZAPPTS,3,1,2,BRAZIL_CONFIRMED,1.0,propagated,0.72
Melt Group,MELT,18,17,1,LATAM_USD_CONFIRMED,1.0,skipped_insufficient_support,
DIS AG,DIS,10,9,1,GLOBAL_OPPORTUNITY,1.0,skipped_insufficient_support,
Robert Walters,ROBERT WALTERS,8,7,1,EUROPE_CONFIRMED,1.0,skipped_insufficient_support,
Grupo MAG,GRUPO MAG,6,5,1,BRAZIL_CONFIRMED,1.0,skipped_insufficient_support,
NUMEN,NUMEN,6,5,1,BRAZIL_CONFIRMED,1.0,skipped_insufficient_support,
Taylor Hopkinson | Powered by Brunel,TAYLOR HOPKINSON | POWERED BY BRUNEL,6,5,1,EUROPE_CONFIRMED,1.0,skipped_insufficient_support,
Clan,CLAN,5,4,1,GLOBAL_OPPORTUNITY,1.0,skipped_insufficient_support,
Confidential,CONFIDENTIAL,5,4,1,GLOBAL_OPPORTUNITY,1.0,skipped_insufficient_support,
Improving,IMPROVING,5,4,1,GLOBAL_OPPORTUNITY,1.0,skipped_insufficient_support,
Kienbaum,KIENBAUM,5,4,1,GLOBAL_OPPORTUNITY,1.0,skipped_insufficient_support,
Selbstständig,SELBSTSTÄNDIG,5,4,1,GLOBAL_OPPORTUNITY,1.0,skipped_insufficient_support,
Autônoma,AUTÔNOMA,4,3,1,LANGUAGE_PORTUGUESE_MARKET,1.0,skipped_insufficient_support,
BASF Services Americas,BASF AMERICAS,4,3,1,GLOBAL_OPPORTUNITY,1.0,skipped_insufficient_support,
BEES,BEES,4,3,1,GLOBAL_OPPORTUNITY,1.0,skipped_insufficient_support,
Diageo,DIAGEO,4,3,1,GLOBAL_OPPORTUNITY,1.0,skipped_insufficient_support,
FERCHAU,FERCHAU,4,3,1,GLOBAL_OPPORTUNITY,1.0,skipped_insufficient_support,
Hitachi Energy,HITACHI ENERGY,4,3,1,LATAM_USD_CONFIRMED,1.0,skipped_insufficient_support,
K&K Talents,K&K TALENTS,4,3,1,BRAZIL_CONFIRMED,1.0,skipped_insufficient_support,
Kenvue,KENVUE,4,3,1,LATAM_USD_CONFIRMED,1.0,skipped_insufficient_support,
Power Tuning,POWER TUNING,4,3,1,BRAZIL_CONFIRMED,1.0,skipped_insufficient_support,
Programmers,PROGRAMMERS,4,3,1,GLOBAL_OPPORTUNITY,1.0,skipped_insufficient_support,
Ratbacher GmbH,RATBACHER,4,3,1,GLOBAL_OPPORTUNITY,1.0,skipped_insufficient_support,
Sem Parar Corpay,SEM PARAR CORPAY,4,3,1,GLOBAL_OPPORTUNITY,1.0,skipped_insufficient_support,
Vetta,VETTA,4,3,1,BRAZIL_CONFIRMED,1.0,skipped_insufficient_support,
Achs,ACHS,3,2,1,LANGUAGE_PORTUGUESE_MARKET,1.0,skipped_insufficient_support,
Aegea Saneamento,AEGEA SANEAMENTO,3,2,1,LANGUAGE_PORTUGUESE_MARKET,1.0,skipped_insufficient_support,
amaxo GmbH,AMAXO,3,2,1,GLOBAL_OPPORTUNITY,1.0,skipped_insufficient_support,
Bio-Rad Laboratories,BIO-RAD LABORATORIES,3,2,1,EUROPE_CONFIRMED,1.0,skipped_insufficient_support,
BIX Tecnologia,BIX TECNOLOGIA,3,2,1,GLOBAL_OPPORTUNITY,1.0,skipped_insufficient_support,
CAST,CAST,3,2,1,BRAZIL_CONFIRMED,1.0,skipped_insufficient_support,
CESAR,CESAR,3,2,1,GLOBAL_OPPORTUNITY,1.0,skipped_insufficient_support,
Customertimes,CUSTOMERTIMES,3,2,1,GLOBAL_OPPORTUNITY,1.0,skipped_insufficient_support,
Danone,DANONE,3,2,1,GLOBAL_OPPORTUNITY,1.0,skipped_insufficient_support,
dLocal,DLOCAL,3,2,1,GLOBAL_OPPORTUNITY,1.0,skipped_insufficient_support,
El Corte Inglés,EL CORTE INGLÉS,3,2,1,LATAM_USD_CONFIRMED,1.0,skipped_insufficient_support,
empiriecom,EMPIRIECOM,3,2,1,GLOBAL_OPPORTUNITY,1.0,skipped_insufficient_support,
Escale,ESCALE,3,2,1,GLOBAL_OPPORTUNITY,1.0,skipped_insufficient_support,
Escola da Nuvem,ESCOLA DA NUVEM,3,2,1,BRAZIL_CONFIRMED,1.0,skipped_insufficient_support,
Eurofirms Group | People first,EUROFIRMS | PEOPLE FIRST,3,2,1,GLOBAL_OPPORTUNITY,1.0,skipped_insufficient_support,
Grupo Taking,GRUPO TAKING,3,2,1,GLOBAL_OPPORTUNITY,1.0,skipped_insufficient_support,
Highspring,HIGHSPRING,3,2,1,GLOBAL_OPPORTUNITY,1.0,skipped_insufficient_support,
Horizontal Talent,HORIZONTAL TALENT,3,2,1,GLOBAL_OPPORTUNITY,1.0,skipped_insufficient_support,
Independent Consultant,INDEPENDENT CONSULTANT,3,2,1,GLOBAL_OPPORTUNITY,1.0,skipped_insufficient_support,
Involves,INVOLVES,3,2,1,GLOBAL_OPPORTUNITY,1.0,skipped_insufficient_support,
JLink connecting experts GmbH,JLINK CONNECTING EXPERTS,3,2,1,GLOBAL_OPPORTUNITY,1.0,skipped_insufficient_support,
John Deere,JOHN DEERE,3,2,1,GLOBAL_OPPORTUNITY,1.0,skipped_insufficient_support,
Lighthouse,LIGHTHOUSE,3,2,1,GLOBAL_OPPORTUNITY,1.0,skipped_insufficient_support,
Loft,LOFT,3,2,1,GLOBAL_OPPORTUNITY,1.0,skipped_insufficient_support,
Mondelēz International,MONDELĒZ INTERNATIONAL,3,2,1,BRAZIL_CONFIRMED,1.0,skipped_insufficient_support,
Nelson Wilians Advogados,NELSON WILIANS ADVOGADOS,3,2,1,GLOBAL_OPPORTUNITY,1.0,skipped_insufficient_support,
Nordex SA,NORDEX,3,2,1,LANGUAGE_SPANISH_MARKET,1.0,skipped_insufficient_support,
Paytrack,PAYTRACK,3,2,1,LANGUAGE_PORTUGUESE_MARKET,1.0,skipped_insufficient_support,
Philip Morris International,PHILIP MORRIS INTERNATIONAL,3,2,1,GLOBAL_OPPORTUNITY,1.0,skipped_insufficient_support,
Projective Talent | Part of Projective Group,PROJECTIVE TALENT | PART OF PROJECTIVE,3,2,1,GLOBAL_OPPORTUNITY,1.0,skipped_insufficient_support,
PROPOSITO Human Capital Solutions,PROPOSITO HUMAN CAPITAL,3,2,1,BRAZIL_CONFIRMED,1.0,skipped_insufficient_support,
Quantik,QUANTIK,3,2,1,GLOBAL_OPPORTUNITY,1.0,skipped_insufficient_support,
RED Global,RED,3,2,1,GLOBAL_OPPORTUNITY,1.0,skipped_insufficient_support,
Revelo,REVELO,3,2,1,GLOBAL_OPPORTUNITY,1.0,skipped_insufficient_support,
Rox Partner,ROX PARTNER,3,2,1,BRAZIL_CONFIRMED,1.0,skipped_insufficient_support,
Royal Caribbean Group,ROYAL CARIBBEAN,3,2,1,GLOBAL_OPPORTUNITY,1.0,skipped_insufficient_support,
slantis,SLANTIS,3,2,1,GLOBAL_OPPORTUNITY,1.0,skipped_insufficient_support,
Starian,STARIAN,3,2,1,BRAZIL_CONFIRMED,1.0,skipped_insufficient_support,
SysManager,SYSMANAGER,3,2,1,BRAZIL_CONFIRMED,1.0,skipped_insufficient_support,
ValueNet Group,VALUENET,3,2,1,GLOBAL_OPPORTUNITY,1.0,skipped_insufficient_support,
Vericode,VERICODE,3,2,1,GLOBAL_OPPORTUNITY,1.0,skipped_insufficient_support,
Vestas,VESTAS,3,2,1,LATAM_USD_CONFIRMED,1.0,skipped_insufficient_support,
Acid Labs,ACID LABS,2,1,1,GLOBAL_OPPORTUNITY,1.0,skipped_insufficient_support,
addendum Pro,ADDENDUM PRO,2,1,1,GLOBAL_OPPORTUNITY,1.0,skipped_insufficient_support,
Addi,ADDI,2,1,1,GLOBAL_OPPORTUNITY,1.0,skipped_insufficient_support,
Ademicon,ADEMICON,2,1,1,LANGUAGE_PORTUGUESE_MARKET,1.0,skipped_insufficient_support,
Adistec,ADISTEC,2,1,1,LANGUAGE_PORTUGUESE_MARKET,1.0,skipped_insufficient_support,
AGCO Corporation,AGCO,2,1,1,GLOBAL_OPPORTUNITY,1.0,skipped_insufficient_support,
Agir,AGIR,2,1,1,LANGUAGE_PORTUGUESE_MARKET,1.0,skipped_insufficient_support,
Agência FG,AGÊNCIA FG,2,1,1,LANGUAGE_PORTUGUESE_MARKET,1.0,skipped_insufficient_support,
Algar Telecom,ALGAR TELECOM,2,1,1,LANGUAGE_PORTUGUESE_MARKET,1.0,skipped_insufficient_support,
Alianzo,ALIANZO,2,1,1,LANGUAGE_PORTUGUESE_MARKET,1.0,skipped_insufficient_support,
Alicorp,ALICORP,2,1,1,LATAM_USD_CONFIRMED,1.0,skipped_insufficient_support,
Almirall,ALMIRALL,2,1,1,GLOBAL_OPPORTUNITY,1.0,skipped_insufficient_support,
Alpargatas S.A,ALPARGATAS,2,1,1,BRAZIL_CONFIRMED,1.0,skipped_insufficient_support,
Amenitiz,AMENITIZ,2,1,1,GLOBAL_OPPORTUNITY,1.0,skipped_insufficient_support,
AMEWAS,AMEWAS,2,1,1,GLOBAL_OPPORTUNITY,1.0,skipped_insufficient_support,
APLLOS,APLLOS,2,1,1,BRAZIL_CONFIRMED,1.0,skipped_insufficient_support,
Apsen Farmacêutica,APSEN FARMACÊUTICA,2,1,1,LANGUAGE_PORTUGUESE_MARKET,1.0,skipped_insufficient_support,
Arvenda LLC,ARVENDA,2,1,1,LANGUAGE_PORTUGUESE_MARKET,1.0,skipped_insufficient_support,
Associação Comercial do Paraná,ASSOCIAÇÃO COMERCIAL DO PARANÁ,2,1,1,BRAZIL_CONFIRMED,1.0,skipped_insufficient_support,
Atlas NextWave,ATLAS NEXTWAVE,2,1,1,EUROPE_CONFIRMED,1.0,skipped_insufficient_support,
Global Automotive,AUTOMOTIVE,2,1,1,LANGUAGE_PORTUGUESE_MARKET,1.0,skipped_insufficient_support,
backlgrs,BACKLGRS,2,1,1,GLOBAL_OPPORTUNITY,1.0,skipped_insufficient_support,
BanBajío,BANBAJÍO,2,1,1,LATAM_USD_CONFIRMED,1.0,skipped_insufficient_support,
Banco Bci,BANCO BCI,2,1,1,LATAM_USD_CONFIRMED,1.0,skipped_insufficient_support,
Banco BS2,BANCO BS2,2,1,1,BRAZIL_CONFIRMED,1.0,skipped_insufficient_support,
Banco PAN,BANCO PAN,2,1,1,LANGUAGE_PORTUGUESE_MARKET,1.0,skipped_insufficient_support,
Banco Promerica Guatemala,BANCO PROMERICA GUATEMALA,2,1,1,LANGUAGE_PORTUGUESE_MARKET,1.0,skipped_insufficient_support,
Bankaool,BANKAOOL,2,1,1,LATAM_USD_CONFIRMED,1.0,skipped_insufficient_support,
Beach Bum,BEACH BUM,2,1,1,GLOBAL_OPPORTUNITY,1.0,skipped_insufficient_support,
Bee Engineering ICT,BEE ENGINEERING ICT,2,1,1,GLOBAL_OPPORTUNITY,1.0,skipped_insufficient_support,
BESTSECRET Group,BESTSECRET,2,1,1,GLOBAL_OPPORTUNITY,1.0,skipped_insufficient_support,
Bettermile,BETTERMILE,2,1,1,GLOBAL_OPPORTUNITY,1.0,skipped_insufficient_support,
Billie,BILLIE,2,1,1,GLOBAL_OPPORTUNITY,1.0,skipped_insufficient_support,
BMNS,BMNS,2,1,1,GLOBAL_OPPORTUNITY,1.0,skipped_insufficient_support,
Bosch Rexroth,BOSCH REXROTH,2,1,1,LANGUAGE_PORTUGUESE_MARKET,1.0,skipped_insufficient_support,
Bosonit,BOSONIT,2,1,1,GLOBAL_OPPORTUNITY,1.0,skipped_insufficient_support,
BredenMaster,BREDENMASTER,2,1,1,BRAZIL_CONFIRMED,1.0,skipped_insufficient_support,
Bridge & Co,BRIDGE & CO,2,1,1,LANGUAGE_PORTUGUESE_MARKET,1.0,skipped_insufficient_support,
Brightman. IT Recruiting Agency,BRIGHTMAN. IT RECRUITING AGENCY,2,1,1,GLOBAL_OPPORTUNITY,1.0,skipped_insufficient_support,
BSS Group,BSS,2,1,1,GLOBAL_OPPORTUNITY,1.0,skipped_insufficient_support,
Bullla,BULLLA,2,1,1,GLOBAL_OPPORTUNITY,1.0,skipped_insufficient_support,
C3 Engenharia & Soluções,C3 ENGENHARIA & SOLUÇÕES,2,1,1,BRAZIL_CONFIRMED,1.0,skipped_insufficient_support,
CaptivateIQ,CAPTIVATEIQ,2,1,1,GLOBAL_OPPORTUNITY,1.0,skipped_insufficient_support,
Cargill,CARGILL,2,1,1,LATAM_USD_CONFIRMED,1.0,skipped_insufficient_support,
CASH,CASH,2,1,1,LANGUAGE_PORTUGUESE_MARKET,1.0,skipped_insufficient_support,
Cayena,CAYENA,2,1,1,GLOBAL_OPPORTUNITY,1.0,skipped_insufficient_support,
Cecotec,CECOTEC,2,1,1,BRAZIL_CONFIRMED,1.0,skipped_insufficient_support,
Cisco,CISCO,2,1,1,GLOBAL_OPPORTUNITY,1.0,skipped_insufficient_support,
Clara,CLARA,2,1,1,GLOBAL_OPPORTUNITY,1.0,skipped_insufficient_support,
Clicksign,CLICKSIGN,2,1,1,LANGUAGE_PORTUGUESE_MARKET,1.0,skipped_insufficient_support,
COCUS,COCUS,2,1,1,GLOBAL_OPPORTUNITY,1.0,skipped_insufficient_support,
Conexa,CONEXA,2,1,1,GLOBAL_OPPORTUNITY,1.0,skipped_insufficient_support,
connexta,CONNEXTA,2,1,1,GLOBAL_OPPORTUNITY,1.0,skipped_insufficient_support,
Consultora Citrino,CONSULTORA CITRINO,2,1,1,LATAM_USD_CONFIRMED,1.0,skipped_insufficient_support,
CredAluga,CREDALUGA,2,1,1,BRAZIL_CONFIRMED,1.0,skipped_insufficient_support,
CUBE,CUBE,2,1,1,GLOBAL_OPPORTUNITY,1.0,skipped_insufficient_support,
CyberHULL,CYBERHULL,2,1,1,GLOBAL_OPPORTUNITY,1.0,skipped_insufficient_support,
Dadosfera,DADOSFERA,2,1,1,BRAZIL_CONFIRMED,1.0,skipped_insufficient_support,
Dadoteca,DADOTECA,2,1,1,BRAZIL_CONFIRMED,1.0,skipped_insufficient_support,
Daki,DAKI,2,1,1,BRAZIL_CONFIRMED,1.0,skipped_insufficient_support,
Datlo,DATLO,2,1,1,LANGUAGE_PORTUGUESE_MARKET,1.0,skipped_insufficient_support,
DB1 Group,DB1,2,1,1,GLOBAL_OPPORTUNITY,1.0,skipped_insufficient_support,
Deal,DEAL,2,1,1,GLOBAL_OPPORTUNITY,1.0,skipped_insufficient_support,
Descomplica,DESCOMPLICA,2,1,1,GLOBAL_OPPORTUNITY,1.0,skipped_insufficient_support,
Dito CRM,DITO CRM,2,1,1,BRAZIL_CONFIRMED,1.0,skipped_insufficient_support,
doc9,DOC9,2,1,1,LANGUAGE_PORTUGUESE_MARKET,1.0,skipped_insufficient_support,
Doctolib,DOCTOLIB,2,1,1,GLOBAL_OPPORTUNITY,1.0,skipped_insufficient_support,
E.ON Digital Technology,E.ON,2,1,1,GLOBAL_TECH,1.0,skipped_insufficient_support,
eleQtron GmbH,ELEQTRON,2,1,1,GLOBAL_OPPORTUNITY,1.0,skipped_insufficient_support,
Engenova Construções,ENGENOVA CONSTRUÇÕES,2,1,1,LANGUAGE_PORTUGUESE_MARKET,1.0,skipped_insufficient_support,
Escola Conquer,ESCOLA CONQUER,2,1,1,BRAZIL_CONFIRMED,1.0,skipped_insufficient_support,
EssilorLuxottica,ESSILORLUXOTTICA,2,1,1,GLOBAL_OPPORTUNITY,1.0,skipped_insufficient_support,
Evertec,EVERTEC,2,1,1,BRAZIL_CONFIRMED,1.0,skipped_insufficient_support,
Familhão,FAMILHÃO,2,1,1,GLOBAL_OPPORTUNITY,1.0,skipped_insufficient_support,
Fast Dolphin,FAST DOLPHIN,2,1,1,GLOBAL_OPPORTUNITY,1.0,skipped_insufficient_support,
Fetcherr,FETCHERR,2,1,1,GLOBAL_OPPORTUNITY,1.0,skipped_insufficient_support,
FIEMG,FIEMG,2,1,1,LANGUAGE_PORTUGUESE_MARKET,1.0,skipped_insufficient_support,
Finch | Simplificando o mundo jurídico,FINCH | SIMPLIFICANDO O MUNDO JURÍDICO,2,1,1,BRAZIL_CONFIRMED,1.0,skipped_insufficient_support,
FITZ,FITZ,2,1,1,GLOBAL_OPPORTUNITY,1.0,skipped_insufficient_support,
Flow,FLOW,2,1,1,LATAM_USD_CONFIRMED,1.0,skipped_insufficient_support,
Friedman,FRIEDMAN,2,1,1,LANGUAGE_PORTUGUESE_MARKET,1.0,skipped_insufficient_support,
Gallagher,GALLAGHER,2,1,1,LATAM_USD_CONFIRMED,1.0,skipped_insufficient_support,
"GBT Solutions, Lda","GBT , LDA",2,1,1,GLOBAL_OPPORTUNITY,1.0,skipped_insufficient_support,
GCB Investimentos,GCB INVESTIMENTOS,2,1,1,BRAZIL_CONFIRMED,1.0,skipped_insufficient_support,
Gedanken - GCertifica,GEDANKEN - GCERTIFICA,2,1,1,BRAZIL_CONFIRMED,1.0,skipped_insufficient_support,
General Motors South America,GENERAL MOTORS SOUTH AMERICA,2,1,1,BRAZIL_CONFIRMED,1.0,skipped_insufficient_support,
Gigs,GIGS,2,1,1,GLOBAL_OPPORTUNITY,1.0,skipped_insufficient_support,
Growdev,GROWDEV,2,1,1,LANGUAGE_PORTUGUESE_MARKET,1.0,skipped_insufficient_support,
Grupo AG,GRUPO,2,1,1,LATAM_USD_CONFIRMED,1.0,skipped_insufficient_support,
Grupo Barigui,GRUPO BARIGUI,2,1,1,LANGUAGE_PORTUGUESE_MARKET,1.0,skipped_insufficient_support,
Grupo Bio Holding,GRUPO BIO,2,1,1,LANGUAGE_PORTUGUESE_MARKET,1.0,skipped_insufficient_support,
Grupo Bolt,GRUPO BOLT,2,1,1,GLOBAL_OPPORTUNITY,1.0,skipped_insufficient_support,
Grupo AG Capital,GRUPO CAPITAL,2,1,1,LANGUAGE_PORTUGUESE_MARKET,1.0,skipped_insufficient_support,
Grupo Cindapa,GRUPO CINDAPA,2,1,1,BRAZIL_CONFIRMED,1.0,skipped_insufficient_support,
Grupo Multilaser,GRUPO MULTILASER,2,1,1,GLOBAL_OPPORTUNITY,1.0,skipped_insufficient_support,
Grupo Orbenk,GRUPO ORBENK,2,1,1,BRAZIL_CONFIRMED,1.0,skipped_insufficient_support,
Grupo Solução & Cia,GRUPO SOLUÇÃO & CIA,2,1,1,BRAZIL_CONFIRMED,1.0,skipped_insufficient_support,
Grupo Terra Firme,GRUPO TERRA FIRME,2,1,1,BRAZIL_CONFIRMED,1.0,skipped_insufficient_support,
Gummy Original,GUMMY ORIGINAL,2,1,1,LANGUAGE_PORTUGUESE_MARKET,1.0,skipped_insufficient_support,
HealthBit | Inteligência em Saúde,HEALTHBIT | INTELIGÊNCIA EM SAÚDE,2,1,1,LANGUAGE_PORTUGUESE_MARKET,1.0,skipped_insufficient_support,
HVAR Consulting,HVAR,2,1,1,GLOBAL_CONSULTING,1.0,skipped_insufficient_support,
Ikatec,IKATEC,2,1,1,LANGUAGE_PORTUGUESE_MARKET,1.0,skipped_insufficient_support,
IKONS Ibérica,IKONS IBÉRICA,2,1,1,GLOBAL_OPPORTUNITY,1.0,skipped_insufficient_support,
Inchcape Américas,INCHCAPE AMÉRICAS,2,1,1,LANGUAGE_PORTUGUESE_MARKET,1.0,skipped_insufficient_support,
Independiente (freelance),INDEPENDIENTE (FREELANCE),2,1,1,GLOBAL_OPPORTUNITY,1.0,skipped_insufficient_support,
Influur,INFLUUR,2,1,1,BRAZIL_CONFIRMED,1.0,skipped_insufficient_support,
InfoPrice,INFOPRICE,2,1,1,LANGUAGE_PORTUGUESE_MARKET,1.0,skipped_insufficient_support,
Infraspeak,INFRASPEAK,2,1,1,LATAM_USD_CONFIRMED,1.0,skipped_insufficient_support,
InSync Jobs,INSYNC JOBS,2,1,1,GLOBAL_OPPORTUNITY,1.0,skipped_insufficient_support,
IntelliPro,INTELLIPRO,2,1,1,GLOBAL_OPPORTUNITY,1.0,skipped_insufficient_support,
International Rescue Committee,INTERNATIONAL RESCUE COMMITTEE,2,1,1,GLOBAL_OPPORTUNITY,1.0,skipped_insufficient_support,
Intone Networks Inc,INTONE NETWORKS,2,1,1,GLOBAL_OPPORTUNITY,1.0,skipped_insufficient_support,
IonQ,IONQ,2,1,1,GLOBAL_OPPORTUNITY,1.0,skipped_insufficient_support,
Johnson & Johnson,JOHNSON & JOHNSON,2,1,1,GLOBAL_OPPORTUNITY,1.0,skipped_insufficient_support,
Jornada de Dados,JORNADA DE DADOS,2,1,1,BRAZIL_CONFIRMED,1.0,skipped_insufficient_support,
knowmad mood,KNOWMAD MOOD,2,1,1,GLOBAL_OPPORTUNITY,1.0,skipped_insufficient_support,
Koda Staff,KODA STAFF,2,1,1,GLOBAL_OPPORTUNITY,1.0,skipped_insufficient_support,
Kyndryl,KYNDRYL,2,1,1,GLOBAL_OPPORTUNITY,1.0,skipped_insufficient_support,
Lovas IT,LOVAS IT,2,1,1,GLOBAL_OPPORTUNITY,1.0,skipped_insufficient_support,
MadeinWeb,MADEINWEB,2,1,1,GLOBAL_OPPORTUNITY,1.0,skipped_insufficient_support,
Mercado Bitcoin,MERCADO BITCOIN,2,1,1,GLOBAL_OPPORTUNITY,1.0,skipped_insufficient_support,
Mignow,MIGNOW,2,1,1,GLOBAL_OPPORTUNITY,1.0,skipped_insufficient_support,
Monest,MONEST,2,1,1,LANGUAGE_PORTUGUESE_MARKET,1.0,skipped_insufficient_support,
Mottu,MOTTU,2,1,1,BRAZIL_CONFIRMED,1.0,skipped_insufficient_support,
Multiplica,MULTIPLICA,2,1,1,GLOBAL_OPPORTUNITY,1.0,skipped_insufficient_support,
Nitka,NITKA,2,1,1,GLOBAL_OPPORTUNITY,1.0,skipped_insufficient_support,
Nova Ltd,NOVA,2,1,1,GLOBAL_OPPORTUNITY,1.0,skipped_insufficient_support,
Núclea,NÚCLEA,2,1,1,LANGUAGE_PORTUGUESE_MARKET,1.0,skipped_insufficient_support,
Omie,OMIE,2,1,1,GLOBAL_OPPORTUNITY,1.0,skipped_insufficient_support,
OmniChat,OMNICHAT,2,1,1,LANGUAGE_PORTUGUESE_MARKET,1.0,skipped_insufficient_support,
OneSource Consulting,ONESOURCE,2,1,1,GLOBAL_CONSULTING,1.0,skipped_insufficient_support,
Optum,OPTUM,2,1,1,EUROPE_CONFIRMED,1.0,skipped_insufficient_support,
Ortobom,ORTOBOM,2,1,1,LANGUAGE_PORTUGUESE_MARKET,1.0,skipped_insufficient_support,
OSPA,OSPA,2,1,1,LANGUAGE_PORTUGUESE_MARKET,1.0,skipped_insufficient_support,
Paraná Banco S/A,PARANÁ BANCO,2,1,1,BRAZIL_CONFIRMED,1.0,skipped_insufficient_support,
Pasquali Solution,PASQUALI SOLUTION,2,1,1,GLOBAL_OPPORTUNITY,1.0,skipped_insufficient_support,
Pearson,PEARSON,2,1,1,GLOBAL_OPPORTUNITY,1.0,skipped_insufficient_support,
Periferia IT Group,PERIFERIA IT,2,1,1,GLOBAL_OPPORTUNITY,1.0,skipped_insufficient_support,
Planet,PLANET,2,1,1,GLOBAL_OPPORTUNITY,1.0,skipped_insufficient_support,
PPRO,PPRO,2,1,1,GLOBAL_OPPORTUNITY,1.0,skipped_insufficient_support,
Procter & Gamble,PROCTER & GAMBLE,2,1,1,LATAM_USD_CONFIRMED,1.0,skipped_insufficient_support,
Prosigliere,PROSIGLIERE,2,1,1,GLOBAL_OPPORTUNITY,1.0,skipped_insufficient_support,
Qive,QIVE,2,1,1,GLOBAL_OPPORTUNITY,1.0,skipped_insufficient_support,
QPC Engenharia,QPC ENGENHARIA,2,1,1,LANGUAGE_PORTUGUESE_MARKET,1.0,skipped_insufficient_support,
RAFATELLA INVESTIMENTOS,RAFATELLA INVESTIMENTOS,2,1,1,LANGUAGE_PORTUGUESE_MARKET,1.0,skipped_insufficient_support,
RCI Latinoamérica,RCI LATINOAMÉRICA,2,1,1,LANGUAGE_PORTUGUESE_MARKET,1.0,skipped_insufficient_support,
Reclame AQUI,RECLAME AQUI,2,1,1,GLOBAL_OPPORTUNITY,1.0,skipped_insufficient_support,
RED Innovations,RED INNOVATIONS,2,1,1,LANGUAGE_PORTUGUESE_MARKET,1.0,skipped_insufficient_support,
Renault Group,RENAULT,2,1,1,BRAZIL_CONFIRMED,1.0,skipped_insufficient_support,
Resend,RESEND,2,1,1,GLOBAL_OPPORTUNITY,1.0,skipped_insufficient_support,
RHGestor By Sólides,RHGESTOR BY SÓLIDES,2,1,1,LANGUAGE_PORTUGUESE_MARKET,1.0,skipped_insufficient_support,
RM Gente e Gestão,RM GENTE E GESTÃO,2,1,1,LANGUAGE_PORTUGUESE_MARKET,1.0,skipped_insufficient_support,
Safeguard Global,SAFEGUARD,2,1,1,EUROPE_CONFIRMED,1.0,skipped_insufficient_support,
Safra,SAFRA,2,1,1,LANGUAGE_PORTUGUESE_MARKET,1.0,skipped_insufficient_support,
Savino Del Bene,SAVINO DEL BENE,2,1,1,SPAIN_EU_CONFIRMED,1.0,skipped_insufficient_support,
Schneider Electric,SCHNEIDER ELECTRIC,2,1,1,GLOBAL_OPPORTUNITY,1.0,skipped_insufficient_support,
Scotiabank,SCOTIABANK,2,1,1,GLOBAL_OPPORTUNITY,1.0,skipped_insufficient_support,
SCUBE,SCUBE,2,1,1,GLOBAL_OPPORTUNITY,1.0,skipped_insufficient_support,
Serena,SERENA,2,1,1,LANGUAGE_PORTUGUESE_MARKET,1.0,skipped_insufficient_support,
ServiceRocket,SERVICEROCKET,2,1,1,GLOBAL_OPPORTUNITY,1.0,skipped_insufficient_support,
Shape,SHAPE,2,1,1,GLOBAL_TECH,1.0,skipped_insufficient_support,
Shift,SHIFT,2,1,1,LANGUAGE_PORTUGUESE_MARKET,1.0,skipped_insufficient_support,
Smart Fit,SMART FIT,2,1,1,BRAZIL_CONFIRMED,1.0,skipped_insufficient_support,
Sotreq S/A,SOTREQ,2,1,1,LANGUAGE_PORTUGUESE_MARKET,1.0,skipped_insufficient_support,
SPRO,SPRO,2,1,1,GLOBAL_OPPORTUNITY,1.0,skipped_insufficient_support,
SquareDev,SQUAREDEV,2,1,1,GLOBAL_OPPORTUNITY,1.0,skipped_insufficient_support,
Standard Chartered,STANDARD CHARTERED,2,1,1,GLOBAL_OPPORTUNITY,1.0,skipped_insufficient_support,
TalentCross,TALENTCROSS,2,1,1,GLOBAL_OPPORTUNITY,1.0,skipped_insufficient_support,
talentsconnect Group,TALENTSCONNECT,2,1,1,GLOBAL_OPPORTUNITY,1.0,skipped_insufficient_support,
"Tanisha Systems, Inc",TANISHA SYSTEMS,2,1,1,GLOBAL_OPPORTUNITY,1.0,skipped_insufficient_support,
Tarmac.IO,TARMAC.IO,2,1,1,GLOBAL_OPPORTUNITY,1.0,skipped_insufficient_support,
Teachable,TEACHABLE,2,1,1,GLOBAL_OPPORTUNITY,1.0,skipped_insufficient_support,
Tekgence Inc,TEKGENCE,2,1,1,GLOBAL_OPPORTUNITY,1.0,skipped_insufficient_support,
Telespazio,TELESPAZIO,2,1,1,GLOBAL_OPPORTUNITY,1.0,skipped_insufficient_support,
Tintschl Unternehmensgruppe,TINTSCHL UNTERNEHMENSGRUPPE,2,1,1,GLOBAL_OPPORTUNITY,1.0,skipped_insufficient_support,
Unilever,UNILEVER,2,1,1,BRAZIL_CONFIRMED,1.0,skipped_insufficient_support,
Valor Real Empreendimentos,VALOR REAL EMPREENDIMENTOS,2,1,1,BRAZIL_CONFIRMED,1.0,skipped_insufficient_support,
Van Hyde International,VAN HYDE INTERNATIONAL,2,1,1,LATAM_USD_CONFIRMED,1.0,skipped_insufficient_support,
Veho,VEHO,2,1,1,GLOBAL_OPPORTUNITY,1.0,skipped_insufficient_support,
Verisure,VERISURE,2,1,1,LANGUAGE_PORTUGUESE_MARKET,1.0,skipped_insufficient_support,
Vontier,VONTIER,2,1,1,GLOBAL_OPPORTUNITY,1.0,skipped_insufficient_support,
Walmart de México y Centroamérica,WALMART DE MÉXICO Y CENTROAMÉRICA,2,1,1,GLOBAL_OPPORTUNITY,1.0,skipped_insufficient_support,
Webmotors,WEBMOTORS,2,1,1,LANGUAGE_PORTUGUESE_MARKET,1.0,skipped_insufficient_support,
XSite Segurança da Informação,XSITE SEGURANÇA DA INFORMAÇÃO,2,1,1,LANGUAGE_PORTUGUESE_MARKET,1.0,skipped_insufficient_support,
Zeta Dados,ZETA DADOS,2,1,1,BRAZIL_CONFIRMED,1.0,skipped_insufficient_support,
ZF Group,ZF,2,1,1,GLOBAL_OPPORTUNITY,1.0,skipped_insufficient_support,
Autônomo,AUTÔNOMO,13,7,6,LANGUAGE_PORTUGUESE_MARKET,0.5,skipped_mixed_evidence,
QuintoAndar,QUINTOANDAR,13,10,3,LANGUAGE_PORTUGUESE_MARKET,0.667,skipped_mixed_evidence,
Datum,DATUM,11,3,8,LANGUAGE_PORTUGUESE_MARKET,0.625,skipped_mixed_evidence,
Nortal,NORTAL,11,7,4,GLOBAL_OPPORTUNITY,0.5,skipped_mixed_evidence,
PetroReconcavo,PETRORECONCAVO,11,3,8,LANGUAGE_PORTUGUESE_MARKET,0.625,skipped_mixed_evidence,
Compass UOL,COMPASS UOL,10,4,6,BRAZIL_CONFIRMED,0.5,skipped_mixed_evidence,
DBC Company,DBC COMPANY,10,5,5,GLOBAL_OPPORTUNITY,0.4,skipped_mixed_evidence,
EloGroup,ELOGROUP,10,5,5,BRAZIL_CONFIRMED,0.4,skipped_mixed_evidence,
Lojas Renner S.A,LOJAS RENNER,10,6,4,GLOBAL_OPPORTUNITY,0.5,skipped_mixed_evidence,
Shopee,SHOPEE,10,6,4,LANGUAGE_PORTUGUESE_MARKET,0.5,skipped_mixed_evidence,
Aliare,ALIARE,9,2,7,LANGUAGE_PORTUGUESE_MARKET,0.429,skipped_mixed_evidence,
Arco Educação,ARCO EDUCAÇÃO,9,3,6,GLOBAL_OPPORTUNITY,0.667,skipped_mixed_evidence,
Cadastra,CADASTRA,9,4,5,BRAZIL_CONFIRMED,0.6,skipped_mixed_evidence,
banco BV,BANCO,8,4,4,LANGUAGE_PORTUGUESE_MARKET,0.5,skipped_mixed_evidence,
Natura,NATURA,8,4,4,BRAZIL_CONFIRMED,0.5,skipped_mixed_evidence,
Praxis,PRAXIS,8,1,7,GLOBAL_OPPORTUNITY,0.571,skipped_mixed_evidence,
SulAmérica,SULAMÉRICA,8,2,6,LANGUAGE_PORTUGUESE_MARKET,0.333,skipped_mixed_evidence,
TPC Logística Inteligente,TPC LOGÍSTICA INTELIGENTE,8,2,6,LANGUAGE_PORTUGUESE_MARKET,0.667,skipped_mixed_evidence,
AltoQi,ALTOQI,7,3,4,LANGUAGE_PORTUGUESE_MARKET,0.5,skipped_mixed_evidence,
Capco,CAPCO,7,4,3,GLOBAL_OPPORTUNITY,0.667,skipped_mixed_evidence,
Hotmart,HOTMART,7,4,3,GLOBAL_OPPORTUNITY,0.667,skipped_mixed_evidence,
Banco Bmg,BANCO BMG,6,3,3,BRAZIL_CONFIRMED,0.333,skipped_mixed_evidence,
Bracell,BRACELL,6,1,5,LANGUAGE_PORTUGUESE_MARKET,0.6,skipped_mixed_evidence,
Delfia,DELFIA,6,1,5,LANGUAGE_PORTUGUESE_MARKET,0.6,skipped_mixed_evidence,
Ipiranga,IPIRANGA,6,2,4,BRAZIL_CONFIRMED,0.5,skipped_mixed_evidence,
Jump,JUMP,6,1,5,BRAZIL_CONFIRMED,0.4,skipped_mixed_evidence,
Maxxi,MAXXI,6,2,4,GLOBAL_OPPORTUNITY,0.5,skipped_mixed_evidence,
Opah IT,OPAH IT,6,2,4,GLOBAL_OPPORTUNITY,0.5,skipped_mixed_evidence,
SAUTER,SAUTER,6,4,2,LANGUAGE_PORTUGUESE_MARKET,0.5,skipped_mixed_evidence,
Banco Carrefour,BANCO CARREFOUR,5,2,3,LANGUAGE_PORTUGUESE_MARKET,0.667,skipped_mixed_evidence,
BASF,BASF,5,2,3,GLOBAL_OPPORTUNITY,0.667,skipped_mixed_evidence,
Bayer,BAYER,5,3,2,LATAM_USD_CONFIRMED,0.5,skipped_mixed_evidence,
Cresol Cooperativa,CRESOL COOPERATIVA,5,1,4,BRAZIL_CONFIRMED,0.5,skipped_mixed_evidence,
CriticalRiver Inc,CRITICALRIVER,5,1,4,GLOBAL_OPPORTUNITY,0.5,skipped_mixed_evidence,
Equifax I BoaVista,EQUIFAX I BOAVISTA,5,3,2,GLOBAL_OPPORTUNITY,0.5,skipped_mixed_evidence,
Flash,FLASH,5,1,4,LANGUAGE_PORTUGUESE_MARKET,0.5,skipped_mixed_evidence,
GEP Worldwide,GEP WORLDWIDE,5,3,2,GLOBAL_OPPORTUNITY,0.5,skipped_mixed_evidence,
Getnet,GETNET,5,2,3,BRAZIL_CONFIRMED,0.667,skipped_mixed_evidence,
Haleon,HALEON,5,2,3,GLOBAL_OPPORTUNITY,0.667,skipped_mixed_evidence,
ilegra,ILEGRA,5,1,4,GLOBAL_OPPORTUNITY,0.5,skipped_mixed_evidence,
Oliver James,OLIVER JAMES,5,2,3,EUROPE_CONFIRMED,0.667,skipped_mixed_evidence,
Petlove,PETLOVE,5,1,4,LANGUAGE_PORTUGUESE_MARKET,0.5,skipped_mixed_evidence,
Pipefy,PIPEFY,5,3,2,GLOBAL_OPPORTUNITY,0.5,skipped_mixed_evidence,
QUALIFICAR TI,QUALIFICAR TI,5,1,4,GLOBAL_OPPORTUNITY,0.5,skipped_mixed_evidence,
Radix,RADIX,5,2,3,BRAZIL_CONFIRMED,0.667,skipped_mixed_evidence,
Self Employed,SELF EMPLOYED,5,3,2,GLOBAL_OPPORTUNITY,0.5,skipped_mixed_evidence,
Straumann Group,STRAUMANN,5,3,2,LATAM_USD_CONFIRMED,0.5,skipped_mixed_evidence,
WAYON IT Solutions,WAYON IT,5,2,3,GLOBAL_OPPORTUNITY,0.667,skipped_mixed_evidence,
YDUQS,YDUQS,5,1,4,LANGUAGE_PORTUGUESE_MARKET,0.5,skipped_mixed_evidence,
Afya,AFYA,4,1,3,LANGUAGE_PORTUGUESE_MARKET,0.667,skipped_mixed_evidence,
Avenue Code,AVENUE CODE,4,2,2,LANGUAGE_PORTUGUESE_MARKET,0.5,skipped_mixed_evidence,
Azion,AZION,4,1,3,GLOBAL_OPPORTUNITY,0.667,skipped_mixed_evidence,
Caveo,CAVEO,4,2,2,BRAZIL_CONFIRMED,0.5,skipped_mixed_evidence,
Compass.uol,COMPASS.UOL,4,1,3,LANGUAGE_PORTUGUESE_MARKET,0.333,skipped_mixed_evidence,
Deel,DEEL,4,2,2,BRAZIL_CONFIRMED,0.5,skipped_mixed_evidence,
Driva,DRIVA,4,1,3,GLOBAL_OPPORTUNITY,0.667,skipped_mixed_evidence,
EXAME,EXAME,4,2,2,GLOBAL_OPPORTUNITY,0.5,skipped_mixed_evidence,
First Decision,FIRST DECISION,4,1,3,LANGUAGE_PORTUGUESE_MARKET,0.667,skipped_mixed_evidence,
GlobalLogic,GLOBALLOGIC,4,1,3,GLOBAL_OPPORTUNITY,0.667,skipped_mixed_evidence,
Grupo Panvel,GRUPO PANVEL,4,1,3,LANGUAGE_PORTUGUESE_MARKET,0.667,skipped_mixed_evidence,
Grupo Vorp,GRUPO VORP,4,2,2,BRAZIL_CONFIRMED,0.5,skipped_mixed_evidence,
Infleet - Gestão de Frotas,INFLEET - GESTÃO DE FROTAS,4,2,2,GLOBAL_OPPORTUNITY,0.5,skipped_mixed_evidence,
MATH Group,MATH,4,2,2,BRAZIL_CONFIRMED,0.5,skipped_mixed_evidence,
Megalabs,MEGALABS,4,1,3,LATAM_USD_CONFIRMED,0.667,skipped_mixed_evidence,
Minerva Foods,MINERVA FOODS,4,1,3,BRAZIL_CONFIRMED,0.667,skipped_mixed_evidence,
Mirante Tecnologia,MIRANTE TECNOLOGIA,4,1,3,GLOBAL_OPPORTUNITY,0.667,skipped_mixed_evidence,
PepsiCo,PEPSICO,4,2,2,LATAM_USD_CONFIRMED,0.5,skipped_mixed_evidence,
Petrobahia S.A,PETROBAHIA,4,2,2,LANGUAGE_PORTUGUESE_MARKET,0.5,skipped_mixed_evidence,
Positivo Tecnologia,POSITIVO TECNOLOGIA,4,2,2,LANGUAGE_PORTUGUESE_MARKET,0.5,skipped_mixed_evidence,
Reply,REPLY,4,2,2,GLOBAL_OPPORTUNITY,0.5,skipped_mixed_evidence,
Softplan,SOFTPLAN,4,2,2,BRAZIL_CONFIRMED,0.5,skipped_mixed_evidence,
Solar Coca-Cola,SOLAR COCA-COLA,4,1,3,BRAZIL_CONFIRMED,0.333,skipped_mixed_evidence,
Spassu,SPASSU,4,1,3,GLOBAL_OPPORTUNITY,0.667,skipped_mixed_evidence,
Syngenta,SYNGENTA,4,2,2,LATAM_USD_CONFIRMED,0.5,skipped_mixed_evidence,
SysMap Solutions,SYSMAP,4,1,3,BRAZIL_CONFIRMED,0.667,skipped_mixed_evidence,
Takeda,TAKEDA,4,2,2,GLOBAL_OPPORTUNITY,0.5,skipped_mixed_evidence,
TECLA,TECLA,4,2,2,GLOBAL_OPPORTUNITY,0.5,skipped_mixed_evidence,
Tigo Bolivia,TIGO BOLIVIA,4,1,3,LANGUAGE_PORTUGUESE_MARKET,0.667,skipped_mixed_evidence,
AA Euro Group,AA EURO,3,1,2,SPAIN_EU_CONFIRMED,0.5,skipped_mixed_evidence,
AlmapBBDO,ALMAPBBDO,3,1,2,LANGUAGE_PORTUGUESE_MARKET,0.5,skipped_mixed_evidence,
Autónomo,AUTÓNOMO,3,1,2,GLOBAL_OPPORTUNITY,0.5,skipped_mixed_evidence,
BM VAGAS,BM VAGAS,3,1,2,GLOBAL_OPPORTUNITY,0.5,skipped_mixed_evidence,
Clarios,CLARIOS,3,1,2,GLOBAL_OPPORTUNITY,0.5,skipped_mixed_evidence,
Dedalus,DEDALUS,3,1,2,GLOBAL_OPPORTUNITY,0.5,skipped_mixed_evidence,
e-Core,E-CORE,3,1,2,GLOBAL_OPPORTUNITY,0.5,skipped_mixed_evidence,
Empresa Confidencial,EMPRESA CONFIDENCIAL,3,1,2,GLOBAL_OPPORTUNITY,0.5,skipped_mixed_evidence,
Engemon Engenharia & Construção,ENGEMON ENGENHARIA & CONSTRUÇÃO,3,1,2,LANGUAGE_PORTUGUESE_MARKET,0.5,skipped_mixed_evidence,
frete.com,FRETE.COM,3,1,2,GLOBAL_OPPORTUNITY,0.5,skipped_mixed_evidence,
GOL Linhas Aéreas,GOL LINHAS AÉREAS,3,1,2,BRAZIL_CONFIRMED,0.5,skipped_mixed_evidence,
Grupo JCA,GRUPO JCA,3,1,2,LANGUAGE_PORTUGUESE_MARKET,0.5,skipped_mixed_evidence,
Grupo Petrópolis,GRUPO PETRÓPOLIS,3,1,2,BRAZIL_CONFIRMED,0.5,skipped_mixed_evidence,
GVC Soluções em Cobrança,GVC SOLUÇÕES EM COBRANÇA,3,1,2,BRAZIL_CONFIRMED,0.5,skipped_mixed_evidence,
Hand Talk by Sorenson,HAND TALK BY SORENSON,3,1,2,LANGUAGE_PORTUGUESE_MARKET,0.5,skipped_mixed_evidence,
Juvo,JUVO,3,1,2,LANGUAGE_PORTUGUESE_MARKET,0.5,skipped_mixed_evidence,
Mobi2buy,MOBI2BUY,3,1,2,GLOBAL_OPPORTUNITY,0.5,skipped_mixed_evidence,
Montreal Oficial,MONTREAL OFICIAL,3,1,2,LANGUAGE_PORTUGUESE_MARKET,0.5,skipped_mixed_evidence,
Neodent,NEODENT,3,1,2,BRAZIL_CONFIRMED,0.5,skipped_mixed_evidence,
Portobello Grupo,PORTOBELLO GRUPO,3,1,2,LANGUAGE_PORTUGUESE_MARKET,0.5,skipped_mixed_evidence,
Rede D'Or São Luiz,REDE D'OR SÃO LUIZ,3,1,2,LANGUAGE_PORTUGUESE_MARKET,0.5,skipped_mixed_evidence,
Simpress,SIMPRESS,3,1,2,GLOBAL_OPPORTUNITY,0.5,skipped_mixed_evidence,
Smarthis,SMARTHIS,3,1,2,LANGUAGE_PORTUGUESE_MARKET,0.5,skipped_mixed_evidence,
VINCI Energies,VINCI ENERGIES,3,1,2,GLOBAL_OPPORTUNITY,0.5,skipped_mixed_evidence,
Volis,VOLIS,3,1,2,GLOBAL_OPPORTUNITY,0.5,skipped_mixed_evidence,
Yara International,YARA INTERNATIONAL,3,1,2,LATAM_USD_CONFIRMED,0.5,skipped_mixed_evidence,
Progressive Recruitment,PROGRESSIVE RECRUITMENT,5,5,0,,0.0,skipped_no_resolved_evidence,
Brunel,BRUNEL,4,4,0,,0.0,skipped_no_resolved_evidence,
Elevation,ELEVATION,4,4,0,,0.0,skipped_no_resolved_evidence,
Neon,NEON,4,4,0,,0.0,skipped_no_resolved_evidence,
The HEINEKEN Company,THE HEINEKEN COMPANY,4,4,0,,0.0,skipped_no_resolved_evidence,
Wellhub,WELLHUB,4,4,0,,0.0,skipped_no_resolved_evidence,
Advance Auto Parts,ADVANCE AUTO PARTS,3,3,0,,0.0,skipped_no_resolved_evidence,
Agibank,AGIBANK,3,3,0,,0.0,skipped_no_resolved_evidence,
"ANP - Agência Nacional do Petróleo, Gás Natural e Biocombustíveis","ANP - AGÊNCIA NACIONAL DO PETRÓLEO, GÁS NATURAL E BIOCOMBUSTÍVEIS",3,3,0,,0.0,skipped_no_resolved_evidence,
artevie group,ARTEVIE,3,3,0,,0.0,skipped_no_resolved_evidence,
AXS Logistiek,AXS LOGISTIEK,3,3,0,,0.0,skipped_no_resolved_evidence,
Caterpillar Inc,CATERPILLAR,3,3,0,,0.0,skipped_no_resolved_evidence,
Celonis,CELONIS,3,3,0,,0.0,skipped_no_resolved_evidence,
change,CHANGE,3,3,0,,0.0,skipped_no_resolved_evidence,
Fami Capital,FAMI CAPITAL,3,3,0,,0.0,skipped_no_resolved_evidence,
Gupy,GUPY,3,3,0,,0.0,skipped_no_resolved_evidence,
Intellias,INTELLIAS,3,3,0,,0.0,skipped_no_resolved_evidence,
Landeshauptstadt München,LANDESHAUPTSTADT MÜNCHEN,3,3,0,,0.0,skipped_no_resolved_evidence,
Quartile,QUARTILE,3,3,0,,0.0,skipped_no_resolved_evidence,
SOUTH SYSTEM,SOUTH SYSTEM,3,3,0,,0.0,skipped_no_resolved_evidence,
Staan,STAAN,3,3,0,,0.0,skipped_no_resolved_evidence,
Stadtwerke München GmbH,STADTWERKE MÜNCHEN,3,3,0,,0.0,skipped_no_resolved_evidence,
Talent Match,TALENT MATCH,3,3,0,,0.0,skipped_no_resolved_evidence,
Tergos,TERGOS,3,3,0,,0.0,skipped_no_resolved_evidence,
Visagio,VISAGIO,3,3,0,,0.0,skipped_no_resolved_evidence,
Xepelin,XEPELIN,3,3,0,,0.0,skipped_no_resolved_evidence,
A-Players,A-PLAYERS,2,2,0,,0.0,skipped_no_resolved_evidence,
ACTIEF Personalmanagement GmbH,ACTIEF PERSONALMANAGEMENT,2,2,0,,0.0,skipped_no_resolved_evidence,
Adium,ADIUM,2,2,0,,0.0,skipped_no_resolved_evidence,
ALOIA AEROSPACE INC,ALOIA AEROSPACE,2,2,0,,0.0,skipped_no_resolved_evidence,
Amoria Bond,AMORIA BOND,2,2,0,,0.0,skipped_no_resolved_evidence,
Ana Gaming,ANA GAMING,2,2,0,,0.0,skipped_no_resolved_evidence,
Apter,APTER,2,2,0,,0.0,skipped_no_resolved_evidence,
Ball Corporation,BALL,2,2,0,,0.0,skipped_no_resolved_evidence,
Beinex,BEINEX,2,2,0,,0.0,skipped_no_resolved_evidence,
Benner,BENNER,2,2,0,,0.0,skipped_no_resolved_evidence,
bet365,BET365,2,2,0,,0.0,skipped_no_resolved_evidence,
CACEIS,CACEIS,2,2,0,,0.0,skipped_no_resolved_evidence,
ClickHouse,CLICKHOUSE,2,2,0,,0.0,skipped_no_resolved_evidence,
Computer Futures,COMPUTER FUTURES,2,2,0,,0.0,skipped_no_resolved_evidence,
CPqD,CPQD,2,2,0,,0.0,skipped_no_resolved_evidence,
E-IT,E-IT,2,2,0,,0.0,skipped_no_resolved_evidence,
Elevation Partners,ELEVATION PARTNERS,2,2,0,,0.0,skipped_no_resolved_evidence,
Empacar S.A,EMPACAR,2,2,0,,0.0,skipped_no_resolved_evidence,
Equinix,EQUINIX,2,2,0,,0.0,skipped_no_resolved_evidence,
Essbio,ESSBIO,2,2,0,,0.0,skipped_no_resolved_evidence,
Etteplan,ETTEPLAN,2,2,0,,0.0,skipped_no_resolved_evidence,
F1RST Tecnologia,F1RST TECNOLOGIA,2,2,0,,0.0,skipped_no_resolved_evidence,
Fadel Transportes e Logística,FADEL TRANSPORTES E LOGÍSTICA,2,2,0,,0.0,skipped_no_resolved_evidence,
Falconi,FALCONI,2,2,0,,0.0,skipped_no_resolved_evidence,
FALKEN Group Personalberatung GmbH,FALKEN PERSONALBERATUNG,2,2,0,,0.0,skipped_no_resolved_evidence,
FALKENHERZ Group,FALKENHERZ,2,2,0,,0.0,skipped_no_resolved_evidence,
FICO,FICO,2,2,0,,0.0,skipped_no_resolved_evidence,
Forward,FORWARD,2,2,0,,0.0,skipped_no_resolved_evidence,
FYGI,FYGI,2,2,0,,0.0,skipped_no_resolved_evidence,
GM Financial,GM FINANCIAL,2,2,0,,0.0,skipped_no_resolved_evidence,
GP JOULE Gruppe,GP JOULE GRUPPE,2,2,0,,0.0,skipped_no_resolved_evidence,
Graphite,GRAPHITE,2,2,0,,0.0,skipped_no_resolved_evidence,
Gravitas Recruitment Group (Global) Ltd,GRAVITAS RECRUITMENT (),2,2,0,,0.0,skipped_no_resolved_evidence,
Grupo 3corações,GRUPO 3CORAÇÕES,2,2,0,,0.0,skipped_no_resolved_evidence,
Horatio,HORATIO,2,2,0,,0.0,skipped_no_resolved_evidence,
HR Path,HR PATH,2,2,0,,0.0,skipped_no_resolved_evidence,
HRA Solutions,HRA,2,2,0,,0.0,skipped_no_resolved_evidence,
HSystem,HSYSTEM,2,2,0,,0.0,skipped_no_resolved_evidence,
hub xp,HUB XP,2,2,0,,0.0,skipped_no_resolved_evidence,
IBGE,IBGE,2,2,0,,0.0,skipped_no_resolved_evidence,
Imperial Brands PLC,IMPERIAL BRANDS,2,2,0,,0.0,skipped_no_resolved_evidence,
Infinite Computer Solutions,INFINITE COMPUTER,2,2,0,,0.0,skipped_no_resolved_evidence,
Innova-tsn,INNOVA-TSN,2,2,0,,0.0,skipped_no_resolved_evidence,
Investigo,INVESTIGO,2,2,0,,0.0,skipped_no_resolved_evidence,
Justos,JUSTOS,2,2,0,,0.0,skipped_no_resolved_evidence,
Kanastra,KANASTRA,2,2,0,,0.0,skipped_no_resolved_evidence,
KIS Solutions,KIS,2,2,0,,0.0,skipped_no_resolved_evidence,
Klanik,KLANIK,2,2,0,,0.0,skipped_no_resolved_evidence,
Kuehne+Nagel,KUEHNE+NAGEL,2,2,0,,0.0,skipped_no_resolved_evidence,
Luby,LUBY,2,2,0,,0.0,skipped_no_resolved_evidence,
LYNK Human Capital,LYNK HUMAN CAPITAL,2,2,0,,0.0,skipped_no_resolved_evidence,
Magnit Global,MAGNIT,2,2,0,,0.0,skipped_no_resolved_evidence,
MARS Solutions Group,MARS,2,2,0,,0.0,skipped_no_resolved_evidence,
Mycon,MYCON,2,2,0,,0.0,skipped_no_resolved_evidence,
N-iX,N-IX,2,2,0,,0.0,skipped_no_resolved_evidence,
Nexer Enterprise Applications,NEXER ENTERPRISE APPLICATIONS,2,2,0,,0.0,skipped_no_resolved_evidence,
Nomad,NOMAD,2,2,0,,0.0,skipped_no_resolved_evidence,
Nortrez,NORTREZ,2,2,0,,0.0,skipped_no_resolved_evidence,
Novacomp,NOVACOMP,2,2,0,,0.0,skipped_no_resolved_evidence,
Novartis,NOVARTIS,2,2,0,,0.0,skipped_no_resolved_evidence,
NVB Innovation Business,NVB INNOVATION BUSINESS,2,2,0,,0.0,skipped_no_resolved_evidence,
OPmobility,OPMOBILITY,2,2,0,,0.0,skipped_no_resolved_evidence,
Palantec GmbH,PALANTEC,2,2,0,,0.0,skipped_no_resolved_evidence,
Peak One GmbH,PEAK ONE,2,2,0,,0.0,skipped_no_resolved_evidence,
Phiture,PHITURE,2,2,0,,0.0,skipped_no_resolved_evidence,
Prefeitura de Cubatão,PREFEITURA DE CUBATÃO,2,2,0,,0.0,skipped_no_resolved_evidence,
PRIMAPRIX,PRIMAPRIX,2,2,0,,0.0,skipped_no_resolved_evidence,
Pythian,PYTHIAN,2,2,0,,0.0,skipped_no_resolved_evidence,
QSOFT,QSOFT,2,2,0,,0.0,skipped_no_resolved_evidence,
RecargaPay,RECARGAPAY,2,2,0,,0.0,skipped_no_resolved_evidence,
ResourceTree Global Services,RESOURCETREE,2,2,0,,0.0,skipped_no_resolved_evidence,
Riverstate Premium Recruiting,RIVERSTATE PREMIUM RECRUITING,2,2,0,,0.0,skipped_no_resolved_evidence,
Roche,ROCHE,2,2,0,,0.0,skipped_no_resolved_evidence,
Sanofi,SANOFI,2,2,0,,0.0,skipped_no_resolved_evidence,
SiDi,SIDI,2,2,0,,0.0,skipped_no_resolved_evidence,
SNGULAR,SNGULAR,2,2,0,,0.0,skipped_no_resolved_evidence,
Sofist,SOFIST,2,2,0,,0.0,skipped_no_resolved_evidence,
Softys,SOFTYS,2,2,0,,0.0,skipped_no_resolved_evidence,
Sparkassen-Personalberatung GmbH,SPARKASSEN-PERSONALBERATUNG,2,2,0,,0.0,skipped_no_resolved_evidence,
Splash,SPLASH,2,2,0,,0.0,skipped_no_resolved_evidence,
SUBSCRIBE,SUBSCRIBE,2,2,0,,0.0,skipped_no_resolved_evidence,
Swap,SWAP,2,2,0,,0.0,skipped_no_resolved_evidence,
Talention,TALENTION,2,2,0,,0.0,skipped_no_resolved_evidence,
TECNOMEC ENGINEERING SRL,TECNOMEC ENGINEERING SRL,2,2,0,,0.0,skipped_no_resolved_evidence,
Tenth Revolution Group,TENTH REVOLUTION,2,2,0,,0.0,skipped_no_resolved_evidence,
TikTok,TIKTOK,2,2,0,,0.0,skipped_no_resolved_evidence,
TimePartner Personalmanagement GmbH,TIMEPARTNER PERSONALMANAGEMENT,2,2,0,,0.0,skipped_no_resolved_evidence,
Trillia,TRILLIA,2,2,0,,0.0,skipped_no_resolved_evidence,
Uncover,UNCOVER,2,2,0,,0.0,skipped_no_resolved_evidence,
Volvo Group,VOLVO,2,2,0,,0.0,skipped_no_resolved_evidence,
Weatherford,WEATHERFORD,2,2,0,,0.0,skipped_no_resolved_evidence,
Wilson Sons,WILSON SONS,2,2,0,,0.0,skipped_no_resolved_evidence,
Zenika,ZENIKA,2,2,0,,0.0,skipped_no_resolved_evidence,
Zensy,ZENSY,2,2,0,,0.0,skipped_no_resolved_evidence,
"""Uzbek Industrial and Construction Bank"" JSCB","""UZBEK INDUSTRIAL AND CONSTRUCTION BANK"" JSCB",1,1,0,,0.0,skipped_no_resolved_evidence,
#ONO (Open to New Opportunities),#ONO (OPEN TO NEW OPPORTUNITIES),1,1,0,,0.0,skipped_no_resolved_evidence,
&V Recruitment,&V RECRUITMENT,1,1,0,,0.0,skipped_no_resolved_evidence,
(GSH) Grupo Soluciones Horizonte,(GSH) GRUPO SOLUCIONES HORIZONTE,1,1,0,,0.0,skipped_no_resolved_evidence,
++hellohello,++HELLOHELLO,1,1,0,,0.0,skipped_no_resolved_evidence,
+A Educação,+A EDUCAÇÃO,1,1,0,,0.0,skipped_no_resolved_evidence,
200DEV,200DEV,1,1,0,,0.0,skipped_no_resolved_evidence,
2a Vara civil do Foro da Comarca de Canela,2A VARA CIVIL DO FORO DA COMARCA DE CANELA,1,1,0,,0.0,skipped_no_resolved_evidence,
4zOOm - Business Solution,4ZOOM - BUSINESS SOLUTION,1,1,0,,0.0,skipped_no_resolved_evidence,
500 Designs,500 DESIGNS,1,1,0,,0.0,skipped_no_resolved_evidence,
7-Eleven,7-ELEVEN,1,1,0,,0.0,skipped_no_resolved_evidence,
@Hyatt Ziva Madeira Resort Spa & Marina,@HYATT ZIVA MADEIRA RESORT & MARINA,1,1,0,,0.0,skipped_no_resolved_evidence,
A.P. Moller - Maersk,A.P. MOLLER - MAERSK,1,1,0,,0.0,skipped_no_resolved_evidence,
Aarin,AARIN,1,1,0,,0.0,skipped_no_resolved_evidence,
Aarohaan Sales and Services,AAROHAAN SALES AND,1,1,0,,0.0,skipped_no_resolved_evidence,
Aays,AAYS,1,1,0,,0.0,skipped_no_resolved_evidence,
AB Mauri Uruguay (Fleischmann - Terry),AB MAURI URUGUAY (FLEISCHMANN - TERRY),1,1,0,,0.0,skipped_no_resolved_evidence,
Abbott,ABBOTT,1,1,0,,0.0,skipped_no_resolved_evidence,
Abercrombie & Fitch Co,ABERCROMBIE & FITCH CO,1,1,0,,0.0,skipped_no_resolved_evidence,
Abradi,ABRADI,1,1,0,,0.0,skipped_no_resolved_evidence,
abtis,ABTIS,1,1,0,,0.0,skipped_no_resolved_evidence,
Academia do Dev,ACADEMIA DO DEV,1,1,0,,0.0,skipped_no_resolved_evidence,
Academia RH+,ACADEMIA RH+,1,1,0,,0.0,skipped_no_resolved_evidence,
Accelerant,ACCELERANT,1,1,0,,0.0,skipped_no_resolved_evidence,
Access Bank Plc,ACCESS BANK,1,1,0,,0.0,skipped_no_resolved_evidence,
Achs Seguro Laboral,ACHS SEGURO LABORAL,1,1,0,,0.0,skipped_no_resolved_evidence,
Active Recruitment SEN Ltd,ACTIVE RECRUITMENT SEN,1,1,0,,0.0,skipped_no_resolved_evidence,
Activo.uy,ACTIVO.UY,1,1,0,,0.0,skipped_no_resolved_evidence,
Adalab,ADALAB,1,1,0,,0.0,skipped_no_resolved_evidence,
adaption,ADAPTION,1,1,0,,0.0,skipped_no_resolved_evidence,
Adastra,ADASTRA,1,1,0,,0.0,skipped_no_resolved_evidence,
Addepto,ADDEPTO,1,1,0,,0.0,skipped_no_resolved_evidence,
Aden,ADEN,1,1,0,,0.0,skipped_no_resolved_evidence,
adepara,ADEPARA,1,1,0,,0.0,skipped_no_resolved_evidence,
Adm Moveis E Design,ADM MOVEIS E DESIGN,1,1,0,,0.0,skipped_no_resolved_evidence,
ADMIRAL Group,ADMIRAL,1,1,0,,0.0,skipped_no_resolved_evidence,
adorsys,ADORSYS,1,1,0,,0.0,skipped_no_resolved_evidence,
ADVANCED SCHEMA,ADVANCED SCHEMA,1,1,0,,0.0,skipped_no_resolved_evidence,
Adylog S.A.S,ADYLOG,1,1,0,,0.0,skipped_no_resolved_evidence,
Adão Imóveis,ADÃO IMÓVEIS,1,1,0,,0.0,skipped_no_resolved_evidence,
AE Talents Group Inc,AE TALENTS,1,1,0,,0.0,skipped_no_resolved_evidence,
Aegro,AEGRO,1,1,0,,0.0,skipped_no_resolved_evidence,
AEP Talento,AEP TALENTO,1,1,0,,0.0,skipped_no_resolved_evidence,
Aerospace,AEROSPACE,1,1,0,,0.0,skipped_no_resolved_evidence,
Afriam International,AFRIAM INTERNATIONAL,1,1,0,,0.0,skipped_no_resolved_evidence,
Agape Group,AGAPE,1,1,0,,0.0,skipped_no_resolved_evidence,
Agile Inc,AGILE,1,1,0,,0.0,skipped_no_resolved_evidence,
Agile Lab,AGILE LAB,1,1,0,,0.0,skipped_no_resolved_evidence,
AGL Solutions,AGL,1,1,0,,0.0,skipped_no_resolved_evidence,
Agro Pitangueira,AGRO PITANGUEIRA,1,1,0,,0.0,skipped_no_resolved_evidence,
Agência LK,AGÊNCIA LK,1,1,0,,0.0,skipped_no_resolved_evidence,
Ajuntament de Palma,AJUNTAMENT DE PALMA,1,1,0,,0.0,skipped_no_resolved_evidence,
AK Business Intelligence LLC,AK BUSINESS INTELLIGENCE,1,1,0,,0.0,skipped_no_resolved_evidence,
Akad Seguros,AKAD SEGUROS,1,1,0,,0.0,skipped_no_resolved_evidence,
AkzoNobel,AKZONOBEL,1,1,0,,0.0,skipped_no_resolved_evidence,
Albert Heijn,ALBERT HEIJN,1,1,0,,0.0,skipped_no_resolved_evidence,
Aldeas Infantiles SOS Bolivia,ALDEAS INFANTILES SOS BOLIVIA,1,1,0,,0.0,skipped_no_resolved_evidence,
Alerta Médica,ALERTA MÉDICA,1,1,0,,0.0,skipped_no_resolved_evidence,
Alexander Thamm [at],ALEXANDER THAMM [AT],1,1,0,,0.0,skipped_no_resolved_evidence,
AlfaPeople,ALFAPEOPLE,1,1,0,,0.0,skipped_no_resolved_evidence,
Alga,ALGA,1,1,0,,0.0,skipped_no_resolved_evidence,
Algo,ALGO,1,1,0,,0.0,skipped_no_resolved_evidence,
ALGORTA S.A,ALGORTA,1,1,0,,0.0,skipped_no_resolved_evidence,
Algoworks,ALGOWORKS,1,1,0,,0.0,skipped_no_resolved_evidence,
Alimentos Bloxom,ALIMENTOS BLOXOM,1,1,0,,0.0,skipped_no_resolved_evidence,
Alium,ALIUM,1,1,0,,0.0,skipped_no_resolved_evidence,
Allgemeine Rentenanstalt Pensionskasse,ALLGEMEINE RENTENANSTALT PENSIONSKASSE,1,1,0,,0.0,skipped_no_resolved_evidence,
Alliance Instalaciones y Mantenimientos,ALLIANCE INSTALACIONES Y MANTENIMIENTOS,1,1,0,,0.0,skipped_no_resolved_evidence,
Alliant Insurance Services,ALLIANT INSURANCE,1,1,0,,0.0,skipped_no_resolved_evidence,
Allo Bank,ALLO BANK,1,1,0,,0.0,skipped_no_resolved_evidence,
ALLPS,ALLPS,1,1,0,,0.0,skipped_no_resolved_evidence,
Allshore Talent,ALLSHORE TALENT,1,1,0,,0.0,skipped_no_resolved_evidence,
Aloft Hotels,ALOFT HOTELS,1,1,0,,0.0,skipped_no_resolved_evidence,
Alpha Only KLG,ALPHA ONLY KLG,1,1,0,,0.0,skipped_no_resolved_evidence,
AlphaLit,ALPHALIT,1,1,0,,0.0,skipped_no_resolved_evidence,
AlphaSkill,ALPHASKILL,1,1,0,,0.0,skipped_no_resolved_evidence,
alt.bank,ALT.BANK,1,1,0,,0.0,skipped_no_resolved_evidence,
ALTAVE,ALTAVE,1,1,0,,0.0,skipped_no_resolved_evidence,
Altus Engineering,ALTUS ENGINEERING,1,1,0,,0.0,skipped_no_resolved_evidence,
Alume,ALUME,1,1,0,,0.0,skipped_no_resolved_evidence,
Alvoar Lácteos,ALVOAR LÁCTEOS,1,1,0,,0.0,skipped_no_resolved_evidence,
ambass GmbH,AMBASS,1,1,0,,0.0,skipped_no_resolved_evidence,
Ambipar,AMBIPAR,1,1,0,,0.0,skipped_no_resolved_evidence,
Amdocs,AMDOCS,1,1,0,,0.0,skipped_no_resolved_evidence,
Amefruits,AMEFRUITS,1,1,0,,0.0,skipped_no_resolved_evidence,
American Association of Exporters and Importers (AAEI),AMERICAN ASSOCIATION OF EXPORTERS AND IMPORTERS (AAEI),1,1,0,,0.0,skipped_no_resolved_evidence,
American Red Cross,AMERICAN RED CROSS,1,1,0,,0.0,skipped_no_resolved_evidence,
Amgen,AMGEN,1,1,0,,0.0,skipped_no_resolved_evidence,
Amherst,AMHERST,1,1,0,,0.0,skipped_no_resolved_evidence,
Amicar,AMICAR,1,1,0,,0.0,skipped_no_resolved_evidence,
Amigo Cuida,AMIGO CUIDA,1,1,0,,0.0,skipped_no_resolved_evidence,
Amil,AMIL,1,1,0,,0.0,skipped_no_resolved_evidence,
AMKmotion GmbH + Co KG,AMKMOTION + CO,1,1,0,,0.0,skipped_no_resolved_evidence,
Amoreza,AMOREZA,1,1,0,,0.0,skipped_no_resolved_evidence,
Amorix Alimentos,AMORIX ALIMENTOS,1,1,0,,0.0,skipped_no_resolved_evidence,
Amplitude Recursos Humanos,AMPLITUDE RECURSOS HUMANOS,1,1,0,,0.0,skipped_no_resolved_evidence,
AmSpec Group,AMSPEC,1,1,0,,0.0,skipped_no_resolved_evidence,
Analítica Soluções Inovadoras,ANALÍTICA SOLUÇÕES INOVADORAS,1,1,0,,0.0,skipped_no_resolved_evidence,
Ancar,ANCAR,1,1,0,,0.0,skipped_no_resolved_evidence,
Anhanguera Educacional,ANHANGUERA EDUCACIONAL,1,1,0,,0.0,skipped_no_resolved_evidence,
"Anitec - Associação Nacional de Inovação, Trabalho e Educação Corporativa","ANITEC - ASSOCIAÇÃO NACIONAL DE INOVAÇÃO, TRABALHO E EDUCAÇÃO CORPORATIVA",1,1,0,,0.0,skipped_no_resolved_evidence,
ANWB,ANWB,1,1,0,,0.0,skipped_no_resolved_evidence,
Apex Global Mobility,APEX MOBILITY,1,1,0,,0.0,skipped_no_resolved_evidence,
Apex Resources Ltd,APEX RESOURCES,1,1,0,,0.0,skipped_no_resolved_evidence,
APOIO ACADEMIC,APOIO ACADEMIC,1,1,0,,0.0,skipped_no_resolved_evidence,
apoprojekt,APOPROJEKT,1,1,0,,0.0,skipped_no_resolved_evidence,
AppNation,APPNATION,1,1,0,,0.0,skipped_no_resolved_evidence,
Appning by Forvia,APPNING BY FORVIA,1,1,0,,0.0,skipped_no_resolved_evidence,
ApprovalMax,APPROVALMAX,1,1,0,,0.0,skipped_no_resolved_evidence,
Appzlogic,APPZLOGIC,1,1,0,,0.0,skipped_no_resolved_evidence,
APSCo,APSCO,1,1,0,,0.0,skipped_no_resolved_evidence,
Aptar,APTAR,1,1,0,,0.0,skipped_no_resolved_evidence,
Aptita,APTITA,1,1,0,,0.0,skipped_no_resolved_evidence,
"AQUA Information Systems, Inc",AQUA INFORMATION SYSTEMS,1,1,0,,0.0,skipped_no_resolved_evidence,
ARCA Mobility as a Service,ARCA MOBILITY AS A,1,1,0,,0.0,skipped_no_resolved_evidence,
Arcadea Group,ARCADEA,1,1,0,,0.0,skipped_no_resolved_evidence,
Arcadis,ARCADIS,1,1,0,,0.0,skipped_no_resolved_evidence,
Archer Daniels Midland Company,ARCHER DANIELS MIDLAND COMPANY,1,1,0,,0.0,skipped_no_resolved_evidence,
Archie Labs,ARCHIE LABS,1,1,0,,0.0,skipped_no_resolved_evidence,
Archive,ARCHIVE,1,1,0,,0.0,skipped_no_resolved_evidence,
ArcTouch,ARCTOUCH,1,1,0,,0.0,skipped_no_resolved_evidence,
Arena,ARENA,1,1,0,,0.0,skipped_no_resolved_evidence,
Arik Tekh LLC,ARIK TEKH,1,1,0,,0.0,skipped_no_resolved_evidence,
ARIMANY Selecció de Talent,ARIMANY SELECCIÓ DE TALENT,1,1,0,,0.0,skipped_no_resolved_evidence,
Arise Youth Support,ARISE YOUTH SUPPORT,1,1,0,,0.0,skipped_no_resolved_evidence,
ArkValue,ARKVALUE,1,1,0,,0.0,skipped_no_resolved_evidence,
Armajevale,ARMAJEVALE,1,1,0,,0.0,skipped_no_resolved_evidence,
Armenian Code Academy,ARMENIAN CODE ACADEMY,1,1,0,,0.0,skipped_no_resolved_evidence,
Arrow Electronics,ARROW ELECTRONICS,1,1,0,,0.0,skipped_no_resolved_evidence,
Arrows,ARROWS,1,1,0,,0.0,skipped_no_resolved_evidence,
"ARTE - Agência para a Reforma Tecnológica do Estado, IP","ARTE - AGÊNCIA PARA A REFORMA TECNOLÓGICA DO ESTADO, IP",1,1,0,,0.0,skipped_no_resolved_evidence,
ARTEMIS Augenkliniken und med. Versorgungszentren,ARTEMIS AUGENKLINIKEN UND MED. VERSORGUNGSZENTREN,1,1,0,,0.0,skipped_no_resolved_evidence,
Arvato,ARVATO,1,1,0,,0.0,skipped_no_resolved_evidence,
Ascentt,ASCENTT,1,1,0,,0.0,skipped_no_resolved_evidence,
"Aseguradora General, S.A",ASEGURADORA GENERAL,1,1,0,,0.0,skipped_no_resolved_evidence,
ASHRAE Brasília Student Branch,ASHRAE BRASÍLIA STUDENT BRANCH,1,1,0,,0.0,skipped_no_resolved_evidence,
Asian Bloom HR,ASIAN BLOOM HR,1,1,0,,0.0,skipped_no_resolved_evidence,
ASSA ABLOY Group,ASSA ABLOY,1,1,0,,0.0,skipped_no_resolved_evidence,
ASSERTIZE,ASSERTIZE,1,1,0,,0.0,skipped_no_resolved_evidence,
Assessoria RG,ASSESSORIA RG,1,1,0,,0.0,skipped_no_resolved_evidence,
Asset Locale,ASSET LOCALE,1,1,0,,0.0,skipped_no_resolved_evidence,
Asset Management,ASSET MANAGEMENT,1,1,0,,0.0,skipped_no_resolved_evidence,
Associacao Junior Achievement Do Rio Grande Do Sul,ASSOCIACAO JUNIOR ACHIEVEMENT DO RIO GRANDE DO SUL,1,1,0,,0.0,skipped_no_resolved_evidence,
Assurant,ASSURANT,1,1,0,,0.0,skipped_no_resolved_evidence,
AssureSoft,ASSURESOFT,1,1,0,,0.0,skipped_no_resolved_evidence,
astara,ASTARA,1,1,0,,0.0,skipped_no_resolved_evidence,
Astellas Pharma,ASTELLAS PHARMA,1,1,0,,0.0,skipped_no_resolved_evidence,
Astra Financial Indonesia,ASTRA FINANCIAL INDONESIA,1,1,0,,0.0,skipped_no_resolved_evidence,
Astrana Health,ASTRANA HEALTH,1,1,0,,0.0,skipped_no_resolved_evidence,
ATALIAN,ATALIAN,1,1,0,,0.0,skipped_no_resolved_evidence,
atelier TILIJA,ATELIER TILIJA,1,1,0,,0.0,skipped_no_resolved_evidence,
ATIVU Tecnologia | Gestão de Custos e Ativos de TI e Telecom,ATIVU TECNOLOGIA | GESTÃO DE CUSTOS E ATIVOS DE TI E TELECOM,1,1,0,,0.0,skipped_no_resolved_evidence,
Atlas Governance,ATLAS GOVERNANCE,1,1,0,,0.0,skipped_no_resolved_evidence,
Atlântico,ATLÂNTICO,1,1,0,,0.0,skipped_no_resolved_evidence,
Atmosera,ATMOSERA,1,1,0,,0.0,skipped_no_resolved_evidence,
Atomic Layer Deposition,ATOMIC LAYER DEPOSITION,1,1,0,,0.0,skipped_no_resolved_evidence,
Atruvia AG,ATRUVIA,1,1,0,,0.0,skipped_no_resolved_evidence,
Attach Group,ATTACH,1,1,0,,0.0,skipped_no_resolved_evidence,
AudioCodes,AUDIOCODES,1,1,0,,0.0,skipped_no_resolved_evidence,
Aulas particulares,AULAS PARTICULARES,1,1,0,,0.0,skipped_no_resolved_evidence,
Aurean Blue,AUREAN BLUE,1,1,0,,0.0,skipped_no_resolved_evidence,
Auria,AURIA,1,1,0,,0.0,skipped_no_resolved_evidence,
Auten Energy - Energia Compartilhada,AUTEN ENERGY - ENERGIA COMPARTILHADA,1,1,0,,0.0,skipped_no_resolved_evidence,
AVA Bioenergia,AVA BIOENERGIA,1,1,0,,0.0,skipped_no_resolved_evidence,
Avant Business Services,AVANT BUSINESS,1,1,0,,0.0,skipped_no_resolved_evidence,
Avanza,AVANZA,1,1,0,,0.0,skipped_no_resolved_evidence,
Aventa Solutions,AVENTA,1,1,0,,0.0,skipped_no_resolved_evidence,
Avenue,AVENUE,1,1,0,,0.0,skipped_no_resolved_evidence,
Avito,AVITO,1,1,0,,0.0,skipped_no_resolved_evidence,
Avvale,AVVALE,1,1,0,,0.0,skipped_no_resolved_evidence,
Awalé Resources,AWALÉ RESOURCES,1,1,0,,0.0,skipped_no_resolved_evidence,
AXA Global Business Services (AXA GBS),AXA BUSINESS (AXA GBS),1,1,0,,0.0,skipped_no_resolved_evidence,
Axial Structural Solutions,AXIAL STRUCTURAL,1,1,0,,0.0,skipped_no_resolved_evidence,
Axians,AXIANS,1,1,0,,0.0,skipped_no_resolved_evidence,
Axpo Group,AXPO,1,1,0,,0.0,skipped_no_resolved_evidence,
Azuris Company,AZURIS COMPANY,1,1,0,,0.0,skipped_no_resolved_evidence,
B&M Personalvermittlung,B&M PERSONALVERMITTLUNG,1,1,0,,0.0,skipped_no_resolved_evidence,
BAC Credomatic,BAC CREDOMATIC,1,1,0,,0.0,skipped_no_resolved_evidence,
BackpackingIT,BACKPACKINGIT,1,1,0,,0.0,skipped_no_resolved_evidence,
BAE Systems,BAE SYSTEMS,1,1,0,,0.0,skipped_no_resolved_evidence,
Baku Heritage Tours - DMC,BAKU HERITAGE TOURS - DMC,1,1,0,,0.0,skipped_no_resolved_evidence,
Balanz Uruguay,BALANZ URUGUAY,1,1,0,,0.0,skipped_no_resolved_evidence,
Banco de Seguros del Estado,BANCO DE SEGUROS DEL ESTADO,1,1,0,,0.0,skipped_no_resolved_evidence,
Banco del Sol,BANCO DEL SOL,1,1,0,,0.0,skipped_no_resolved_evidence,
Banco Internacional,BANCO INTERNACIONAL,1,1,0,,0.0,skipped_no_resolved_evidence,
Banco Rendimento,BANCO RENDIMENTO,1,1,0,,0.0,skipped_no_resolved_evidence,
Banco Sofisa S/A,BANCO SOFISA,1,1,0,,0.0,skipped_no_resolved_evidence,
Banff Lodging Company,BANFF LODGING COMPANY,1,1,0,,0.0,skipped_no_resolved_evidence,
Banistmo,BANISTMO,1,1,0,,0.0,skipped_no_resolved_evidence,
Bankhaus Metzler,BANKHAUS METZLER,1,1,0,,0.0,skipped_no_resolved_evidence,
Bankme,BANKME,1,1,0,,0.0,skipped_no_resolved_evidence,
Baril Advogados,BARIL ADVOGADOS,1,1,0,,0.0,skipped_no_resolved_evidence,
Bark.com,BARK.COM,1,1,0,,0.0,skipped_no_resolved_evidence,
BARMER,BARMER,1,1,0,,0.0,skipped_no_resolved_evidence,
barrahache,BARRAHACHE,1,1,0,,0.0,skipped_no_resolved_evidence,
Basecone,BASECONE,1,1,0,,0.0,skipped_no_resolved_evidence,
Basicfox,BASICFOX,1,1,0,,0.0,skipped_no_resolved_evidence,
Baterias Pioneiro,BATERIAS PIONEIRO,1,1,0,,0.0,skipped_no_resolved_evidence,
Bathildisheim e.V,BATHILDISHEIM E.V,1,1,0,,0.0,skipped_no_resolved_evidence,
Baugesellschaft Hanau GmbH,BAUGESELLSCHAFT HANAU,1,1,0,,0.0,skipped_no_resolved_evidence,
Bayes Esports,BAYES ESPORTS,1,1,0,,0.0,skipped_no_resolved_evidence,
BBC Carreira & RH,BBC CARREIRA & RH,1,1,0,,0.0,skipped_no_resolved_evidence,
BC Mentoria,BC MENTORIA,1,1,0,,0.0,skipped_no_resolved_evidence,
Be Intelligence,BE INTELLIGENCE,1,1,0,,0.0,skipped_no_resolved_evidence,
Beatriz Herdy,BEATRIZ HERDY,1,1,0,,0.0,skipped_no_resolved_evidence,
beecrowd,BEECROWD,1,1,0,,0.0,skipped_no_resolved_evidence,
beFesti,BEFESTI,1,1,0,,0.0,skipped_no_resolved_evidence,
Belastingdienst,BELASTINGDIENST,1,1,0,,0.0,skipped_no_resolved_evidence,
Bemobi,BEMOBI,1,1,0,,0.0,skipped_no_resolved_evidence,
Bending Spoons,BENDING SPOONS,1,1,0,,0.0,skipped_no_resolved_evidence,
BeNEX Akademie GmbH & Co. KG,BENEX AKADEMIE & CO,1,1,0,,0.0,skipped_no_resolved_evidence,
Berger Bau- und Industriebedarf GmbH,BERGER BAU- UND INDUSTRIEBEDARF,1,1,0,,0.0,skipped_no_resolved_evidence,
Bernoulli Educação,BERNOULLI EDUCAÇÃO,1,1,0,,0.0,skipped_no_resolved_evidence,
BeSmart Corp,BESMART,1,1,0,,0.0,skipped_no_resolved_evidence,
Better Collective,BETTER COLLECTIVE,1,1,0,,0.0,skipped_no_resolved_evidence,
Bi Smart,BI SMART,1,1,0,,0.0,skipped_no_resolved_evidence,
BI4ALL,BI4ALL,1,1,0,,0.0,skipped_no_resolved_evidence,
"BiDATiA, el poder del dato","BIDATIA, EL PODER DEL DATO",1,1,0,,0.0,skipped_no_resolved_evidence,
BIGSEO,BIGSEO,1,1,0,,0.0,skipped_no_resolved_evidence,
BIGZON,BIGZON,1,1,0,,0.0,skipped_no_resolved_evidence,
Bildungsreif,BILDUNGSREIF,1,1,0,,0.0,skipped_no_resolved_evidence,
Bind México,BIND MÉXICO,1,1,0,,0.0,skipped_no_resolved_evidence,
Birdie,BIRDIE,1,1,0,,0.0,skipped_no_resolved_evidence,
Bits&Cream,BITS&CREAM,1,1,0,,0.0,skipped_no_resolved_evidence,
Blackstraw,BLACKSTRAW,1,1,0,,0.0,skipped_no_resolved_evidence,
BlueCross & BlueShield de Uruguay,BLUECROSS & BLUESHIELD DE URUGUAY,1,1,0,,0.0,skipped_no_resolved_evidence,
Bluer Tecnologia,BLUER TECNOLOGIA,1,1,0,,0.0,skipped_no_resolved_evidence,
Bluhm Systeme GmbH,BLUHM SYSTEME,1,1,0,,0.0,skipped_no_resolved_evidence,
BLUST | Consultora Boutique de Personas y Talento,BLUST | CONSULTORA BOUTIQUE DE PERSONAS Y TALENTO,1,1,0,,0.0,skipped_no_resolved_evidence,
BM GROUP Bolivia,BM BOLIVIA,1,1,0,,0.0,skipped_no_resolved_evidence,
BMN Nederland,BMN NEDERLAND,1,1,0,,0.0,skipped_no_resolved_evidence,
Boen Groen,BOEN GROEN,1,1,0,,0.0,skipped_no_resolved_evidence,
Bold Metrics Inc,BOLD METRICS,1,1,0,,0.0,skipped_no_resolved_evidence,
Bold Talent Co,BOLD TALENT CO,1,1,0,,0.0,skipped_no_resolved_evidence,
Bombon Boss,BOMBON BOSS,1,1,0,,0.0,skipped_no_resolved_evidence,
Bombril,BOMBRIL,1,1,0,,0.0,skipped_no_resolved_evidence,
Bond Global,BOND,1,1,0,,0.0,skipped_no_resolved_evidence,
Bondalti,BONDALTI,1,1,0,,0.0,skipped_no_resolved_evidence,
Bouwhuysch,BOUWHUYSCH,1,1,0,,0.0,skipped_no_resolved_evidence,
Branching Minds,BRANCHING MINDS,1,1,0,,0.0,skipped_no_resolved_evidence,
Bravia RH I Gestão Estratégica de Pessoas,BRAVIA RH I GESTÃO ESTRATÉGICA DE PESSOAS,1,1,0,,0.0,skipped_no_resolved_evidence,
Bravos Energía,BRAVOS ENERGÍA,1,1,0,,0.0,skipped_no_resolved_evidence,
Bridgenext,BRIDGENEXT,1,1,0,,0.0,skipped_no_resolved_evidence,
BRINK Group,BRINK,1,1,0,,0.0,skipped_no_resolved_evidence,
Broker IA,BROKER IA,1,1,0,,0.0,skipped_no_resolved_evidence,
Brooks Automation,BROOKS AUTOMATION,1,1,0,,0.0,skipped_no_resolved_evidence,
BROSETA,BROSETA,1,1,0,,0.0,skipped_no_resolved_evidence,
Brown & McCrow,BROWN & MCCROW,1,1,0,,0.0,skipped_no_resolved_evidence,
Brown-Forman,BROWN-FORMAN,1,1,0,,0.0,skipped_no_resolved_evidence,
bSide,BSIDE,1,1,0,,0.0,skipped_no_resolved_evidence,
BuildUp,BUILDUP,1,1,0,,0.0,skipped_no_resolved_evidence,
Bundesagentur für Arbeit,BUNDESAGENTUR FÜR ARBEIT,1,1,0,,0.0,skipped_no_resolved_evidence,
Bunge,BUNGE,1,1,0,,0.0,skipped_no_resolved_evidence,
BUTTER. GmbH,BUTTER,1,1,0,,0.0,skipped_no_resolved_evidence,
Büsser & Zeidler AG,BÜSSER & ZEIDLER,1,1,0,,0.0,skipped_no_resolved_evidence,
Cactus,CACTUS,1,1,0,,0.0,skipped_no_resolved_evidence,
Caja Los Andes,CAJA LOS ANDES,1,1,0,,0.0,skipped_no_resolved_evidence,
Caju,CAJU,1,1,0,,0.0,skipped_no_resolved_evidence,
Cambium Assessment,CAMBIUM ASSESSMENT,1,1,0,,0.0,skipped_no_resolved_evidence,
Cambridge Family Enterprise Group (CFEG),CAMBRIDGE FAMILY ENTERPRISE (CFEG),1,1,0,,0.0,skipped_no_resolved_evidence,
Camil Alimentos S/A,CAMIL ALIMENTOS,1,1,0,,0.0,skipped_no_resolved_evidence,
Canadian Solar Inc,CANADIAN SOLAR,1,1,0,,0.0,skipped_no_resolved_evidence,
CandyCo LLC,CANDYCO,1,1,0,,0.0,skipped_no_resolved_evidence,
Cantinho da Hora Mini Mercado,CANTINHO DA HORA MINI MERCADO,1,1,0,,0.0,skipped_no_resolved_evidence,
capacura,CAPACURA,1,1,0,,0.0,skipped_no_resolved_evidence,
Capco Energy,CAPCO ENERGY,1,1,0,,0.0,skipped_no_resolved_evidence,
Capital Vision,CAPITAL VISION,1,1,0,,0.0,skipped_no_resolved_evidence,
Capmation Inc,CAPMATION,1,1,0,,0.0,skipped_no_resolved_evidence,
Capri Partners,CAPRI PARTNERS,1,1,0,,0.0,skipped_no_resolved_evidence,
Capriole Coffee Service | B Corp™,CAPRIOLE COFFEE | B ™,1,1,0,,0.0,skipped_no_resolved_evidence,
Capua,CAPUA,1,1,0,,0.0,skipped_no_resolved_evidence,
CARE Vision Augenkliniken,CARE VISION AUGENKLINIKEN,1,1,0,,0.0,skipped_no_resolved_evidence,
Care&Co Uy,CARE&CO UY,1,1,0,,0.0,skipped_no_resolved_evidence,
Career Rebels,CAREER REBELS,1,1,0,,0.0,skipped_no_resolved_evidence,
Career Today,CAREER TODAY,1,1,0,,0.0,skipped_no_resolved_evidence,
Cargoo,CARGOO,1,1,0,,0.0,skipped_no_resolved_evidence,
Caritasverband für den Landkreis Weilheim-Schongau e.V,CARITASVERBAND FÜR DEN LANDKREIS WEILHEIM-SCHONGAU E.V,1,1,0,,0.0,skipped_no_resolved_evidence,
CARNES RIKATAS,CARNES RIKATAS,1,1,0,,0.0,skipped_no_resolved_evidence,
Carreira Z,CARREIRA Z,1,1,0,,0.0,skipped_no_resolved_evidence,
Caru Moràlles | Gestão de Pessoas e Carreiras,CARU MORÀLLES | GESTÃO DE PESSOAS E CARREIRAS,1,1,0,,0.0,skipped_no_resolved_evidence,
Casa dos Ventos Energias Renováveis,CASA DOS VENTOS ENERGIAS RENOVÁVEIS,1,1,0,,0.0,skipped_no_resolved_evidence,
Casa e Campo produtos agropecuários LTDA,CASA E CAMPO PRODUTOS AGROPECUÁRIOS,1,1,0,,0.0,skipped_no_resolved_evidence,
Cash Flow Positif,CASH FLOW POSITIF,1,1,0,,0.0,skipped_no_resolved_evidence,
CashMe,CASHME,1,1,0,,0.0,skipped_no_resolved_evidence,
Cataguá Capitólio,CATAGUÁ CAPITÓLIO,1,1,0,,0.0,skipped_no_resolved_evidence,
Catalyze Group,CATALYZE,1,1,0,,0.0,skipped_no_resolved_evidence,
Catenon,CATENON,1,1,0,,0.0,skipped_no_resolved_evidence,
Cavalo Marinho Combustíveis Ltda,CAVALO MARINHO COMBUSTÍVEIS,1,1,0,,0.0,skipped_no_resolved_evidence,
Caylent,CAYLENT,1,1,0,,0.0,skipped_no_resolved_evidence,
CBQA Solutions Inc,CBQA,1,1,0,,0.0,skipped_no_resolved_evidence,
CConecta RH,CCONECTA RH,1,1,0,,0.0,skipped_no_resolved_evidence,
CEERT Equidade Racial e de Gênero,CEERT EQUIDADE RACIAL E DE GÊNERO,1,1,0,,0.0,skipped_no_resolved_evidence,
Cegedim,CEGEDIM,1,1,0,,0.0,skipped_no_resolved_evidence,
CEGIST | Centre for Management Studies of Instituto Superior Técnico,CEGIST | CENTRE FOR MANAGEMENT STUDIES OF INSTITUTO SUPERIOR TÉCNICO,1,1,0,,0.0,skipped_no_resolved_evidence,
Ceibo,CEIBO,1,1,0,,0.0,skipped_no_resolved_evidence,
Cella,CELLA,1,1,0,,0.0,skipped_no_resolved_evidence,
CEMA Construções e Tecnologia,CEMA CONSTRUÇÕES E TECNOLOGIA,1,1,0,,0.0,skipped_no_resolved_evidence,
CEMPRE Uruguay,CEMPRE URUGUAY,1,1,0,,0.0,skipped_no_resolved_evidence,
Centience,CENTIENCE,1,1,0,,0.0,skipped_no_resolved_evidence,
Centro Médico Militar rimac,CENTRO MÉDICO MILITAR RIMAC,1,1,0,,0.0,skipped_no_resolved_evidence,
Centro Universitário FMU | FIAM-FAAM,CENTRO UNIVERSITÁRIO FMU | FIAM-FAAM,1,1,0,,0.0,skipped_no_resolved_evidence,
CENTURY 21 Nações,CENTURY 21 NAÇÕES,1,1,0,,0.0,skipped_no_resolved_evidence,
Ceox Services Ltd,CEOX,1,1,0,,0.0,skipped_no_resolved_evidence,
Ceramica Santana De Alagoinhas,CERAMICA SANTANA DE ALAGOINHAS,1,1,0,,0.0,skipped_no_resolved_evidence,
Cere Network,CERE NETWORK,1,1,0,,0.0,skipped_no_resolved_evidence,
CERN,CERN,1,1,0,,0.0,skipped_no_resolved_evidence,
CerradinhoBio,CERRADINHOBIO,1,1,0,,0.0,skipped_no_resolved_evidence,
Certivity,CERTIVITY,1,1,0,,0.0,skipped_no_resolved_evidence,
Certta,CERTTA,1,1,0,,0.0,skipped_no_resolved_evidence,
CESAR School,CESAR SCHOOL,1,1,0,,0.0,skipped_no_resolved_evidence,
Cesla,CESLA,1,1,0,,0.0,skipped_no_resolved_evidence,
CEVA SAUDE ANIMAL,CEVA SAUDE ANIMAL,1,1,0,,0.0,skipped_no_resolved_evidence,
Change Recruitment,CHANGE RECRUITMENT,1,1,0,,0.0,skipped_no_resolved_evidence,
Chassé Theater,CHASSÉ THEATER,1,1,0,,0.0,skipped_no_resolved_evidence,
Checkmob,CHECKMOB,1,1,0,,0.0,skipped_no_resolved_evidence,
Cheil Worldwide,CHEIL WORLDWIDE,1,1,0,,0.0,skipped_no_resolved_evidence,
chreative,CHREATIVE,1,1,0,,0.0,skipped_no_resolved_evidence,
CHS América do Sul,CHS AMÉRICA DO SUL,1,1,0,,0.0,skipped_no_resolved_evidence,
Churchill Group,CHURCHILL,1,1,0,,0.0,skipped_no_resolved_evidence,
CIB Egypt,CIB EGYPT,1,1,0,,0.0,skipped_no_resolved_evidence,
CIEE - Centro de Integração Empresa-Escola,CIEE - CENTRO DE INTEGRAÇÃO EMPRESA-ESCOLA,1,1,0,,0.0,skipped_no_resolved_evidence,
Cinco tareas,CINCO TAREAS,1,1,0,,0.0,skipped_no_resolved_evidence,
Circo Kroner,CIRCO KRONER,1,1,0,,0.0,skipped_no_resolved_evidence,
CJ Recruitment,CJ RECRUITMENT,1,1,0,,0.0,skipped_no_resolved_evidence,
Claranet,CLARANET,1,1,0,,0.0,skipped_no_resolved_evidence,
ClarityLane,CLARITYLANE,1,1,0,,0.0,skipped_no_resolved_evidence,
Clay,CLAY,1,1,0,,0.0,skipped_no_resolved_evidence,
ClearBlu Environmental,CLEARBLU ENVIRONMENTAL,1,1,0,,0.0,skipped_no_resolved_evidence,
"CLI - Integração, IA, Tax, Dados","CLI - INTEGRAÇÃO, IA, TAX, DADOS",1,1,0,,0.0,skipped_no_resolved_evidence,
CLIDAL,CLIDAL,1,1,0,,0.0,skipped_no_resolved_evidence,
Clikalia,CLIKALIA,1,1,0,,0.0,skipped_no_resolved_evidence,
CLIMB,CLIMB,1,1,0,,0.0,skipped_no_resolved_evidence,
Clube BoraFazer,CLUBE BORAFAZER,1,1,0,,0.0,skipped_no_resolved_evidence,
Clubio FST,CLUBIO FST,1,1,0,,0.0,skipped_no_resolved_evidence,
ClyntonBoss,CLYNTONBOSS,1,1,0,,0.0,skipped_no_resolved_evidence,
Clínica Athos,CLÍNICA ATHOS,1,1,0,,0.0,skipped_no_resolved_evidence,
Clínica de Psicoterapia - Ame Rio Verde-GO,CLÍNICA DE PSICOTERAPIA - AME RIO VERDE-GO,1,1,0,,0.0,skipped_no_resolved_evidence,
Clínica Odonto Saúde & Estética Dental Clinic,CLÍNICA ODONTO SAÚDE & ESTÉTICA DENTAL CLINIC,1,1,0,,0.0,skipped_no_resolved_evidence,
Clínica particular Niños y adolescentes. Clinica del Niño Harwood Care,CLÍNICA PARTICULAR NIÑOS Y ADOLESCENTES. CLINICA DEL NIÑO HARWOOD CARE,1,1,0,,0.0,skipped_no_resolved_evidence,
Clínica Psicológica,CLÍNICA PSICOLÓGICA,1,1,0,,0.0,skipped_no_resolved_evidence,
CMO Vendas,CMO VENDAS,1,1,0,,0.0,skipped_no_resolved_evidence,
Co-operators,CO-OPERATORS,1,1,0,,0.0,skipped_no_resolved_evidence,
Global Coach Consultores,COACH CONSULTORES,1,1,0,,0.0,skipped_no_resolved_evidence,
Code Group,CODE,1,1,0,,0.0,skipped_no_resolved_evidence,
Coders Hire Private Limited,CODERS HIRE PRIVATE,1,1,0,,0.0,skipped_no_resolved_evidence,
CodeSmash,CODESMASH,1,1,0,,0.0,skipped_no_resolved_evidence,
Codexi,CODEXI,1,1,0,,0.0,skipped_no_resolved_evidence,
CoE | Centro de Excelência Votorantim,COE | CENTRO DE EXCELÊNCIA VOTORANTIM,1,1,0,,0.0,skipped_no_resolved_evidence,
CoinDCX,COINDCX,1,1,0,,0.0,skipped_no_resolved_evidence,
Colegio integral minas,COLEGIO INTEGRAL MINAS,1,1,0,,0.0,skipped_no_resolved_evidence,
Colegio y Liceo Hans Christian Andersen,COLEGIO Y LICEO HANS CHRISTIAN ANDERSEN,1,1,0,,0.0,skipped_no_resolved_evidence,
Collateral Partners (formerly BetterPitch),COLLATERAL PARTNERS (FORMERLY BETTERPITCH),1,1,0,,0.0,skipped_no_resolved_evidence,
Colégio Apoio,COLÉGIO APOIO,1,1,0,,0.0,skipped_no_resolved_evidence,
Comax smart E.R.P,COMAX SMART E.R.P,1,1,0,,0.0,skipped_no_resolved_evidence,
Comercial 10x,COMERCIAL 10X,1,1,0,,0.0,skipped_no_resolved_evidence,
Compagas,COMPAGAS,1,1,0,,0.0,skipped_no_resolved_evidence,
Complexity Science Hub Vienna,COMPLEXITY SCIENCE HUB VIENNA,1,1,0,,0.0,skipped_no_resolved_evidence,
Comunidad Delosi,COMUNIDAD DELOSI,1,1,0,,0.0,skipped_no_resolved_evidence,
ComunidadFeliz.com,COMUNIDADFELIZ.COM,1,1,0,,0.0,skipped_no_resolved_evidence,
Cona Consultores,CONA CONSULTORES,1,1,0,,0.0,skipped_no_resolved_evidence,
CONAPROLE,CONAPROLE,1,1,0,,0.0,skipped_no_resolved_evidence,
Conductor,CONDUCTOR,1,1,0,,0.0,skipped_no_resolved_evidence,
ConectCar,CONECTCAR,1,1,0,,0.0,skipped_no_resolved_evidence,
CONEXIONHR - Recruiting Company,CONEXIONHR - RECRUITING COMPANY,1,1,0,,0.0,skipped_no_resolved_evidence,
Conexões Psi,CONEXÕES PSI,1,1,0,,0.0,skipped_no_resolved_evidence,
Confeitaria Moriê,CONFEITARIA MORIÊ,1,1,0,,0.0,skipped_no_resolved_evidence,
Confidential ( Stealth Mode ),CONFIDENTIAL ( STEALTH MODE ),1,1,0,,0.0,skipped_no_resolved_evidence,
Conflux,CONFLUX,1,1,0,,0.0,skipped_no_resolved_evidence,
conrizon AG,CONRIZON,1,1,0,,0.0,skipped_no_resolved_evidence,
Constellium,CONSTELLIUM,1,1,0,,0.0,skipped_no_resolved_evidence,
Constructor,CONSTRUCTOR,1,1,0,,0.0,skipped_no_resolved_evidence,
Consulta privada Psicoterapia,CONSULTA PRIVADA PSICOTERAPIA,1,1,0,,0.0,skipped_no_resolved_evidence,
Consultant / Self-Employed,CONSULTANT / SELF-EMPLOYED,1,1,0,,0.0,skipped_no_resolved_evidence,
Consultório de Psicoterapia,CONSULTÓRIO DE PSICOTERAPIA,1,1,0,,0.0,skipped_no_resolved_evidence,
Consultório Particular,CONSULTÓRIO PARTICULAR,1,1,0,,0.0,skipped_no_resolved_evidence,
contagi,CONTAGI,1,1,0,,0.0,skipped_no_resolved_evidence,
CONTALENTO Strategy For People,CONTALENTO STRATEGY FOR PEOPLE,1,1,0,,0.0,skipped_no_resolved_evidence,
Convene,CONVENE,1,1,0,,0.0,skipped_no_resolved_evidence,
Convert,CONVERT,1,1,0,,0.0,skipped_no_resolved_evidence,
Convixion,CONVIXION,1,1,0,,0.0,skipped_no_resolved_evidence,
Coopeuch,COOPEUCH,1,1,0,,0.0,skipped_no_resolved_evidence,
Copabo Indústria,COPABO INDÚSTRIA,1,1,0,,0.0,skipped_no_resolved_evidence,
Cora,CORA,1,1,0,,0.0,skipped_no_resolved_evidence,
CoreMatch UG (haftungsbeschränkt),COREMATCH UG (HAFTUNGSBESCHRÄNKT),1,1,0,,0.0,skipped_no_resolved_evidence,
coretress GmbH,CORETRESS,1,1,0,,0.0,skipped_no_resolved_evidence,
COREX Logistics,COREX LOGISTICS,1,1,0,,0.0,skipped_no_resolved_evidence,
Corpo Forte Fitness Center,CORPO FORTE FITNESS CENTER,1,1,0,,0.0,skipped_no_resolved_evidence,
Corporación AG,CORPORACIÓN,1,1,0,,0.0,skipped_no_resolved_evidence,
CORVUS UTV,CORVUS UTV,1,1,0,,0.0,skipped_no_resolved_evidence,
COS Global Services,COS,1,1,0,,0.0,skipped_no_resolved_evidence,
COSEM IAMPP,COSEM IAMPP,1,1,0,,0.0,skipped_no_resolved_evidence,
Coursera,COURSERA,1,1,0,,0.0,skipped_no_resolved_evidence,
Covetrus,COVETRUS,1,1,0,,0.0,skipped_no_resolved_evidence,
CreateFuture,CREATEFUTURE,1,1,0,,0.0,skipped_no_resolved_evidence,
Crescent Global LLC,CRESCENT,1,1,0,,0.0,skipped_no_resolved_evidence,
CRS Hospital Provincia Cordillera,CRS HOSPITAL PROVINCIA CORDILLERA,1,1,0,,0.0,skipped_no_resolved_evidence,
CTS EVENTIM AG & Co. KGaA,CTS EVENTIM & CO. KGAA,1,1,0,,0.0,skipped_no_resolved_evidence,
cuBec,CUBEC,1,1,0,,0.0,skipped_no_resolved_evidence,
Cuesta Partners,CUESTA PARTNERS,1,1,0,,0.0,skipped_no_resolved_evidence,
Curbelo - Cianci & Asociados,CURBELO - CIANCI & ASOCIADOS,1,1,0,,0.0,skipped_no_resolved_evidence,
Custom Market Insights™,CUSTOM MARKET INSIGHTS™,1,1,0,,0.0,skipped_no_resolved_evidence,
Cygnus Professionals Inc,CYGNUS PROFESSIONALS,1,1,0,,0.0,skipped_no_resolved_evidence,
Cynergy2,CYNERGY2,1,1,0,,0.0,skipped_no_resolved_evidence,
Círculo CRM,CÍRCULO CRM,1,1,0,,0.0,skipped_no_resolved_evidence,
DAC Beachcroft,DAC BEACHCROFT,1,1,0,,0.0,skipped_no_resolved_evidence,
DadosPower.com.br,DADOSPOWER.COM.BR,1,1,0,,0.0,skipped_no_resolved_evidence,
Dall Energy,DALL ENERGY,1,1,0,,0.0,skipped_no_resolved_evidence,
DAMEDIC GmbH,DAMEDIC,1,1,0,,0.0,skipped_no_resolved_evidence,
Danubius IT Solutions,DANUBIUS IT,1,1,0,,0.0,skipped_no_resolved_evidence,
Darwin Insurance,DARWIN INSURANCE,1,1,0,,0.0,skipped_no_resolved_evidence,
Dasbanq,DASBANQ,1,1,0,,0.0,skipped_no_resolved_evidence,
Datial,DATIAL,1,1,0,,0.0,skipped_no_resolved_evidence,
Daxtrio,DAXTRIO,1,1,0,,0.0,skipped_no_resolved_evidence,
DB Systel GmbH,DB SYSTEL,1,1,0,,0.0,skipped_no_resolved_evidence,
DC Beauty Cosmetics,DC BEAUTY COSMETICS,1,1,0,,0.0,skipped_no_resolved_evidence,
DC Engineers B.V,DC ENGINEERS B.V,1,1,0,,0.0,skipped_no_resolved_evidence,
DD Infosoft Pvt. Ltd. India,DD INFOSOFT PVT. . INDIA,1,1,0,,0.0,skipped_no_resolved_evidence,
DEALERSPACE,DEALERSPACE,1,1,0,,0.0,skipped_no_resolved_evidence,
Deftsoft,DEFTSOFT,1,1,0,,0.0,skipped_no_resolved_evidence,
delaware International,DELAWARE INTERNATIONAL,1,1,0,,0.0,skipped_no_resolved_evidence,
Delta A Salud,DELTA A SALUD,1,1,0,,0.0,skipped_no_resolved_evidence,
Deltacubes,DELTACUBES,1,1,0,,0.0,skipped_no_resolved_evidence,
Denholm Associates,DENHOLM ASSOCIATES,1,1,0,,0.0,skipped_no_resolved_evidence,
Department of Culture and Tourism – Abu Dhabi (DCT Abu Dhabi),DEPARTMENT OF CULTURE AND TOURISM – ABU DHABI (DCT ABU DHABI),1,1,0,,0.0,skipped_no_resolved_evidence,
"Department of Posts, India","DEPARTMENT OF POSTS, INDIA",1,1,0,,0.0,skipped_no_resolved_evidence,
Dermage,DERMAGE,1,1,0,,0.0,skipped_no_resolved_evidence,
Descartes Systems Group,DESCARTES SYSTEMS,1,1,0,,0.0,skipped_no_resolved_evidence,
Descasio,DESCASIO,1,1,0,,0.0,skipped_no_resolved_evidence,
Deutsche Angestellten Akademie (DAA),DEUTSCHE ANGESTELLTEN AKADEMIE (DAA),1,1,0,,0.0,skipped_no_resolved_evidence,
Deutsche WertpapierService Bank AG,DEUTSCHE WERTPAPIERSERVICE BANK,1,1,0,,0.0,skipped_no_resolved_evidence,
Develative,DEVELATIVE,1,1,0,,0.0,skipped_no_resolved_evidence,
develop,DEVELOP,1,1,0,,0.0,skipped_no_resolved_evidence,
DevIQ,DEVIQ,1,1,0,,0.0,skipped_no_resolved_evidence,
Devoteam,DEVOTEAM,1,1,0,,0.0,skipped_no_resolved_evidence,
DFL Deutsche Fußball Liga,DFL DEUTSCHE FUSSBALL LIGA,1,1,0,,0.0,skipped_no_resolved_evidence,
dhauz,DHAUZ,1,1,0,,0.0,skipped_no_resolved_evidence,
DHL Global Forwarding,DHL FORWARDING,1,1,0,,0.0,skipped_no_resolved_evidence,
Diamond National Investments,DIAMOND NATIONAL INVESTMENTS,1,1,0,,0.0,skipped_no_resolved_evidence,
Digitanity,DIGITANITY,1,1,0,,0.0,skipped_no_resolved_evidence,
Diksha Australia,DIKSHA AUSTRALIA,1,1,0,,0.0,skipped_no_resolved_evidence,
Dirección de Servicio de Salud Metropolitano Oriente,DIRECCIÓN DE SERVICIO DE SALUD METROPOLITANO ORIENTE,1,1,0,,0.0,skipped_no_resolved_evidence,
Direzione Servizi Srl,DIREZIONE SERVIZI SRL,1,1,0,,0.0,skipped_no_resolved_evidence,
dnata,DNATA,1,1,0,,0.0,skipped_no_resolved_evidence,
DNR Teleserviços,DNR TELESERVIÇOS,1,1,0,,0.0,skipped_no_resolved_evidence,
DNX Soluções Tecnológicas,DNX SOLUÇÕES TECNOLÓGICAS,1,1,0,,0.0,skipped_no_resolved_evidence,
Dock,DOCK,1,1,0,,0.0,skipped_no_resolved_evidence,
Docket,DOCKET,1,1,0,,0.0,skipped_no_resolved_evidence,
Doctoralia México,DOCTORALIA MÉXICO,1,1,0,,0.0,skipped_no_resolved_evidence,
Donna,DONNA,1,1,0,,0.0,skipped_no_resolved_evidence,
Dorko,DORKO,1,1,0,,0.0,skipped_no_resolved_evidence,
DOT LABS,DOT LABS,1,1,0,,0.0,skipped_no_resolved_evidence,
"Douro Acima-Transportes Turismo e Restauração, Lda","DOURO ACIMA-TRANSPORTES TURISMO E RESTAURAÇÃO, LDA",1,1,0,,0.0,skipped_no_resolved_evidence,
Doutor Finanças,DOUTOR FINANÇAS,1,1,0,,0.0,skipped_no_resolved_evidence,
DP World,DP WORLD,1,1,0,,0.0,skipped_no_resolved_evidence,
DPS - Das Prüfunternehmen,DPS - DAS PRÜFUNTERNEHMEN,1,1,0,,0.0,skipped_no_resolved_evidence,
DPT - Departamento de Polícia Técnica,DPT - DEPARTAMENTO DE POLÍCIA TÉCNICA,1,1,0,,0.0,skipped_no_resolved_evidence,
dr. Fuchs Personalberatung,DR. FUCHS PERSONALBERATUNG,1,1,0,,0.0,skipped_no_resolved_evidence,
DSOP Educação Financeira,DSOP EDUCAÇÃO FINANCEIRA,1,1,0,,0.0,skipped_no_resolved_evidence,
Dualis,DUALIS,1,1,0,,0.0,skipped_no_resolved_evidence,
Dunbia Group,DUNBIA,1,1,0,,0.0,skipped_no_resolved_evidence,
DUO GROUP,DUO,1,1,0,,0.0,skipped_no_resolved_evidence,
Dutch TecSource B.V,DUTCH TECSOURCE B.V,1,1,0,,0.0,skipped_no_resolved_evidence,
DynamicCare Benefícios,DYNAMICCARE BENEFÍCIOS,1,1,0,,0.0,skipped_no_resolved_evidence,
DZ BANK AG,DZ BANK,1,1,0,,0.0,skipped_no_resolved_evidence,
e-Safer,E-SAFER,1,1,0,,0.0,skipped_no_resolved_evidence,
EAE Solutions,EAE,1,1,0,,0.0,skipped_no_resolved_evidence,
EAs to the Rescue,EAS TO THE RESCUE,1,1,0,,0.0,skipped_no_resolved_evidence,
Easy Carros,EASY CARROS,1,1,0,,0.0,skipped_no_resolved_evidence,
EBANX,EBANX,1,1,0,,0.0,skipped_no_resolved_evidence,
Econosoft Inc,ECONOSOFT,1,1,0,,0.0,skipped_no_resolved_evidence,
EcoVidaPlast,ECOVIDAPLAST,1,1,0,,0.0,skipped_no_resolved_evidence,
Eden,EDEN,1,1,0,,0.0,skipped_no_resolved_evidence,
Edmunds,EDMUNDS,1,1,0,,0.0,skipped_no_resolved_evidence,
EF Global Career,EF CAREER,1,1,0,,0.0,skipped_no_resolved_evidence,
Efí Bank,EFÍ BANK,1,1,0,,0.0,skipped_no_resolved_evidence,
EGPA Design,EGPA DESIGN,1,1,0,,0.0,skipped_no_resolved_evidence,
Eixo Recursos Humanos,EIXO RECURSOS HUMANOS,1,1,0,,0.0,skipped_no_resolved_evidence,
Ejercicio Independiente de la profesión,EJERCICIO INDEPENDIENTE DE LA PROFESIÓN,1,1,0,,0.0,skipped_no_resolved_evidence,
El Barranquitruck,EL BARRANQUITRUCK,1,1,0,,0.0,skipped_no_resolved_evidence,
Eldar,ELDAR,1,1,0,,0.0,skipped_no_resolved_evidence,
Elegance Pharmaceuticals,ELEGANCE PHARMACEUTICALS,1,1,0,,0.0,skipped_no_resolved_evidence,
Elements,ELEMENTS,1,1,0,,0.0,skipped_no_resolved_evidence,
ELIS,ELIS,1,1,0,,0.0,skipped_no_resolved_evidence,
Ello Pessoas e Negócios,ELLO PESSOAS E NEGÓCIOS,1,1,0,,0.0,skipped_no_resolved_evidence,
ELOS CAPITAL HUMANO,ELOS CAPITAL HUMANO,1,1,0,,0.0,skipped_no_resolved_evidence,
Em Transição de Carreira - In Career Transition,EM TRANSIÇÃO DE CARREIRA - IN CAREER TRANSITION,1,1,0,,0.0,skipped_no_resolved_evidence,
Emapta Global,EMAPTA,1,1,0,,0.0,skipped_no_resolved_evidence,
Emers Vietnam,EMERS VIETNAM,1,1,0,,0.0,skipped_no_resolved_evidence,
emnify,EMNIFY,1,1,0,,0.0,skipped_no_resolved_evidence,
empower,EMPOWER,1,1,0,,0.0,skipped_no_resolved_evidence,
Empresas Melón,EMPRESAS MELÓN,1,1,0,,0.0,skipped_no_resolved_evidence,
EMSERH - Empresa Maranhense de Serviços Hospitalares,EMSERH - EMPRESA MARANHENSE DE SERVIÇOS HOSPITALARES,1,1,0,,0.0,skipped_no_resolved_evidence,
EMSUR,EMSUR,1,1,0,,0.0,skipped_no_resolved_evidence,
ENABL A/S,ENABL A/S,1,1,0,,0.0,skipped_no_resolved_evidence,
Encuadrado,ENCUADRADO,1,1,0,,0.0,skipped_no_resolved_evidence,
Endeavor Labs,ENDEAVOR LABS,1,1,0,,0.0,skipped_no_resolved_evidence,
Endress+Hauser Gruppe,ENDRESS+HAUSER GRUPPE,1,1,0,,0.0,skipped_no_resolved_evidence,
Enerquin,ENERQUIN,1,1,0,,0.0,skipped_no_resolved_evidence,
Engemon IT,ENGEMON IT,1,1,0,,0.0,skipped_no_resolved_evidence,
Engemon Operation Services,ENGEMON OPERATION,1,1,0,,0.0,skipped_no_resolved_evidence,
EngSearch | engineering people,ENGSEARCH | ENGINEERING PEOPLE,1,1,0,,0.0,skipped_no_resolved_evidence,
Enpal,ENPAL,1,1,0,,0.0,skipped_no_resolved_evidence,
"Entropy - Develop People, Elevate Teams","ENTROPY - DEVELOP PEOPLE, ELEVATE TEAMS",1,1,0,,0.0,skipped_no_resolved_evidence,
EP Carreira e Recolocação,EP CARREIRA E RECOLOCAÇÃO,1,1,0,,0.0,skipped_no_resolved_evidence,
EPI-USE DACH,EPI-USE DACH,1,1,0,,0.0,skipped_no_resolved_evidence,
epostbox,EPOSTBOX,1,1,0,,0.0,skipped_no_resolved_evidence,
EpsiHome,EPSIHOME,1,1,0,,0.0,skipped_no_resolved_evidence,
Epsilon Solutions Ltd,EPSILON,1,1,0,,0.0,skipped_no_resolved_evidence,
Eqib | The Human Factor,EQIB | THE HUMAN FACTOR,1,1,0,,0.0,skipped_no_resolved_evidence,
EQT Group,EQT,1,1,0,,0.0,skipped_no_resolved_evidence,
EquiTalent,EQUITALENT,1,1,0,,0.0,skipped_no_resolved_evidence,
Erzbistum Köln,ERZBISTUM KÖLN,1,1,0,,0.0,skipped_no_resolved_evidence,
Escavador,ESCAVADOR,1,1,0,,0.0,skipped_no_resolved_evidence,
Escola do Futuro Do Estado De Goias,ESCOLA DO FUTURO DO ESTADO DE GOIAS,1,1,0,,0.0,skipped_no_resolved_evidence,
Essent,ESSENT,1,1,0,,0.0,skipped_no_resolved_evidence,
Essential BPO,ESSENTIAL BPO,1,1,0,,0.0,skipped_no_resolved_evidence,
ESSOR Seguros S.A,ESSOR SEGUROS,1,1,0,,0.0,skipped_no_resolved_evidence,
Estoca,ESTOCA,1,1,0,,0.0,skipped_no_resolved_evidence,
Estratég.IA Financeira e Analítica,ESTRATÉG.IA FINANCEIRA E ANALÍTICA,1,1,0,,0.0,skipped_no_resolved_evidence,
Estuary,ESTUARY,1,1,0,,0.0,skipped_no_resolved_evidence,
estudante,ESTUDANTE,1,1,0,,0.0,skipped_no_resolved_evidence,
ETEGEC,ETEGEC,1,1,0,,0.0,skipped_no_resolved_evidence,
ETEK,ETEK,1,1,0,,0.0,skipped_no_resolved_evidence,
Etengo,ETENGO,1,1,0,,0.0,skipped_no_resolved_evidence,
ETFbook,ETFBOOK,1,1,0,,0.0,skipped_no_resolved_evidence,
Eureka - Consultores,EUREKA - CONSULTORES,1,1,0,,0.0,skipped_no_resolved_evidence,
EUROCONTROL,EUROCONTROL,1,1,0,,0.0,skipped_no_resolved_evidence,
European Investment Bank (EIB),EUROPEAN INVESTMENT BANK (EIB),1,1,0,,0.0,skipped_no_resolved_evidence,
European Society of Radiology,EUROPEAN SOCIETY OF RADIOLOGY,1,1,0,,0.0,skipped_no_resolved_evidence,
Evaria XXI S.L,EVARIA XXI S.L,1,1,0,,0.0,skipped_no_resolved_evidence,
Evercam,EVERCAM,1,1,0,,0.0,skipped_no_resolved_evidence,
Evers GmbH,EVERS,1,1,0,,0.0,skipped_no_resolved_evidence,
Eviden,EVIDEN,1,1,0,,0.0,skipped_no_resolved_evidence,
Exactpi Recruitment & More,EXACTPI RECRUITMENT & MORE,1,1,0,,0.0,skipped_no_resolved_evidence,
Exadel,EXADEL,1,1,0,,0.0,skipped_no_resolved_evidence,
ExitLag,EXITLAG,1,1,0,,0.0,skipped_no_resolved_evidence,
expertum Gruppe,EXPERTUM GRUPPE,1,1,0,,0.0,skipped_no_resolved_evidence,
Explora,EXPLORA,1,1,0,,0.0,skipped_no_resolved_evidence,
Explortal Logistics,EXPLORTAL LOGISTICS,1,1,0,,0.0,skipped_no_resolved_evidence,
F&J Consultants,F&J CONSULTANTS,1,1,0,,0.0,skipped_no_resolved_evidence,
Fabletics,FABLETICS,1,1,0,,0.0,skipped_no_resolved_evidence,
Faculdade Cesusc,FACULDADE CESUSC,1,1,0,,0.0,skipped_no_resolved_evidence,
Faculdade de Tecnologia de Americana,FACULDADE DE TECNOLOGIA DE AMERICANA,1,1,0,,0.0,skipped_no_resolved_evidence,
Faculdade UNIGUAÇU,FACULDADE UNIGUAÇU,1,1,0,,0.0,skipped_no_resolved_evidence,
Falabella Financiero,FALABELLA FINANCIERO,1,1,0,,0.0,skipped_no_resolved_evidence,
FAMAR,FAMAR,1,1,0,,0.0,skipped_no_resolved_evidence,
Familia en Equilibrio,FAMILIA EN EQUILIBRIO,1,1,0,,0.0,skipped_no_resolved_evidence,
Farmacias Ahumada,FARMACIAS AHUMADA,1,1,0,,0.0,skipped_no_resolved_evidence,
Farmacie Lombardi Group,FARMACIE LOMBARDI,1,1,0,,0.0,skipped_no_resolved_evidence,
Farmacorp,FARMACORP,1,1,0,,0.0,skipped_no_resolved_evidence,
Farmers Insurance,FARMERS INSURANCE,1,1,0,,0.0,skipped_no_resolved_evidence,
Farod Estatísticas,FAROD ESTATÍSTICAS,1,1,0,,0.0,skipped_no_resolved_evidence,
Fatec São Bernardo do Campo Adib Moises Dib,FATEC SÃO BERNARDO DO CAMPO ADIB MOISES DIB,1,1,0,,0.0,skipped_no_resolved_evidence,
Fathom.io,FATHOM.IO,1,1,0,,0.0,skipped_no_resolved_evidence,
Fatto Umano RH,FATTO UMANO RH,1,1,0,,0.0,skipped_no_resolved_evidence,
Federal Seguridad,FEDERAL SEGURIDAD,1,1,0,,0.0,skipped_no_resolved_evidence,
FedEx,FEDEX,1,1,0,,0.0,skipped_no_resolved_evidence,
FEDMA,FEDMA,1,1,0,,0.0,skipped_no_resolved_evidence,
Feel Academy,FEEL ACADEMY,1,1,0,,0.0,skipped_no_resolved_evidence,
Ferring Pharmaceuticals,FERRING PHARMACEUTICALS,1,1,0,,0.0,skipped_no_resolved_evidence,
FiberHome,FIBERHOME,1,1,0,,0.0,skipped_no_resolved_evidence,
Fibra,FIBRA,1,1,0,,0.0,skipped_no_resolved_evidence,
Finalyse,FINALYSE,1,1,0,,0.0,skipped_no_resolved_evidence,
finbyte,FINBYTE,1,1,0,,0.0,skipped_no_resolved_evidence,
Findtec,FINDTEC,1,1,0,,0.0,skipped_no_resolved_evidence,
Fine & Country Algarve,FINE & COUNTRY ALGARVE,1,1,0,,0.0,skipped_no_resolved_evidence,
Finik,FINIK,1,1,0,,0.0,skipped_no_resolved_evidence,
Fiquem Sabendo,FIQUEM SABENDO,1,1,0,,0.0,skipped_no_resolved_evidence,
First Point Group,FIRST POINT,1,1,0,,0.0,skipped_no_resolved_evidence,
Fiserv,FISERV,1,1,0,,0.0,skipped_no_resolved_evidence,
five5in GmbH,FIVE5IN,1,1,0,,0.0,skipped_no_resolved_evidence,
Fiverr,FIVERR,1,1,0,,0.0,skipped_no_resolved_evidence,
Fixed,FIXED,1,1,0,,0.0,skipped_no_resolved_evidence,
Fizix,FIZIX,1,1,0,,0.0,skipped_no_resolved_evidence,
Flattrade,FLATTRADE,1,1,0,,0.0,skipped_no_resolved_evidence,
FLEXECHARGE,FLEXECHARGE,1,1,0,,0.0,skipped_no_resolved_evidence,
FloeHire,FLOEHIRE,1,1,0,,0.0,skipped_no_resolved_evidence,
Flywheel,FLYWHEEL,1,1,0,,0.0,skipped_no_resolved_evidence,
Foco Aluguel de Carros,FOCO ALUGUEL DE CARROS,1,1,0,,0.0,skipped_no_resolved_evidence,
Fondazione Policlinico Universitario Agostino Gemelli IRCCS,FONDAZIONE POLICLINICO UNIVERSITARIO AGOSTINO GEMELLI IRCCS,1,1,0,,0.0,skipped_no_resolved_evidence,
FONPLATA,FONPLATA,1,1,0,,0.0,skipped_no_resolved_evidence,
ForbesBLK,FORBESBLK,1,1,0,,0.0,skipped_no_resolved_evidence,
Forcion,FORCION,1,1,0,,0.0,skipped_no_resolved_evidence,
foRHum,FORHUM,1,1,0,,0.0,skipped_no_resolved_evidence,
Forma Independiente,FORMA INDEPENDIENTE,1,1,0,,0.0,skipped_no_resolved_evidence,
Four Arm Fund,FOUR ARM FUND,1,1,0,,0.0,skipped_no_resolved_evidence,
Foxsoft Ltd,FOXSOFT,1,1,0,,0.0,skipped_no_resolved_evidence,
FPC TISSUE S.P.A,FPC TISSUE S.P.A,1,1,0,,0.0,skipped_no_resolved_evidence,
Francal,FRANCAL,1,1,0,,0.0,skipped_no_resolved_evidence,
Fraunhofer Heinrich Hertz Institute HHI,FRAUNHOFER HEINRICH HERTZ INSTITUTE HHI,1,1,0,,0.0,skipped_no_resolved_evidence,
Fraunhofer IPK,FRAUNHOFER IPK,1,1,0,,0.0,skipped_no_resolved_evidence,
Freiberuflich,FREIBERUFLICH,1,1,0,,0.0,skipped_no_resolved_evidence,
freiberuflich tätig,FREIBERUFLICH TÄTIG,1,1,0,,0.0,skipped_no_resolved_evidence,
Fresh Basket,FRESH BASKET,1,1,0,,0.0,skipped_no_resolved_evidence,
Friisberg & Partners International,FRIISBERG & PARTNERS INTERNATIONAL,1,1,0,,0.0,skipped_no_resolved_evidence,
FrontlineIQ,FRONTLINEIQ,1,1,0,,0.0,skipped_no_resolved_evidence,
FS Partners,FS PARTNERS,1,1,0,,0.0,skipped_no_resolved_evidence,
FUNDACENTRO - Fundação Jorge Duprat Figueiredo de Segurança e Medicina do Trabalho,FUNDACENTRO - FUNDAÇÃO JORGE DUPRAT FIGUEIREDO DE SEGURANÇA E MEDICINA DO TRABALHO,1,1,0,,0.0,skipped_no_resolved_evidence,
Fundación Génesis Empresarial,FUNDACIÓN GÉNESIS EMPRESARIAL,1,1,0,,0.0,skipped_no_resolved_evidence,
Fundação Hospitalar São Francisco de Assis,FUNDAÇÃO HOSPITALAR SÃO FRANCISCO DE ASSIS,1,1,0,,0.0,skipped_no_resolved_evidence,
Fundação para Inovações Tecnológicas - FITec,FUNDAÇÃO PARA INOVAÇÕES TECNOLÓGICAS - FITEC,1,1,0,,0.0,skipped_no_resolved_evidence,
Fundação Paulista de Tecnologia e Educação,FUNDAÇÃO PAULISTA DE TECNOLOGIA E EDUCAÇÃO,1,1,0,,0.0,skipped_no_resolved_evidence,
fundcraft,FUNDCRAFT,1,1,0,,0.0,skipped_no_resolved_evidence,
Gabriel,GABRIEL,1,1,0,,0.0,skipped_no_resolved_evidence,
"GalChimia, S.A",GALCHIMIA,1,1,0,,0.0,skipped_no_resolved_evidence,
Gallup,GALLUP,1,1,0,,0.0,skipped_no_resolved_evidence,
Garden leave,GARDEN LEAVE,1,1,0,,0.0,skipped_no_resolved_evidence,
GASCADE Gastransport GmbH,GASCADE GASTRANSPORT,1,1,0,,0.0,skipped_no_resolved_evidence,
Gasoducto GasAndes S.A,GASODUCTO GASANDES,1,1,0,,0.0,skipped_no_resolved_evidence,
Gazin,GAZIN,1,1,0,,0.0,skipped_no_resolved_evidence,
GDF Soluções,GDF SOLUÇÕES,1,1,0,,0.0,skipped_no_resolved_evidence,
GE HealthCare,GE HEALTHCARE,1,1,0,,0.0,skipped_no_resolved_evidence,
Gebomsa,GEBOMSA,1,1,0,,0.0,skipped_no_resolved_evidence,
Geeky Bugs,GEEKY BUGS,1,1,0,,0.0,skipped_no_resolved_evidence,
GEIA,GEIA,1,1,0,,0.0,skipped_no_resolved_evidence,
Gelatina,GELATINA,1,1,0,,0.0,skipped_no_resolved_evidence,
Gemeente Voorne aan Zee,GEMEENTE VOORNE AAN ZEE,1,1,0,,0.0,skipped_no_resolved_evidence,
Gemeinsames Rücknahmesystem Servicegesellschaft GmbH,GEMEINSAMES RÜCKNAHMESYSTEM SERVICEGESELLSCHAFT,1,1,0,,0.0,skipped_no_resolved_evidence,
GEMMACON,GEMMACON,1,1,0,,0.0,skipped_no_resolved_evidence,
Genei,GENEI,1,1,0,,0.0,skipped_no_resolved_evidence,
Generali,GENERALI,1,1,0,,0.0,skipped_no_resolved_evidence,
gente seguradora,GENTE SEGURADORA,1,1,0,,0.0,skipped_no_resolved_evidence,
GEOM SpA,GEOM,1,1,0,,0.0,skipped_no_resolved_evidence,
George Bernard,GEORGE BERNARD,1,1,0,,0.0,skipped_no_resolved_evidence,
Geovanna Mendes,GEOVANNA MENDES,1,1,0,,0.0,skipped_no_resolved_evidence,
Gesta Soluciones en Recursos Humanos,GESTA SOLUCIONES EN RECURSOS HUMANOS,1,1,0,,0.0,skipped_no_resolved_evidence,
Gesthion Organizacional,GESTHION ORGANIZACIONAL,1,1,0,,0.0,skipped_no_resolved_evidence,
Gestión Global,GESTIÓN,1,1,0,,0.0,skipped_no_resolved_evidence,
Get CHRO,GET CHRO,1,1,0,,0.0,skipped_no_resolved_evidence,
Getecsa,GETECSA,1,1,0,,0.0,skipped_no_resolved_evidence,
Giggso,GIGGSO,1,1,0,,0.0,skipped_no_resolved_evidence,
Gijos,GIJOS,1,1,0,,0.0,skipped_no_resolved_evidence,
Glance Home Services,GLANCE HOME,1,1,0,,0.0,skipped_no_resolved_evidence,
Glic Solutions,GLIC,1,1,0,,0.0,skipped_no_resolved_evidence,
Globaw Career,GLOBAW CAREER,1,1,0,,0.0,skipped_no_resolved_evidence,
GNA - Gás Natural Açu,GNA - GÁS NATURAL AÇU,1,1,0,,0.0,skipped_no_resolved_evidence,
Go Bigger,GO BIGGER,1,1,0,,0.0,skipped_no_resolved_evidence,
Go Up Job,GO UP JOB,1,1,0,,0.0,skipped_no_resolved_evidence,
GO2 Markets,GO2 MARKETS,1,1,0,,0.0,skipped_no_resolved_evidence,
go2Win,GO2WIN,1,1,0,,0.0,skipped_no_resolved_evidence,
Gobierno Municipal,GOBIERNO MUNICIPAL,1,1,0,,0.0,skipped_no_resolved_evidence,
Goldenergy,GOLDENERGY,1,1,0,,0.0,skipped_no_resolved_evidence,
Goldfish Group,GOLDFISH,1,1,0,,0.0,skipped_no_resolved_evidence,
Goldstück Personaldienstleistungen,GOLDSTÜCK PERSONALDIENSTLEISTUNGEN,1,1,0,,0.0,skipped_no_resolved_evidence,
Golin Ketchum,GOLIN KETCHUM,1,1,0,,0.0,skipped_no_resolved_evidence,
GovValue LLC,GOVVALUE,1,1,0,,0.0,skipped_no_resolved_evidence,
GraceMark Solutions,GRACEMARK,1,1,0,,0.0,skipped_no_resolved_evidence,
Graco,GRACO,1,1,0,,0.0,skipped_no_resolved_evidence,
Grafeno,GRAFENO,1,1,0,,0.0,skipped_no_resolved_evidence,
Gran Services S.A,GRAN,1,1,0,,0.0,skipped_no_resolved_evidence,
Graphic Packaging International,GRAPHIC PACKAGING INTERNATIONAL,1,1,0,,0.0,skipped_no_resolved_evidence,
Greatleads,GREATLEADS,1,1,0,,0.0,skipped_no_resolved_evidence,
Green River,GREEN RIVER,1,1,0,,0.0,skipped_no_resolved_evidence,
Greentube GmbH,GREENTUBE,1,1,0,,0.0,skipped_no_resolved_evidence,
GRNBK Talent,GRNBK TALENT,1,1,0,,0.0,skipped_no_resolved_evidence,
Grooo International,GROOO INTERNATIONAL,1,1,0,,0.0,skipped_no_resolved_evidence,
GROWMAX GROUP,GROWMAX,1,1,0,,0.0,skipped_no_resolved_evidence,
Growth Hackerz,GROWTH HACKERZ,1,1,0,,0.0,skipped_no_resolved_evidence,
Growth Machine,GROWTH MACHINE,1,1,0,,0.0,skipped_no_resolved_evidence,
Grupo Aposta Ganha,GRUPO APOSTA GANHA,1,1,0,,0.0,skipped_no_resolved_evidence,
Grupo Artemp,GRUPO ARTEMP,1,1,0,,0.0,skipped_no_resolved_evidence,
GRUPO AUNAR S.A.S,GRUPO AUNAR,1,1,0,,0.0,skipped_no_resolved_evidence,
Grupo Blanco,GRUPO BLANCO,1,1,0,,0.0,skipped_no_resolved_evidence,
Grupo BOIS | Blank space| Freelan| 9db| Nuvalia,GRUPO BOIS | BLANK SPACE| FREELAN| 9DB| NUVALIA,1,1,0,,0.0,skipped_no_resolved_evidence,
Grupo Bonella,GRUPO BONELLA,1,1,0,,0.0,skipped_no_resolved_evidence,
Grupo Bringel Oficial,GRUPO BRINGEL OFICIAL,1,1,0,,0.0,skipped_no_resolved_evidence,
Grupo Castillo - Reclutamiento y Selección,GRUPO CASTILLO - RECLUTAMIENTO Y SELECCIÓN,1,1,0,,0.0,skipped_no_resolved_evidence,
Grupo Condumax | Incesa,GRUPO CONDUMAX | INCESA,1,1,0,,0.0,skipped_no_resolved_evidence,
Grupo Dipromedic,GRUPO DIPROMEDIC,1,1,0,,0.0,skipped_no_resolved_evidence,
GRUPO EDUCACIONAL DRUMMOND,GRUPO EDUCACIONAL DRUMMOND,1,1,0,,0.0,skipped_no_resolved_evidence,
Grupo Energisa,GRUPO ENERGISA,1,1,0,,0.0,skipped_no_resolved_evidence,
Grupo ENESA - Página Oficial,GRUPO ENESA - PÁGINA OFICIAL,1,1,0,,0.0,skipped_no_resolved_evidence,
Grupo Fácil,GRUPO FÁCIL,1,1,0,,0.0,skipped_no_resolved_evidence,
Grupo Garnier,GRUPO GARNIER,1,1,0,,0.0,skipped_no_resolved_evidence,
Grupo H2,GRUPO H2,1,1,0,,0.0,skipped_no_resolved_evidence,
Grupo Hub,GRUPO HUB,1,1,0,,0.0,skipped_no_resolved_evidence,
Grupo IMESE,GRUPO IMESE,1,1,0,,0.0,skipped_no_resolved_evidence,
Grupo Leveros,GRUPO LEVEROS,1,1,0,,0.0,skipped_no_resolved_evidence,
Grupo Líder,GRUPO LÍDER,1,1,0,,0.0,skipped_no_resolved_evidence,
Grupo Mup,GRUPO MUP,1,1,0,,0.0,skipped_no_resolved_evidence,
Grupo Nexo Infinity,GRUPO NEXO INFINITY,1,1,0,,0.0,skipped_no_resolved_evidence,
Grupo Plata,GRUPO PLATA,1,1,0,,0.0,skipped_no_resolved_evidence,
Grupo QuintoAndar,GRUPO QUINTOANDAR,1,1,0,,0.0,skipped_no_resolved_evidence,
GRUPO SARRALLE,GRUPO SARRALLE,1,1,0,,0.0,skipped_no_resolved_evidence,
Grupo SDH,GRUPO SDH,1,1,0,,0.0,skipped_no_resolved_evidence,
Grupo Shogua,GRUPO SHOGUA,1,1,0,,0.0,skipped_no_resolved_evidence,
Grupo Suno,GRUPO SUNO,1,1,0,,0.0,skipped_no_resolved_evidence,
Grupo Símios,GRUPO SÍMIOS,1,1,0,,0.0,skipped_no_resolved_evidence,
Grupo Tombini,GRUPO TOMBINI,1,1,0,,0.0,skipped_no_resolved_evidence,
GRUPO UNICA SEGURANÇA PATRIMONIAL,GRUPO UNICA SEGURANÇA PATRIMONIAL,1,1,0,,0.0,skipped_no_resolved_evidence,
Gruppo GETRA,GRUPPO GETRA,1,1,0,,0.0,skipped_no_resolved_evidence,
Guias Locales,GUIAS LOCALES,1,1,0,,0.0,skipped_no_resolved_evidence,
Guidance Soluções,GUIDANCE SOLUÇÕES,1,1,0,,0.0,skipped_no_resolved_evidence,
H+H The Match,H+H THE MATCH,1,1,0,,0.0,skipped_no_resolved_evidence,
Halliburton,HALLIBURTON,1,1,0,,0.0,skipped_no_resolved_evidence,
Halton Borough Council,HALTON BOROUGH COUNCIL,1,1,0,,0.0,skipped_no_resolved_evidence,
Hamilton George Care,HAMILTON GEORGE CARE,1,1,0,,0.0,skipped_no_resolved_evidence,
hamrah mobin maham arvand,HAMRAH MOBIN MAHAM ARVAND,1,1,0,,0.0,skipped_no_resolved_evidence,
HAPEKO Österreich GmbH,HAPEKO ÖSTERREICH,1,1,0,,0.0,skipped_no_resolved_evidence,
Happiness,HAPPINESS,1,1,0,,0.0,skipped_no_resolved_evidence,
Haptiq,HAPTIQ,1,1,0,,0.0,skipped_no_resolved_evidence,
Hardwork Medicina,HARDWORK MEDICINA,1,1,0,,0.0,skipped_no_resolved_evidence,
Harness,HARNESS,1,1,0,,0.0,skipped_no_resolved_evidence,
Hashtag Para Empresas,HASHTAG PARA EMPRESAS,1,1,0,,0.0,skipped_no_resolved_evidence,
Hasten Group,HASTEN,1,1,0,,0.0,skipped_no_resolved_evidence,
Hattrick IT,HATTRICK IT,1,1,0,,0.0,skipped_no_resolved_evidence,
Havas Play 🇫🇷,HAVAS PLAY 🇫🇷,1,1,0,,0.0,skipped_no_resolved_evidence,
Havelar,HAVELAR,1,1,0,,0.0,skipped_no_resolved_evidence,
HEALTH2U-MX | VIBE BSA AESTHETICS,HEALTH2U-MX | VIBE BSA AESTHETICS,1,1,0,,0.0,skipped_no_resolved_evidence,
Health3A,HEALTH3A,1,1,0,,0.0,skipped_no_resolved_evidence,
Healthcare Personalmanagement GmbH,HEALTHCARE PERSONALMANAGEMENT,1,1,0,,0.0,skipped_no_resolved_evidence,
HEART ME & FOLLOW,HEART ME & FOLLOW,1,1,0,,0.0,skipped_no_resolved_evidence,
Heidrick & Struggles,HEIDRICK & STRUGGLES,1,1,0,,0.0,skipped_no_resolved_evidence,
Helios HR Talent,HELIOS HR TALENT,1,1,0,,0.0,skipped_no_resolved_evidence,
Helios Kliniken GmbH,HELIOS KLINIKEN,1,1,0,,0.0,skipped_no_resolved_evidence,
Helplearte,HELPLEARTE,1,1,0,,0.0,skipped_no_resolved_evidence,
HelpMed Saúde,HELPMED SAÚDE,1,1,0,,0.0,skipped_no_resolved_evidence,
HEMES,HEMES,1,1,0,,0.0,skipped_no_resolved_evidence,
Hero,HERO,1,1,0,,0.0,skipped_no_resolved_evidence,
Hexagon Geosystems,HEXAGON GEOSYSTEMS,1,1,0,,0.0,skipped_no_resolved_evidence,
Hexagon Mining,HEXAGON MINING,1,1,0,,0.0,skipped_no_resolved_evidence,
Hibernian Recruitment GmbH,HIBERNIAN RECRUITMENT,1,1,0,,0.0,skipped_no_resolved_evidence,
HiBob,HIBOB,1,1,0,,0.0,skipped_no_resolved_evidence,
HIF Global,HIF,1,1,0,,0.0,skipped_no_resolved_evidence,
Hiker Ventures,HIKER,1,1,0,,0.0,skipped_no_resolved_evidence,
Hindustan Aeronautics Limited,HINDUSTAN AERONAUTICS,1,1,0,,0.0,skipped_no_resolved_evidence,
HiPo Executive GmbH | Ärztevermittlung,HIPO EXECUTIVE | ÄRZTEVERMITTLUNG,1,1,0,,0.0,skipped_no_resolved_evidence,
Hire International,HIRE INTERNATIONAL,1,1,0,,0.0,skipped_no_resolved_evidence,
Hired,HIRED,1,1,0,,0.0,skipped_no_resolved_evidence,
"Hired by Matrix, Inc",HIRED BY MATRIX,1,1,0,,0.0,skipped_no_resolved_evidence,
Hired Remoteli,HIRED REMOTELI,1,1,0,,0.0,skipped_no_resolved_evidence,
Hireline.io,HIRELINE.IO,1,1,0,,0.0,skipped_no_resolved_evidence,
Hirevue,HIREVUE,1,1,0,,0.0,skipped_no_resolved_evidence,
Hirsch Personalberatung,HIRSCH PERSONALBERATUNG,1,1,0,,0.0,skipped_no_resolved_evidence,
Hit Ocean,HIT OCEAN,1,1,0,,0.0,skipped_no_resolved_evidence,
HitOcean,HITOCEAN,1,1,0,,0.0,skipped_no_resolved_evidence,
Home2 Suites by Hilton,HOME2 SUITES BY HILTON,1,1,0,,0.0,skipped_no_resolved_evidence,
HomeBuddy,HOMEBUDDY,1,1,0,,0.0,skipped_no_resolved_evidence,
HONOR,HONOR,1,1,0,,0.0,skipped_no_resolved_evidence,
Hospital das Clínicas da Faculdade de Medicina da USP,HOSPITAL DAS CLÍNICAS DA FACULDADE DE MEDICINA DA USP,1,1,0,,0.0,skipped_no_resolved_evidence,
HOSPITAL IGESP,HOSPITAL IGESP,1,1,0,,0.0,skipped_no_resolved_evidence,
Hotel Campo Marzio,HOTEL CAMPO MARZIO,1,1,0,,0.0,skipped_no_resolved_evidence,
How to Change the World,HOW TO CHANGE THE WORLD,1,1,0,,0.0,skipped_no_resolved_evidence,
Howdy.com,HOWDY.COM,1,1,0,,0.0,skipped_no_resolved_evidence,
HR Business Partners Perú,HR BUSINESS PARTNERS PERÚ,1,1,0,,0.0,skipped_no_resolved_evidence,
HR factory GmbH,HR FACTORY,1,1,0,,0.0,skipped_no_resolved_evidence,
HR-Werkstatt GmbH,HR-WERKSTATT,1,1,0,,0.0,skipped_no_resolved_evidence,
HRin,HRIN,1,1,0,,0.0,skipped_no_resolved_evidence,
HR® Employment Bureau,HR® EMPLOYMENT BUREAU,1,1,0,,0.0,skipped_no_resolved_evidence,
Hub Infinity,HUB INFINITY,1,1,0,,0.0,skipped_no_resolved_evidence,
HubSync,HUBSYNC,1,1,0,,0.0,skipped_no_resolved_evidence,
Human Phi,HUMAN PHI,1,1,0,,0.0,skipped_no_resolved_evidence,
Humana,HUMANA,1,1,0,,0.0,skipped_no_resolved_evidence,
Humana Mente - Salud Mental y Desarrollo Organizacional,HUMANA MENTE - SALUD MENTAL Y DESARROLLO ORGANIZACIONAL,1,1,0,,0.0,skipped_no_resolved_evidence,
Humanitas DMH - dienstverlening aan mensen met een hulpvraag,HUMANITAS DMH - DIENSTVERLENING AAN MENSEN MET EEN HULPVRAAG,1,1,0,,0.0,skipped_no_resolved_evidence,
hyrUP GmbH,HYRUP,1,1,0,,0.0,skipped_no_resolved_evidence,
i-Link Solutions/State of MA,I-LINK /STATE OF MA,1,1,0,,0.0,skipped_no_resolved_evidence,
i9edu,I9EDU,1,1,0,,0.0,skipped_no_resolved_evidence,
IAM meet,IAM MEET,1,1,0,,0.0,skipped_no_resolved_evidence,
iBoost Talent Raleigh South,IBOOST TALENT RALEIGH SOUTH,1,1,0,,0.0,skipped_no_resolved_evidence,
IBRA+ Carreira e Recolocação Assertiva,IBRA+ CARREIRA E RECOLOCAÇÃO ASSERTIVA,1,1,0,,0.0,skipped_no_resolved_evidence,
Ici - Instituto das Cidades Inteligentes,ICI - INSTITUTO DAS CIDADES INTELIGENTES,1,1,0,,0.0,skipped_no_resolved_evidence,
ICT Group,ICT,1,1,0,,0.0,skipped_no_resolved_evidence,
ICTS,ICTS,1,1,0,,0.0,skipped_no_resolved_evidence,
iCube - Direction informatique Castel,ICUBE - DIRECTION INFORMATIQUE CASTEL,1,1,0,,0.0,skipped_no_resolved_evidence,
ID.me,ID.ME,1,1,0,,0.0,skipped_no_resolved_evidence,
ID\TBWA,ID\TBWA,1,1,0,,0.0,skipped_no_resolved_evidence,
IEEE,IEEE,1,1,0,,0.0,skipped_no_resolved_evidence,
ieTeam Consultores,IETEAM CONSULTORES,1,1,0,,0.0,skipped_no_resolved_evidence,
IFSP - Campus Salto,IFSP - CAMPUS SALTO,1,1,0,,0.0,skipped_no_resolved_evidence,
IKEA,IKEA,1,1,0,,0.0,skipped_no_resolved_evidence,
IKO International,IKO INTERNATIONAL,1,1,0,,0.0,skipped_no_resolved_evidence,
ILERWORK,ILERWORK,1,1,0,,0.0,skipped_no_resolved_evidence,
IMA - Instituto Mineiro de Agropecuária,IMA - INSTITUTO MINEIRO DE AGROPECUÁRIA,1,1,0,,0.0,skipped_no_resolved_evidence,
Images Group,IMAGES,1,1,0,,0.0,skipped_no_resolved_evidence,
IMG Courses,IMG COURSES,1,1,0,,0.0,skipped_no_resolved_evidence,
Immobilien Robert Ellinghoven,IMMOBILIEN ROBERT ELLINGHOVEN,1,1,0,,0.0,skipped_no_resolved_evidence,
Impala Search,IMPALA SEARCH,1,1,0,,0.0,skipped_no_resolved_evidence,
Impel Talent,IMPEL TALENT,1,1,0,,0.0,skipped_no_resolved_evidence,
IMPS The Smurfs,IMPS THE SMURFS,1,1,0,,0.0,skipped_no_resolved_evidence,
IMS People Possible,IMS PEOPLE POSSIBLE,1,1,0,,0.0,skipped_no_resolved_evidence,
InBetta,INBETTA,1,1,0,,0.0,skipped_no_resolved_evidence,
Holding Incosec,INCOSEC,1,1,0,,0.0,skipped_no_resolved_evidence,
Incusol Inc,INCUSOL,1,1,0,,0.0,skipped_no_resolved_evidence,
Inditex,INDITEX,1,1,0,,0.0,skipped_no_resolved_evidence,
INFINIA,INFINIA,1,1,0,,0.0,skipped_no_resolved_evidence,
Infinite Lambda,INFINITE LAMBDA,1,1,0,,0.0,skipped_no_resolved_evidence,
INFOMOTION GmbH,INFOMOTION,1,1,0,,0.0,skipped_no_resolved_evidence,
ING Italia,ING ITALIA,1,1,0,,0.0,skipped_no_resolved_evidence,
Inkora,INKORA,1,1,0,,0.0,skipped_no_resolved_evidence,
InnovArise by Grupo AG,INNOVARISE BY GRUPO,1,1,0,,0.0,skipped_no_resolved_evidence,
Innovise IT,INNOVISE IT,1,1,0,,0.0,skipped_no_resolved_evidence,
Inove Drywall e Steel Frame,INOVE DRYWALL E STEEL FRAME,1,1,0,,0.0,skipped_no_resolved_evidence,
inovex GmbH,INOVEX,1,1,0,,0.0,skipped_no_resolved_evidence,
Insider Store,INSIDER STORE,1,1,0,,0.0,skipped_no_resolved_evidence,
Inspira Rede de Educadores,INSPIRA REDE DE EDUCADORES,1,1,0,,0.0,skipped_no_resolved_evidence,
Instituto Alma Empreendedora,INSTITUTO ALMA EMPREENDEDORA,1,1,0,,0.0,skipped_no_resolved_evidence,
Instituto Atlântico,INSTITUTO ATLÂNTICO,1,1,0,,0.0,skipped_no_resolved_evidence,
Instituto B55,INSTITUTO B55,1,1,0,,0.0,skipped_no_resolved_evidence,
"Instituto Federal de Educação, Ciência e Tecnologia do Ceará","INSTITUTO FEDERAL DE EDUCAÇÃO, CIÊNCIA E TECNOLOGIA DO CEARÁ",1,1,0,,0.0,skipped_no_resolved_evidence,
Instituto IA Saúde,INSTITUTO IA SAÚDE,1,1,0,,0.0,skipped_no_resolved_evidence,
Instituto Nacional de Colonización,INSTITUTO NACIONAL DE COLONIZACIÓN,1,1,0,,0.0,skipped_no_resolved_evidence,
Instituto Nacional de Telecomunicações - Inatel,INSTITUTO NACIONAL DE TELECOMUNICAÇÕES - INATEL,1,1,0,,0.0,skipped_no_resolved_evidence,
Instituto Profesional IPP,INSTITUTO PROFESIONAL IPP,1,1,0,,0.0,skipped_no_resolved_evidence,
INSTITUTO RAMA,INSTITUTO RAMA,1,1,0,,0.0,skipped_no_resolved_evidence,
Instituto Semear,INSTITUTO SEMEAR,1,1,0,,0.0,skipped_no_resolved_evidence,
INSYS icom,INSYS ICOM,1,1,0,,0.0,skipped_no_resolved_evidence,
Inteliteam,INTELITEAM,1,1,0,,0.0,skipped_no_resolved_evidence,
Inter&Co,INTER&CO,1,1,0,,0.0,skipped_no_resolved_evidence,
InterEx Group,INTEREX,1,1,0,,0.0,skipped_no_resolved_evidence,
Intermedia,INTERMEDIA,1,1,0,,0.0,skipped_no_resolved_evidence,
"International Talent Leader, Advisor & Business Coach","INTERNATIONAL TALENT LEADER, ADVISOR & BUSINESS COACH",1,1,0,,0.0,skipped_no_resolved_evidence,
interpool,INTERPOOL,1,1,0,,0.0,skipped_no_resolved_evidence,
Interseguro Compañía de Seguros,INTERSEGURO COMPAÑÍA DE SEGUROS,1,1,0,,0.0,skipped_no_resolved_evidence,
Intertec International,INTERTEC INTERNATIONAL,1,1,0,,0.0,skipped_no_resolved_evidence,
Inttegra,INTTEGRA,1,1,0,,0.0,skipped_no_resolved_evidence,
Invenergy,INVENERGY,1,1,0,,0.0,skipped_no_resolved_evidence,
inVentiv,INVENTIV,1,1,0,,0.0,skipped_no_resolved_evidence,
InvGate,INVGATE,1,1,0,,0.0,skipped_no_resolved_evidence,
Invillia,INVILLIA,1,1,0,,0.0,skipped_no_resolved_evidence,
IO TECNOLOGIA E SERVICOS LTDA,IO TECNOLOGIA E SERVICOS,1,1,0,,0.0,skipped_no_resolved_evidence,
Ion Interactive,ION INTERACTIVE,1,1,0,,0.0,skipped_no_resolved_evidence,
IORGA Group,IORGA,1,1,0,,0.0,skipped_no_resolved_evidence,
IORQ,IORQ,1,1,0,,0.0,skipped_no_resolved_evidence,
IP Soluções em RH,IP SOLUÇÕES EM RH,1,1,0,,0.0,skipped_no_resolved_evidence,
Ipsos,IPSOS,1,1,0,,0.0,skipped_no_resolved_evidence,
IQVIA,IQVIA,1,1,0,,0.0,skipped_no_resolved_evidence,
IRMARFER STRUCTURES,IRMARFER STRUCTURES,1,1,0,,0.0,skipped_no_resolved_evidence,
isolutions AG,ISOLUTIONS,1,1,0,,0.0,skipped_no_resolved_evidence,
Istituto Comprensivo,ISTITUTO COMPRENSIVO,1,1,0,,0.0,skipped_no_resolved_evidence,
ITF CHEMICAL LTDA,ITF CHEMICAL,1,1,0,,0.0,skipped_no_resolved_evidence,
Itonga Resourcing,ITONGA RESOURCING,1,1,0,,0.0,skipped_no_resolved_evidence,
itscout365,ITSCOUT365,1,1,0,,0.0,skipped_no_resolved_evidence,
IU Group,IU,1,1,0,,0.0,skipped_no_resolved_evidence,
iU Talent,IU TALENT,1,1,0,,0.0,skipped_no_resolved_evidence,
iUNGO,IUNGO,1,1,0,,0.0,skipped_no_resolved_evidence,
IZZON Lab,IZZON LAB,1,1,0,,0.0,skipped_no_resolved_evidence,
J.P. Morgan,J.P. MORGAN,1,1,0,,0.0,skipped_no_resolved_evidence,
Jadara Solutions,JADARA,1,1,0,,0.0,skipped_no_resolved_evidence,
Jambo Education Ltd,JAMBO EDUCATION,1,1,0,,0.0,skipped_no_resolved_evidence,
Janina Ott - systemische Beratung/Coaching,JANINA OTT - SYSTEMISCHE BERATUNG/COACHING,1,1,0,,0.0,skipped_no_resolved_evidence,
Jaxel,JAXEL,1,1,0,,0.0,skipped_no_resolved_evidence,
JD Casa & Construção,JD CASA & CONSTRUÇÃO,1,1,0,,0.0,skipped_no_resolved_evidence,
JEM Systems,JEM SYSTEMS,1,1,0,,0.0,skipped_no_resolved_evidence,
Jfm Industria e Comercio LTDA,JFM INDUSTRIA E COMERCIO,1,1,0,,0.0,skipped_no_resolved_evidence,
JMAN Group,JMAN,1,1,0,,0.0,skipped_no_resolved_evidence,
Jobcrown GmbH,JOBCROWN,1,1,0,,0.0,skipped_no_resolved_evidence,
JobInside UG,JOBINSIDE UG,1,1,0,,0.0,skipped_no_resolved_evidence,
Jobscan,JOBSCAN,1,1,0,,0.0,skipped_no_resolved_evidence,
JobTeaser,JOBTEASER,1,1,0,,0.0,skipped_no_resolved_evidence,
Jobwal,JOBWAL,1,1,0,,0.0,skipped_no_resolved_evidence,
John Bryce,JOHN BRYCE,1,1,0,,0.0,skipped_no_resolved_evidence,
Join Talent,JOIN TALENT,1,1,0,,0.0,skipped_no_resolved_evidence,
JPMorganChase,JPMORGANCHASE,1,1,0,,0.0,skipped_no_resolved_evidence,
Juan Motilla S.L,JUAN MOTILLA S.L,1,1,0,,0.0,skipped_no_resolved_evidence,
Jude's,JUDE'S,1,1,0,,0.0,skipped_no_resolved_evidence,
Jumbo Supermarkten,JUMBO SUPERMARKTEN,1,1,0,,0.0,skipped_no_resolved_evidence,
Jumpstart Immigration,JUMPSTART IMMIGRATION,1,1,0,,0.0,skipped_no_resolved_evidence,
Just Eat Takeaway.com,JUST EAT TAKEAWAY.COM,1,1,0,,0.0,skipped_no_resolved_evidence,
KA Resources Recruitment SL,KA RESOURCES RECRUITMENT,1,1,0,,0.0,skipped_no_resolved_evidence,
Kajae,KAJAE,1,1,0,,0.0,skipped_no_resolved_evidence,
Kantar,KANTAR,1,1,0,,0.0,skipped_no_resolved_evidence,
Kasparov Finance & BI,KASPAROV FINANCE & BI,1,1,0,,0.0,skipped_no_resolved_evidence,
Kata Vegh Psychologist,KATA VEGH PSYCHOLOGIST,1,1,0,,0.0,skipped_no_resolved_evidence,
Kazulo Displays,KAZULO DISPLAYS,1,1,0,,0.0,skipped_no_resolved_evidence,
Keboola,KEBOOLA,1,1,0,,0.0,skipped_no_resolved_evidence,
Keeta,KEETA,1,1,0,,0.0,skipped_no_resolved_evidence,
Keio University Global Research Institute (KGRI),KEIO UNIVERSITY RESEARCH INSTITUTE (KGRI),1,1,0,,0.0,skipped_no_resolved_evidence,
Kelly México,KELLY MÉXICO,1,1,0,,0.0,skipped_no_resolved_evidence,
KELTIS,KELTIS,1,1,0,,0.0,skipped_no_resolved_evidence,
KES - Knowledge Exchange Sessions,KES - KNOWLEDGE EXCHANGE SESSIONS,1,1,0,,0.0,skipped_no_resolved_evidence,
Ketterer Kunst GmbH & Co. KG,KETTERER KUNST & CO,1,1,0,,0.0,skipped_no_resolved_evidence,
KI people,KI PEOPLE,1,1,0,,0.0,skipped_no_resolved_evidence,
Kids First COP groep,KIDS FIRST COP GROEP,1,1,0,,0.0,skipped_no_resolved_evidence,
Kimberly-Clark,KIMBERLY-CLARK,1,1,0,,0.0,skipped_no_resolved_evidence,
Kinebot,KINEBOT,1,1,0,,0.0,skipped_no_resolved_evidence,
Kleinkunstig,KLEINKUNSTIG,1,1,0,,0.0,skipped_no_resolved_evidence,
Kliente 360,KLIENTE 360,1,1,0,,0.0,skipped_no_resolved_evidence,
Knots,KNOTS,1,1,0,,0.0,skipped_no_resolved_evidence,
Koc Electro,KOC ELECTRO,1,1,0,,0.0,skipped_no_resolved_evidence,
Kodros | Financials voor gemeenten,KODROS | FINANCIALS VOOR GEMEENTEN,1,1,0,,0.0,skipped_no_resolved_evidence,
KONCILI,KONCILI,1,1,0,,0.0,skipped_no_resolved_evidence,
Konecta,KONECTA,1,1,0,,0.0,skipped_no_resolved_evidence,
KooKoo Strategy,KOOKOO STRATEGY,1,1,0,,0.0,skipped_no_resolved_evidence,
Kora Saúde,KORA SAÚDE,1,1,0,,0.0,skipped_no_resolved_evidence,
Kordsa,KORDSA,1,1,0,,0.0,skipped_no_resolved_evidence,
Kovi,KOVI,1,1,0,,0.0,skipped_no_resolved_evidence,
Kozijnmakers B.V,KOZIJNMAKERS B.V,1,1,0,,0.0,skipped_no_resolved_evidence,
Kromberg & Schubert,KROMBERG & SCHUBERT,1,1,0,,0.0,skipped_no_resolved_evidence,
Krones,KRONES,1,1,0,,0.0,skipped_no_resolved_evidence,
Kunumi,KUNUMI,1,1,0,,0.0,skipped_no_resolved_evidence,
KWAN,KWAN,1,1,0,,0.0,skipped_no_resolved_evidence,
L'Oréal,L'ORÉAL,1,1,0,,0.0,skipped_no_resolved_evidence,
La Caja de Ahorro y Seguro,LA CAJA DE AHORRO Y SEGURO,1,1,0,,0.0,skipped_no_resolved_evidence,
La Salle BCN,LA SALLE BCN,1,1,0,,0.0,skipped_no_resolved_evidence,
LabPro,LABPRO,1,1,0,,0.0,skipped_no_resolved_evidence,
Laghetto,LAGHETTO,1,1,0,,0.0,skipped_no_resolved_evidence,
LanceSoft UAE,LANCESOFT UAE,1,1,0,,0.0,skipped_no_resolved_evidence,
Lapônia - Concessionário de Caminhões e Chassis de Ônibus Volvo,LAPÔNIA - CONCESSIONÁRIO DE CAMINHÕES E CHASSIS DE ÔNIBUS VOLVO,1,1,0,,0.0,skipped_no_resolved_evidence,
Larissa Sanford,LARISSA SANFORD,1,1,0,,0.0,skipped_no_resolved_evidence,
latex,LATEX,1,1,0,,0.0,skipped_no_resolved_evidence,
LAUTEC Group,LAUTEC,1,1,0,,0.0,skipped_no_resolved_evidence,
Layse Tattoo,LAYSE TATTOO,1,1,0,,0.0,skipped_no_resolved_evidence,
LCM Energy,LCM ENERGY,1,1,0,,0.0,skipped_no_resolved_evidence,
LCM Sports and Pet Products,LCM SPORTS AND PET PRODUCTS,1,1,0,,0.0,skipped_no_resolved_evidence,
Leaders Lifestyle,LEADERS LIFESTYLE,1,1,0,,0.0,skipped_no_resolved_evidence,
LeadHRM,LEADHRM,1,1,0,,0.0,skipped_no_resolved_evidence,
Leads2b,LEADS2B,1,1,0,,0.0,skipped_no_resolved_evidence,
LeanConvert,LEANCONVERT,1,1,0,,0.0,skipped_no_resolved_evidence,
Learnlight,LEARNLIGHT,1,1,0,,0.0,skipped_no_resolved_evidence,
Lee Hecht Harrison,LEE HECHT HARRISON,1,1,0,,0.0,skipped_no_resolved_evidence,
Lenovo PCCW Solutions,LENOVO PCCW,1,1,0,,0.0,skipped_no_resolved_evidence,
Leroy Merlin,LEROY MERLIN,1,1,0,,0.0,skipped_no_resolved_evidence,
Lesaffre,LESAFFRE,1,1,0,,0.0,skipped_no_resolved_evidence,
Level.works,LEVEL.WORKS,1,1,0,,0.0,skipped_no_resolved_evidence,
LevelUP HCS,LEVELUP HCS,1,1,0,,0.0,skipped_no_resolved_evidence,
Leão estratégia e Gestão,LEÃO ESTRATÉGIA E GESTÃO,1,1,0,,0.0,skipped_no_resolved_evidence,
LG CNS,LG CNS,1,1,0,,0.0,skipped_no_resolved_evidence,
LG Consultores,LG CONSULTORES,1,1,0,,0.0,skipped_no_resolved_evidence,
LGT Transport,LGT TRANSPORT,1,1,0,,0.0,skipped_no_resolved_evidence,
LHP Engineering Solutions,LHP ENGINEERING,1,1,0,,0.0,skipped_no_resolved_evidence,
Lifemate Furniture,LIFEMATE FURNITURE,1,1,0,,0.0,skipped_no_resolved_evidence,
Lightsound Group,LIGHTSOUND,1,1,0,,0.0,skipped_no_resolved_evidence,
Lingoda GmbH,LINGODA,1,1,0,,0.0,skipped_no_resolved_evidence,
Link School,LINK SCHOOL,1,1,0,,0.0,skipped_no_resolved_evidence,
Linuxell Informática,LINUXELL INFORMÁTICA,1,1,0,,0.0,skipped_no_resolved_evidence,
Linvo,LINVO,1,1,0,,0.0,skipped_no_resolved_evidence,
Lisalog Operador Logístico,LISALOG OPERADOR LOGÍSTICO,1,1,0,,0.0,skipped_no_resolved_evidence,
Litcessory,LITCESSORY,1,1,0,,0.0,skipped_no_resolved_evidence,
LivaNova,LIVANOVA,1,1,0,,0.0,skipped_no_resolved_evidence,
Livensa Living,LIVENSA LIVING,1,1,0,,0.0,skipped_no_resolved_evidence,
Livre Escolha,LIVRE ESCOLHA,1,1,0,,0.0,skipped_no_resolved_evidence,
LKS NEXT,LKS NEXT,1,1,0,,0.0,skipped_no_resolved_evidence,
LOCUMPRO GmbH,LOCUMPRO,1,1,0,,0.0,skipped_no_resolved_evidence,
Logging-In.com Inc,LOGGING-IN.COM,1,1,0,,0.0,skipped_no_resolved_evidence,
Logic Pursuits,LOGIC PURSUITS,1,1,0,,0.0,skipped_no_resolved_evidence,
Lojas Eskala,LOJAS ESKALA,1,1,0,,0.0,skipped_no_resolved_evidence,
Lovely,LOVELY,1,1,0,,0.0,skipped_no_resolved_evidence,
LoyaltyCom,LOYALTYCOM,1,1,0,,0.0,skipped_no_resolved_evidence,
Luiza Dominguez,LUIZA DOMINGUEZ,1,1,0,,0.0,skipped_no_resolved_evidence,
Lusitania,LUSITANIA,1,1,0,,0.0,skipped_no_resolved_evidence,
Luxoft,LUXOFT,1,1,0,,0.0,skipped_no_resolved_evidence,
Luxor Group,LUXOR,1,1,0,,0.0,skipped_no_resolved_evidence,
LUÁ Centro de Orientación Integral,LUÁ CENTRO DE ORIENTACIÓN INTEGRAL,1,1,0,,0.0,skipped_no_resolved_evidence,
Lyric,LYRIC,1,1,0,,0.0,skipped_no_resolved_evidence,
MABI,MABI,1,1,0,,0.0,skipped_no_resolved_evidence,
Mabu Mabu,MABU MABU,1,1,0,,0.0,skipped_no_resolved_evidence,
Macrosol Energia Solar,MACROSOL ENERGIA SOLAR,1,1,0,,0.0,skipped_no_resolved_evidence,
MAD Search Talent,MAD SEARCH TALENT,1,1,0,,0.0,skipped_no_resolved_evidence,
MadeiraMadeira,MADEIRAMADEIRA,1,1,0,,0.0,skipped_no_resolved_evidence,
Madison Wells,MADISON WELLS,1,1,0,,0.0,skipped_no_resolved_evidence,
Magneto,MAGNETO,1,1,0,,0.0,skipped_no_resolved_evidence,
MakeValue,MAKEVALUE,1,1,0,,0.0,skipped_no_resolved_evidence,
malomatia,MALOMATIA,1,1,0,,0.0,skipped_no_resolved_evidence,
Maltem Asia-Pacific,MALTEM ASIA-PACIFIC,1,1,0,,0.0,skipped_no_resolved_evidence,
Mandomedio Perú,MANDOMEDIO PERÚ,1,1,0,,0.0,skipped_no_resolved_evidence,
Manfred,MANFRED,1,1,0,,0.0,skipped_no_resolved_evidence,
Manserv,MANSERV,1,1,0,,0.0,skipped_no_resolved_evidence,
Maplink,MAPLINK,1,1,0,,0.0,skipped_no_resolved_evidence,
marco,MARCO,1,1,0,,0.0,skipped_no_resolved_evidence,
Maria Enterprise,MARIA ENTERPRISE,1,1,0,,0.0,skipped_no_resolved_evidence,
MariaDB,MARIADB,1,1,0,,0.0,skipped_no_resolved_evidence,
Marine Instruments,MARINE INSTRUMENTS,1,1,0,,0.0,skipped_no_resolved_evidence,
Markel,MARKEL,1,1,0,,0.0,skipped_no_resolved_evidence,
Markus Schmidleitner - Villa Bergzauber,MARKUS SCHMIDLEITNER - VILLA BERGZAUBER,1,1,0,,0.0,skipped_no_resolved_evidence,
Masentó Group,MASENTÓ,1,1,0,,0.0,skipped_no_resolved_evidence,
Masterplan.com,MASTERPLAN.COM,1,1,0,,0.0,skipped_no_resolved_evidence,
Masterschool,MASTERSCHOOL,1,1,0,,0.0,skipped_no_resolved_evidence,
mattilda,MATTILDA,1,1,0,,0.0,skipped_no_resolved_evidence,
Mattos Engelberg Echenique Advogados,MATTOS ENGELBERG ECHENIQUE ADVOGADOS,1,1,0,,0.0,skipped_no_resolved_evidence,
Mayo Clinic,MAYO CLINIC,1,1,0,,0.0,skipped_no_resolved_evidence,
Mayoral Moda Infantil,MAYORAL MODA INFANTIL,1,1,0,,0.0,skipped_no_resolved_evidence,
MCC Label,MCC LABEL,1,1,0,,0.0,skipped_no_resolved_evidence,
Measurelab,MEASURELAB,1,1,0,,0.0,skipped_no_resolved_evidence,
MedTec - Medicina Técnica,MEDTEC - MEDICINA TÉCNICA,1,1,0,,0.0,skipped_no_resolved_evidence,
Medway,MEDWAY,1,1,0,,0.0,skipped_no_resolved_evidence,
Mega distribuidora de cosméticos,MEGA DISTRIBUIDORA DE COSMÉTICOS,1,1,0,,0.0,skipped_no_resolved_evidence,
MEGGLE GmbH & Co. KG,MEGGLE & CO,1,1,0,,0.0,skipped_no_resolved_evidence,
Mein Leben,MEIN LEBEN,1,1,0,,0.0,skipped_no_resolved_evidence,
MelhorPlano.net,MELHORPLANO.NET,1,1,0,,0.0,skipped_no_resolved_evidence,
Mench-adv 'מנצ,MENCH-ADV 'מנצ,1,1,0,,0.0,skipped_no_resolved_evidence,
Meng GmbH,MENG,1,1,0,,0.0,skipped_no_resolved_evidence,
Mentor vzw,MENTOR VZW,1,1,0,,0.0,skipped_no_resolved_evidence,
Mercafacil,MERCAFACIL,1,1,0,,0.0,skipped_no_resolved_evidence,
Mercury Theatre,MERCURY THEATRE,1,1,0,,0.0,skipped_no_resolved_evidence,
MessageMatch,MESSAGEMATCH,1,1,0,,0.0,skipped_no_resolved_evidence,
Metso,METSO,1,1,0,,0.0,skipped_no_resolved_evidence,
Meu bess,MEU BESS,1,1,0,,0.0,skipped_no_resolved_evidence,
Mewa,MEWA,1,1,0,,0.0,skipped_no_resolved_evidence,
MG Manutenção,MG MANUTENÇÃO,1,1,0,,0.0,skipped_no_resolved_evidence,
MHP – A Porsche Company,MHP – A PORSCHE COMPANY,1,1,0,,0.0,skipped_no_resolved_evidence,
Mibbers,MIBBERS,1,1,0,,0.0,skipped_no_resolved_evidence,
Michelin,MICHELIN,1,1,0,,0.0,skipped_no_resolved_evidence,
Microlins,MICROLINS,1,1,0,,0.0,skipped_no_resolved_evidence,
Midway,MIDWAY,1,1,0,,0.0,skipped_no_resolved_evidence,
MindBase,MINDBASE,1,1,0,,0.0,skipped_no_resolved_evidence,
Mindbody,MINDBODY,1,1,0,,0.0,skipped_no_resolved_evidence,
Mindful Concepts,MINDFUL CONCEPTS,1,1,0,,0.0,skipped_no_resolved_evidence,
MindMiners,MINDMINERS,1,1,0,,0.0,skipped_no_resolved_evidence,
Mineradores,MINERADORES,1,1,0,,0.0,skipped_no_resolved_evidence,
Mineral Resources,MINERAL RESOURCES,1,1,0,,0.0,skipped_no_resolved_evidence,
Ministerie van Defensie,MINISTERIE VAN DEFENSIE,1,1,0,,0.0,skipped_no_resolved_evidence,
Ministério da Cultura,MINISTÉRIO DA CULTURA,1,1,0,,0.0,skipped_no_resolved_evidence,
MintMe.com,MINTME.COM,1,1,0,,0.0,skipped_no_resolved_evidence,
Miro,MIRO,1,1,0,,0.0,skipped_no_resolved_evidence,
MIT Sloan School of Management,MIT SLOAN SCHOOL OF MANAGEMENT,1,1,0,,0.0,skipped_no_resolved_evidence,
Mitsubishi Electric Automotive de México,MITSUBISHI ELECTRIC AUTOMOTIVE DE MÉXICO,1,1,0,,0.0,skipped_no_resolved_evidence,
Mixam,MIXAM,1,1,0,,0.0,skipped_no_resolved_evidence,
MİTAS GROUP,MİTAS,1,1,0,,0.0,skipped_no_resolved_evidence,
Modern Health,MODERN HEALTH,1,1,0,,0.0,skipped_no_resolved_evidence,
MODIFI,MODIFI,1,1,0,,0.0,skipped_no_resolved_evidence,
Modus Create,MODUS CREATE,1,1,0,,0.0,skipped_no_resolved_evidence,
Molex,MOLEX,1,1,0,,0.0,skipped_no_resolved_evidence,
Monee,MONEE,1,1,0,,0.0,skipped_no_resolved_evidence,
Monks,MONKS,1,1,0,,0.0,skipped_no_resolved_evidence,
Montash,MONTASH,1,1,0,,0.0,skipped_no_resolved_evidence,
Montes del Plata (Stora Enso & Arauco),MONTES DEL PLATA (STORA ENSO & ARAUCO),1,1,0,,0.0,skipped_no_resolved_evidence,
Monuv,MONUV,1,1,0,,0.0,skipped_no_resolved_evidence,
Moody's Corporation,MOODY'S,1,1,0,,0.0,skipped_no_resolved_evidence,
moOngy,MOONGY,1,1,0,,0.0,skipped_no_resolved_evidence,
MOONTON GAMES,MOONTON GAMES,1,1,0,,0.0,skipped_no_resolved_evidence,
Motoca - Aluguel de Moto,MOTOCA - ALUGUEL DE MOTO,1,1,0,,0.0,skipped_no_resolved_evidence,
MOTUS Consultora | Estratégia en Recursos Humanos,MOTUS CONSULTORA | ESTRATÉGIA EN RECURSOS HUMANOS,1,1,0,,0.0,skipped_no_resolved_evidence,
Movizzon,MOVIZZON,1,1,0,,0.0,skipped_no_resolved_evidence,
MOZAYDO,MOZAYDO,1,1,0,,0.0,skipped_no_resolved_evidence,
MPS Partners,MPS PARTNERS,1,1,0,,0.0,skipped_no_resolved_evidence,
MSC Mediterranean Shipping Company,MSC MEDITERRANEAN SHIPPING COMPANY,1,1,0,,0.0,skipped_no_resolved_evidence,
MSL Corporate,MSL CORPORATE,1,1,0,,0.0,skipped_no_resolved_evidence,
mSupply,MSUPPLY,1,1,0,,0.0,skipped_no_resolved_evidence,
MurryConsult LLC,MURRYCONSULT,1,1,0,,0.0,skipped_no_resolved_evidence,
Mushtari Capital,MUSHTARI CAPITAL,1,1,0,,0.0,skipped_no_resolved_evidence,
n1co,N1CO,1,1,0,,0.0,skipped_no_resolved_evidence,
NACHO Sales,NACHO SALES,1,1,0,,0.0,skipped_no_resolved_evidence,
Nanovest,NANOVEST,1,1,0,,0.0,skipped_no_resolved_evidence,
Nasir Float Glass Industries Ltd,NASIR FLOAT GLASS INDUSTRIES,1,1,0,,0.0,skipped_no_resolved_evidence,
National Service Scheme,NATIONAL SCHEME,1,1,0,,0.0,skipped_no_resolved_evidence,
NAVA · Executive Support & Growth,NAVA · EXECUTIVE SUPPORT & GROWTH,1,1,0,,0.0,skipped_no_resolved_evidence,
Naviera Integral,NAVIERA INTEGRAL,1,1,0,,0.0,skipped_no_resolved_evidence,
NEBIRU,NEBIRU,1,1,0,,0.0,skipped_no_resolved_evidence,
Nebula Partners LLC,NEBULA PARTNERS,1,1,0,,0.0,skipped_no_resolved_evidence,
nectar,NECTAR,1,1,0,,0.0,skipped_no_resolved_evidence,
NeenOpal Inc,NEENOPAL,1,1,0,,0.0,skipped_no_resolved_evidence,
Nessentis,NESSENTIS,1,1,0,,0.0,skipped_no_resolved_evidence,
Net Temps Limited,NET TEMPS,1,1,0,,0.0,skipped_no_resolved_evidence,
Netex Group,NETEX,1,1,0,,0.0,skipped_no_resolved_evidence,
NetExpat,NETEXPAT,1,1,0,,0.0,skipped_no_resolved_evidence,
Netfive,NETFIVE,1,1,0,,0.0,skipped_no_resolved_evidence,
NetForemost,NETFOREMOST,1,1,0,,0.0,skipped_no_resolved_evidence,
Netrin,NETRIN,1,1,0,,0.0,skipped_no_resolved_evidence,
NETZSCH Group,NETZSCH,1,1,0,,0.0,skipped_no_resolved_evidence,
Neue Narrative,NEUE NARRATIVE,1,1,0,,0.0,skipped_no_resolved_evidence,
Neumüller Elektronik GmbH,NEUMÜLLER ELEKTRONIK,1,1,0,,0.0,skipped_no_resolved_evidence,
Newnew | Educação Corporativa,NEWNEW | EDUCAÇÃO CORPORATIVA,1,1,0,,0.0,skipped_no_resolved_evidence,
Newsela,NEWSELA,1,1,0,,0.0,skipped_no_resolved_evidence,
NewtonX,NEWTONX,1,1,0,,0.0,skipped_no_resolved_evidence,
NEX Energy,NEX ENERGY,1,1,0,,0.0,skipped_no_resolved_evidence,
NEXA,NEXA,1,1,0,,0.0,skipped_no_resolved_evidence,
NexCen Global Inc,NEXCEN,1,1,0,,0.0,skipped_no_resolved_evidence,
nexwave,NEXWAVE,1,1,0,,0.0,skipped_no_resolved_evidence,
NGAGE,NGAGE,1,1,0,,0.0,skipped_no_resolved_evidence,
Nickel,NICKEL,1,1,0,,0.0,skipped_no_resolved_evidence,
Nicoly Oliveira,NICOLY OLIVEIRA,1,1,0,,0.0,skipped_no_resolved_evidence,
Nidec Corporation Global,NIDEC,1,1,0,,0.0,skipped_no_resolved_evidence,
NielsenIQ,NIELSENIQ,1,1,0,,0.0,skipped_no_resolved_evidence,
Nike,NIKE,1,1,0,,0.0,skipped_no_resolved_evidence,
Ninecon,NINECON,1,1,0,,0.0,skipped_no_resolved_evidence,
Nivela,NIVELA,1,1,0,,0.0,skipped_no_resolved_evidence,
NJF Global Holdings Ltd,NJF,1,1,0,,0.0,skipped_no_resolved_evidence,
Nodos Hub,NODOS HUB,1,1,0,,0.0,skipped_no_resolved_evidence,
Nomad Career,NOMAD CAREER,1,1,0,,0.0,skipped_no_resolved_evidence,
Nord Group,NORD,1,1,0,,0.0,skipped_no_resolved_evidence,
notro,NOTRO,1,1,0,,0.0,skipped_no_resolved_evidence,
Nouvel Talent,NOUVEL TALENT,1,1,0,,0.0,skipped_no_resolved_evidence,
NTT Ltd,NTT,1,1,0,,0.0,skipped_no_resolved_evidence,
NuageIT,NUAGEIT,1,1,0,,0.0,skipped_no_resolved_evidence,
Nurtur,NURTUR,1,1,0,,0.0,skipped_no_resolved_evidence,
Nutrata,NUTRATA,1,1,0,,0.0,skipped_no_resolved_evidence,
Nômad Recursos Humanos,NÔMAD RECURSOS HUMANOS,1,1,0,,0.0,skipped_no_resolved_evidence,
O'Reilly Media,O'REILLY MEDIA,1,1,0,,0.0,skipped_no_resolved_evidence,
Oasis Infobyte,OASIS INFOBYTE,1,1,0,,0.0,skipped_no_resolved_evidence,
Oberender AG,OBERENDER,1,1,0,,0.0,skipped_no_resolved_evidence,
Obrela,OBRELA,1,1,0,,0.0,skipped_no_resolved_evidence,
OBSS,OBSS,1,1,0,,0.0,skipped_no_resolved_evidence,
Ocean Investment,OCEAN INVESTMENT,1,1,0,,0.0,skipped_no_resolved_evidence,
Ocean Network Express,OCEAN NETWORK EXPRESS,1,1,0,,0.0,skipped_no_resolved_evidence,
Octopus Energy,OCTOPUS ENERGY,1,1,0,,0.0,skipped_no_resolved_evidence,
OctronX™,OCTRONX™,1,1,0,,0.0,skipped_no_resolved_evidence,
Odeabank,ODEABANK,1,1,0,,0.0,skipped_no_resolved_evidence,
Odebrecht Angola,ODEBRECHT ANGOLA,1,1,0,,0.0,skipped_no_resolved_evidence,
Oderço,ODERÇO,1,1,0,,0.0,skipped_no_resolved_evidence,
Odido Nederland,ODIDO NEDERLAND,1,1,0,,0.0,skipped_no_resolved_evidence,
OdontoCompany,ODONTOCOMPANY,1,1,0,,0.0,skipped_no_resolved_evidence,
Oktana Corporation,OKTANA,1,1,0,,0.0,skipped_no_resolved_evidence,
OllyGarden,OLLYGARDEN,1,1,0,,0.0,skipped_no_resolved_evidence,
OM Housing,OM HOUSING,1,1,0,,0.0,skipped_no_resolved_evidence,
Omnidocs,OMNIDOCS,1,1,0,,0.0,skipped_no_resolved_evidence,
ONE HIRING,ONE HIRING,1,1,0,,0.0,skipped_no_resolved_evidence,
OneCareer GmbH,ONECAREER,1,1,0,,0.0,skipped_no_resolved_evidence,
OnHires,ONHIRES,1,1,0,,0.0,skipped_no_resolved_evidence,
Onis Welzijn,ONIS WELZIJN,1,1,0,,0.0,skipped_no_resolved_evidence,
Onix,ONIX,1,1,0,,0.0,skipped_no_resolved_evidence,
Oolooroo.io,OOLOOROO.IO,1,1,0,,0.0,skipped_no_resolved_evidence,
Open (YC W24),OPEN (YC W24),1,1,0,,0.0,skipped_no_resolved_evidence,
Openbaar Ministerie,OPENBAAR MINISTERIE,1,1,0,,0.0,skipped_no_resolved_evidence,
OpenCON,OPENCON,1,1,0,,0.0,skipped_no_resolved_evidence,
openEuler,OPENEULER,1,1,0,,0.0,skipped_no_resolved_evidence,
OpenTalent,OPENTALENT,1,1,0,,0.0,skipped_no_resolved_evidence,
OPLIUM,OPLIUM,1,1,0,,0.0,skipped_no_resolved_evidence,
Opny,OPNY,1,1,0,,0.0,skipped_no_resolved_evidence,
Optiflow,OPTIFLOW,1,1,0,,0.0,skipped_no_resolved_evidence,
Optimum Solutions Pte Ltd,OPTIMUM PTE,1,1,0,,0.0,skipped_no_resolved_evidence,
OpusClip,OPUSCLIP,1,1,0,,0.0,skipped_no_resolved_evidence,
Orange Business Services,ORANGE BUSINESS,1,1,0,,0.0,skipped_no_resolved_evidence,
OrangeLoops,ORANGELOOPS,1,1,0,,0.0,skipped_no_resolved_evidence,
Orbital Gaming,ORBITAL GAMING,1,1,0,,0.0,skipped_no_resolved_evidence,
Otis Elevator Co,OTIS ELEVATOR CO,1,1,0,,0.0,skipped_no_resolved_evidence,
OTP Group,OTP,1,1,0,,0.0,skipped_no_resolved_evidence,
over99,OVER99,1,1,0,,0.0,skipped_no_resolved_evidence,
Overmind,OVERMIND,1,1,0,,0.0,skipped_no_resolved_evidence,
Owen Daniels,OWEN DANIELS,1,1,0,,0.0,skipped_no_resolved_evidence,
Pacífico Seguros,PACÍFICO SEGUROS,1,1,0,,0.0,skipped_no_resolved_evidence,
Page Contracting,PAGE CONTRACTING,1,1,0,,0.0,skipped_no_resolved_evidence,
Page Executive,PAGE EXECUTIVE,1,1,0,,0.0,skipped_no_resolved_evidence,
PALAS,PALAS,1,1,0,,0.0,skipped_no_resolved_evidence,
Paperlike,PAPERLIKE,1,1,0,,0.0,skipped_no_resolved_evidence,
Papp Logistics,PAPP LOGISTICS,1,1,0,,0.0,skipped_no_resolved_evidence,
Paraform,PARAFORM,1,1,0,,0.0,skipped_no_resolved_evidence,
"Paragon Films, Inc. México","PARAGON FILMS, . MÉXICO",1,1,0,,0.0,skipped_no_resolved_evidence,
Parcelhero,PARCELHERO,1,1,0,,0.0,skipped_no_resolved_evidence,
PassCard,PASSCARD,1,1,0,,0.0,skipped_no_resolved_evidence,
Patton Labs Inc,PATTON LABS,1,1,0,,0.0,skipped_no_resolved_evidence,
Payoneer,PAYONEER,1,1,0,,0.0,skipped_no_resolved_evidence,
PBCN GmbH,PBCN,1,1,0,,0.0,skipped_no_resolved_evidence,
PD on Demand GmbH,PD ON DEMAND,1,1,0,,0.0,skipped_no_resolved_evidence,
PdH | Partei der Humanisten,PDH | PARTEI DER HUMANISTEN,1,1,0,,0.0,skipped_no_resolved_evidence,
Pecege,PECEGE,1,1,0,,0.0,skipped_no_resolved_evidence,
Pensecom - Inteligência em Recursos Humanos,PENSECOM - INTELIGÊNCIA EM RECURSOS HUMANOS,1,1,0,,0.0,skipped_no_resolved_evidence,
Pentágono Engenharia,PENTÁGONO ENGENHARIA,1,1,0,,0.0,skipped_no_resolved_evidence,
People A&M,PEOPLE A&M,1,1,0,,0.0,skipped_no_resolved_evidence,
People Made Machines,PEOPLE MADE MACHINES,1,1,0,,0.0,skipped_no_resolved_evidence,
People55,PEOPLE55,1,1,0,,0.0,skipped_no_resolved_evidence,
Peoplematters,PEOPLEMATTERS,1,1,0,,0.0,skipped_no_resolved_evidence,
Peoples Republic,PEOPLES REPUBLIC,1,1,0,,0.0,skipped_no_resolved_evidence,
Performa_IT,PERFORMA_IT,1,1,0,,0.0,skipped_no_resolved_evidence,
Peritus Partners,PERITUS PARTNERS,1,1,0,,0.0,skipped_no_resolved_evidence,
Persistent Systems,PERSISTENT SYSTEMS,1,1,0,,0.0,skipped_no_resolved_evidence,
PersonalGlobal,PERSONALGLOBAL,1,1,0,,0.0,skipped_no_resolved_evidence,
Personalhaus Gruppe,PERSONALHAUS GRUPPE,1,1,0,,0.0,skipped_no_resolved_evidence,
Perspective Dragon,PERSPECTIVE DRAGON,1,1,0,,0.0,skipped_no_resolved_evidence,
Pertemps Network Group,PERTEMPS NETWORK,1,1,0,,0.0,skipped_no_resolved_evidence,
Pessoa Jurídica,PESSOA JURÍDICA,1,1,0,,0.0,skipped_no_resolved_evidence,
Peter Park,PETER PARK,1,1,0,,0.0,skipped_no_resolved_evidence,
Petz,PETZ,1,1,0,,0.0,skipped_no_resolved_evidence,
Pharmbills,PHARMBILLS,1,1,0,,0.0,skipped_no_resolved_evidence,
PinkRoccade Local Government,PINKROCCADE LOCAL GOVERNMENT,1,1,0,,0.0,skipped_no_resolved_evidence,
PINPOINT,PINPOINT,1,1,0,,0.0,skipped_no_resolved_evidence,
Pipeimob,PIPEIMOB,1,1,0,,0.0,skipped_no_resolved_evidence,
Pipol | Recrutamento Industrial,PIPOL | RECRUTAMENTO INDUSTRIAL,1,1,0,,0.0,skipped_no_resolved_evidence,
Pismo,PISMO,1,1,0,,0.0,skipped_no_resolved_evidence,
Pixida,PIXIDA,1,1,0,,0.0,skipped_no_resolved_evidence,
PKF Attest,PKF ATTEST,1,1,0,,0.0,skipped_no_resolved_evidence,
PKF Uruguay,PKF URUGUAY,1,1,0,,0.0,skipped_no_resolved_evidence,
Planet Earth,PLANET EARTH,1,1,0,,0.0,skipped_no_resolved_evidence,
Planville GmbH,PLANVILLE,1,1,0,,0.0,skipped_no_resolved_evidence,
Plarium,PLARIUM,1,1,0,,0.0,skipped_no_resolved_evidence,
Platonix AG,PLATONIX,1,1,0,,0.0,skipped_no_resolved_evidence,
"pml, we know how","PML, WE KNOW HOW",1,1,0,,0.0,skipped_no_resolved_evidence,
Pobre Juan,POBRE JUAN,1,1,0,,0.0,skipped_no_resolved_evidence,
Polar,POLAR,1,1,0,,0.0,skipped_no_resolved_evidence,
Polis Immobilien AG,POLIS IMMOBILIEN,1,1,0,,0.0,skipped_no_resolved_evidence,
Polícia Militar do Distrito Federal - PMDF,POLÍCIA MILITAR DO DISTRITO FEDERAL - PMDF,1,1,0,,0.0,skipped_no_resolved_evidence,
Pontifícia Universidade Católica do Rio Grande do Sul,PONTIFÍCIA UNIVERSIDADE CATÓLICA DO RIO GRANDE DO SUL,1,1,0,,0.0,skipped_no_resolved_evidence,
PortX,PORTX,1,1,0,,0.0,skipped_no_resolved_evidence,
Posedio GmbH,POSEDIO,1,1,0,,0.0,skipped_no_resolved_evidence,
Postbeamtenkrankenkasse,POSTBEAMTENKRANKENKASSE,1,1,0,,0.0,skipped_no_resolved_evidence,
PostHog,POSTHOG,1,1,0,,0.0,skipped_no_resolved_evidence,
Potencializando Talentos,POTENCIALIZANDO TALENTOS,1,1,0,,0.0,skipped_no_resolved_evidence,
PragetX,PRAGETX,1,1,0,,0.0,skipped_no_resolved_evidence,
praktischArzt & Medi-Karriere – pA Medien GmbH,PRAKTISCHARZT & MEDI-KARRIERE – PA MEDIEN,1,1,0,,0.0,skipped_no_resolved_evidence,
Prefeitura Municipal de Aporé,PREFEITURA MUNICIPAL DE APORÉ,1,1,0,,0.0,skipped_no_resolved_evidence,
Prefeitura Municipal de Entre Rios,PREFEITURA MUNICIPAL DE ENTRE RIOS,1,1,0,,0.0,skipped_no_resolved_evidence,
Prefeitura Municipal de Guarujá,PREFEITURA MUNICIPAL DE GUARUJÁ,1,1,0,,0.0,skipped_no_resolved_evidence,
Prefeitura Municipal de Lauro de Freitas,PREFEITURA MUNICIPAL DE LAURO DE FREITAS,1,1,0,,0.0,skipped_no_resolved_evidence,
Prefeitura Municipal de Poços de Caldas,PREFEITURA MUNICIPAL DE POÇOS DE CALDAS,1,1,0,,0.0,skipped_no_resolved_evidence,
Prefeitura Municipal de Simão Pereira,PREFEITURA MUNICIPAL DE SIMÃO PEREIRA,1,1,0,,0.0,skipped_no_resolved_evidence,
Presence Tecnologia,PRESENCE TECNOLOGIA,1,1,0,,0.0,skipped_no_resolved_evidence,
Prevemt Medicina Do Trabalho,PREVEMT MEDICINA DO TRABALHO,1,1,0,,0.0,skipped_no_resolved_evidence,
PrimeHire,PRIMEHIRE,1,1,0,,0.0,skipped_no_resolved_evidence,
Priner,PRINER,1,1,0,,0.0,skipped_no_resolved_evidence,
prismat GmbH,PRISMAT,1,1,0,,0.0,skipped_no_resolved_evidence,
Privacy,PRIVACY,1,1,0,,0.0,skipped_no_resolved_evidence,
Privado,PRIVADO,1,1,0,,0.0,skipped_no_resolved_evidence,
Privat,PRIVAT,1,1,0,,0.0,skipped_no_resolved_evidence,
Procuradoria Geral do Município de Niterói,PROCURADORIA GERAL DO MUNICÍPIO DE NITERÓI,1,1,0,,0.0,skipped_no_resolved_evidence,
Productized,PRODUCTIZED,1,1,0,,0.0,skipped_no_resolved_evidence,
Professor Particular,PROFESSOR PARTICULAR,1,1,0,,0.0,skipped_no_resolved_evidence,
Progi,PROGI,1,1,0,,0.0,skipped_no_resolved_evidence,
Projeto Coragem Singular,PROJETO CORAGEM SINGULAR,1,1,0,,0.0,skipped_no_resolved_evidence,
Projjetta Tecnologia em Dados,PROJJETTA TECNOLOGIA EM DADOS,1,1,0,,0.0,skipped_no_resolved_evidence,
ProLeads Company,PROLEADS COMPANY,1,1,0,,0.0,skipped_no_resolved_evidence,
Prospect Wallet,PROSPECT WALLET,1,1,0,,0.0,skipped_no_resolved_evidence,
Prosperity Behavioral India Pvt Ltd,PROSPERITY BEHAVIORAL INDIA PVT,1,1,0,,0.0,skipped_no_resolved_evidence,
PROTA,PROTA,1,1,0,,0.0,skipped_no_resolved_evidence,
ProV International,PROV INTERNATIONAL,1,1,0,,0.0,skipped_no_resolved_evidence,
Proxity,PROXITY,1,1,0,,0.0,skipped_no_resolved_evidence,
Proyectos Engineering,PROYECTOS ENGINEERING,1,1,0,,0.0,skipped_no_resolved_evidence,
"PSA Sines, S.A",PSA SINES,1,1,0,,0.0,skipped_no_resolved_evidence,
Psicologia Clínica,PSICOLOGIA CLÍNICA,1,1,0,,0.0,skipped_no_resolved_evidence,
Psicotran Avaliação Psicológica,PSICOTRAN AVALIAÇÃO PSICOLÓGICA,1,1,0,,0.0,skipped_no_resolved_evidence,
Psicóloga Clínica Autônomo,PSICÓLOGA CLÍNICA AUTÔNOMO,1,1,0,,0.0,skipped_no_resolved_evidence,
Psicóloga Maria Eduarda D' Errico,PSICÓLOGA MARIA EDUARDA D' ERRICO,1,1,0,,0.0,skipped_no_resolved_evidence,
Psicóloga Mayara Carvalho,PSICÓLOGA MAYARA CARVALHO,1,1,0,,0.0,skipped_no_resolved_evidence,
PT. Maju Aman Jaya,PT. MAJU AMAN JAYA,1,1,0,,0.0,skipped_no_resolved_evidence,
"Public Prosecutor’s Office, Paraná State","PUBLIC PROSECUTOR’S OFFICE, PARANÁ STATE",1,1,0,,0.0,skipped_no_resolved_evidence,
PUCRS Carreiras,PUCRS CARREIRAS,1,1,0,,0.0,skipped_no_resolved_evidence,
PUMA Group,PUMA,1,1,0,,0.0,skipped_no_resolved_evidence,
Pão da praça,PÃO DA PRAÇA,1,1,0,,0.0,skipped_no_resolved_evidence,
Q-logic,Q-LOGIC,1,1,0,,0.0,skipped_no_resolved_evidence,
"Qorvo, Inc",QORVO,1,1,0,,0.0,skipped_no_resolved_evidence,
Qualitas Electronics Ltd,QUALITAS ELECTRONICS,1,1,0,,0.0,skipped_no_resolved_evidence,
Qualitti Sviluppo Srl,QUALITTI SVILUPPO SRL,1,1,0,,0.0,skipped_no_resolved_evidence,
Quality Temporal (ETT),QUALITY TEMPORAL (ETT),1,1,0,,0.0,skipped_no_resolved_evidence,
Quantum,QUANTUM,1,1,0,,0.0,skipped_no_resolved_evidence,
Quantum Rise,QUANTUM RISE,1,1,0,,0.0,skipped_no_resolved_evidence,
Quantumgo,QUANTUMGO,1,1,0,,0.0,skipped_no_resolved_evidence,
QuantumVoice,QUANTUMVOICE,1,1,0,,0.0,skipped_no_resolved_evidence,
Questrade Financial Group,QUESTRADE FINANCIAL,1,1,0,,0.0,skipped_no_resolved_evidence,
R+V Versicherung,R+V VERSICHERUNG,1,1,0,,0.0,skipped_no_resolved_evidence,
R2D Top Talent,R2D TOP TALENT,1,1,0,,0.0,skipped_no_resolved_evidence,
RankMyApp,RANKMYAPP,1,1,0,,0.0,skipped_no_resolved_evidence,
RapidCanvas,RAPIDCANVAS,1,1,0,,0.0,skipped_no_resolved_evidence,
RB SOLUÇÕES EM CAPITAL HUMANO,RB SOLUÇÕES EM CAPITAL HUMANO,1,1,0,,0.0,skipped_no_resolved_evidence,
Realty of America,REALTY OF AMERICA,1,1,0,,0.0,skipped_no_resolved_evidence,
Rebels,REBELS,1,1,0,,0.0,skipped_no_resolved_evidence,
Rec2IT,REC2IT,1,1,0,,0.0,skipped_no_resolved_evidence,
Recast,RECAST,1,1,0,,0.0,skipped_no_resolved_evidence,
Recruitment Circle,RECRUITMENT CIRCLE,1,1,0,,0.0,skipped_no_resolved_evidence,
Red Bull,RED BULL,1,1,0,,0.0,skipped_no_resolved_evidence,
Red Hat,RED HAT,1,1,0,,0.0,skipped_no_resolved_evidence,
Red X Carbon,RED X CARBON,1,1,0,,0.0,skipped_no_resolved_evidence,
RedCLARA - Cooperación Latino Americana de Redes Avanzadas,REDCLARA - COOPERACIÓN LATINO AMERICANA DE REDES AVANZADAS,1,1,0,,0.0,skipped_no_resolved_evidence,
RedScreen (Pty) Ltd,REDSCREEN (PTY),1,1,0,,0.0,skipped_no_resolved_evidence,
Redux,REDUX,1,1,0,,0.0,skipped_no_resolved_evidence,
Reed Recruitment Malta,REED RECRUITMENT MALTA,1,1,0,,0.0,skipped_no_resolved_evidence,
REF Uruguay,REF URUGUAY,1,1,0,,0.0,skipped_no_resolved_evidence,
Reflex Aerospace,REFLEX AEROSPACE,1,1,0,,0.0,skipped_no_resolved_evidence,
Remax Siimgroup,REMAX SIIMGROUP,1,1,0,,0.0,skipped_no_resolved_evidence,
Remote,REMOTE,1,1,0,,0.0,skipped_no_resolved_evidence,
RemoteUp,REMOTEUP,1,1,0,,0.0,skipped_no_resolved_evidence,
remoti,REMOTI,1,1,0,,0.0,skipped_no_resolved_evidence,
Renta Nacional Seguros Generales,RENTA NACIONAL SEGUROS GENERALES,1,1,0,,0.0,skipped_no_resolved_evidence,
Rentcars,RENTCARS,1,1,0,,0.0,skipped_no_resolved_evidence,
Rentokil Initial,RENTOKIL INITIAL,1,1,0,,0.0,skipped_no_resolved_evidence,
REP Seguros Corporativos,REP SEGUROS CORPORATIVOS,1,1,0,,0.0,skipped_no_resolved_evidence,
República Microfinanzas S.A,REPÚBLICA MICROFINANZAS,1,1,0,,0.0,skipped_no_resolved_evidence,
ReSimple,RESIMPLE,1,1,0,,0.0,skipped_no_resolved_evidence,
Ressignifique Núcleo de Psicologia,RESSIGNIFIQUE NÚCLEO DE PSICOLOGIA,1,1,0,,0.0,skipped_no_resolved_evidence,
ReSus Consult GmbH,RESUS CONSULT,1,1,0,,0.0,skipped_no_resolved_evidence,
Revent Labs,REVENT LABS,1,1,0,,0.0,skipped_no_resolved_evidence,
Revenus,REVENUS,1,1,0,,0.0,skipped_no_resolved_evidence,
Reward Gateway,REWARD GATEWAY,1,1,0,,0.0,skipped_no_resolved_evidence,
Rh Ribeirão,RH RIBEIRÃO,1,1,0,,0.0,skipped_no_resolved_evidence,
RHS Premium,RHS PREMIUM,1,1,0,,0.0,skipped_no_resolved_evidence,
richter & heß VERPACKUNGEN,RICHTER & HESS VERPACKUNGEN,1,1,0,,0.0,skipped_no_resolved_evidence,
River,RIVER,1,1,0,,0.0,skipped_no_resolved_evidence,
RL JOB SERVICES SRL,RL JOB SRL,1,1,0,,0.0,skipped_no_resolved_evidence,
RMT Labs SA,RMT LABS,1,1,0,,0.0,skipped_no_resolved_evidence,
Robot.com,ROBOT.COM,1,1,0,,0.0,skipped_no_resolved_evidence,
Robots & Pencils,ROBOTS & PENCILS,1,1,0,,0.0,skipped_no_resolved_evidence,
ROCKSOLID Personalvermittlung GmbH,ROCKSOLID PERSONALVERMITTLUNG,1,1,0,,0.0,skipped_no_resolved_evidence,
Rodobens,RODOBENS,1,1,0,,0.0,skipped_no_resolved_evidence,
Rogo,ROGO,1,1,0,,0.0,skipped_no_resolved_evidence,
Roland Berger Strategy Consultants,ROLAND BERGER STRATEGY CONSULTANTS,1,1,0,,0.0,skipped_no_resolved_evidence,
Romeu,ROMEU,1,1,0,,0.0,skipped_no_resolved_evidence,
Rove,ROVE,1,1,0,,0.0,skipped_no_resolved_evidence,
RSA Serviços Inteligentes,RSA SERVIÇOS INTELIGENTES,1,1,0,,0.0,skipped_no_resolved_evidence,
RSM UY,RSM UY,1,1,0,,0.0,skipped_no_resolved_evidence,
RTE Rodonaves,RTE RODONAVES,1,1,0,,0.0,skipped_no_resolved_evidence,
Ruby Labs,RUBY LABS,1,1,0,,0.0,skipped_no_resolved_evidence,
RulesIQ,RULESIQ,1,1,0,,0.0,skipped_no_resolved_evidence,
S-Communication Services GmbH,S-COMMUNICATION,1,1,0,,0.0,skipped_no_resolved_evidence,
SAFR from RealNetworks,SAFR FROM REALNETWORKS,1,1,0,,0.0,skipped_no_resolved_evidence,
Salas Montalvo,SALAS MONTALVO,1,1,0,,0.0,skipped_no_resolved_evidence,
Salentus,SALENTUS,1,1,0,,0.0,skipped_no_resolved_evidence,
Saleshandy,SALESHANDY,1,1,0,,0.0,skipped_no_resolved_evidence,
SalesPoint Incorporation,SALESPOINT INCORPORATION,1,1,0,,0.0,skipped_no_resolved_evidence,
SalesStar Recruitment Mx,SALESSTAR RECRUITMENT MX,1,1,0,,0.0,skipped_no_resolved_evidence,
Sanar,SANAR,1,1,0,,0.0,skipped_no_resolved_evidence,
Sancho BBDO,SANCHO BBDO,1,1,0,,0.0,skipped_no_resolved_evidence,
Sanctuary Personnel,SANCTUARY PERSONNEL,1,1,0,,0.0,skipped_no_resolved_evidence,
SANDRO,SANDRO,1,1,0,,0.0,skipped_no_resolved_evidence,
SARIA Group,SARIA,1,1,0,,0.0,skipped_no_resolved_evidence,
Saturam,SATURAM,1,1,0,,0.0,skipped_no_resolved_evidence,
Savant Network,SAVANT NETWORK,1,1,0,,0.0,skipped_no_resolved_evidence,
Savener,SAVENER,1,1,0,,0.0,skipped_no_resolved_evidence,
SBB CFF FFS,SBB CFF FFS,1,1,0,,0.0,skipped_no_resolved_evidence,
Scala,SCALA,1,1,0,,0.0,skipped_no_resolved_evidence,
Scale Healthcare ( India ),SCALE HEALTHCARE ( INDIA ),1,1,0,,0.0,skipped_no_resolved_evidence,
Scheer Group,SCHEER,1,1,0,,0.0,skipped_no_resolved_evidence,
Scheidtweiler Strategie,SCHEIDTWEILER STRATEGIE,1,1,0,,0.0,skipped_no_resolved_evidence,
Scienza Uruguay,SCIENZA URUGUAY,1,1,0,,0.0,skipped_no_resolved_evidence,
SCOH,SCOH,1,1,0,,0.0,skipped_no_resolved_evidence,
Scotiabank Uruguay,SCOTIABANK URUGUAY,1,1,0,,0.0,skipped_no_resolved_evidence,
SCP SINTERSA,SCP SINTERSA,1,1,0,,0.0,skipped_no_resolved_evidence,
SD Consultora de Empresas Familiares,SD CONSULTORA DE EMPRESAS FAMILIARES,1,1,0,,0.0,skipped_no_resolved_evidence,
SD Worx,SD WORX,1,1,0,,0.0,skipped_no_resolved_evidence,
SE Mentor Solutions,SE MENTOR,1,1,0,,0.0,skipped_no_resolved_evidence,
Search Advise GmbH,SEARCH ADVISE,1,1,0,,0.0,skipped_no_resolved_evidence,
Search Atlas,SEARCH ATLAS,1,1,0,,0.0,skipped_no_resolved_evidence,
Seatrium,SEATRIUM,1,1,0,,0.0,skipped_no_resolved_evidence,
"Seguros, tendencias y riesgos SURA","SEGUROS, TENDENCIAS Y RIESGOS SURA",1,1,0,,0.0,skipped_no_resolved_evidence,
SEK Security Ecosystem Knowledge,SEK SECURITY ECOSYSTEM KNOWLEDGE,1,1,0,,0.0,skipped_no_resolved_evidence,
SellCord,SELLCORD,1,1,0,,0.0,skipped_no_resolved_evidence,
Selpe Gente e Gestão,SELPE GENTE E GESTÃO,1,1,0,,0.0,skipped_no_resolved_evidence,
Senac RS,SENAC RS,1,1,0,,0.0,skipped_no_resolved_evidence,
Sentry,SENTRY,1,1,0,,0.0,skipped_no_resolved_evidence,
SEO International Conference Karachi,SEO INTERNATIONAL CONFERENCE KARACHI,1,1,0,,0.0,skipped_no_resolved_evidence,
Seprotec Multilingual Solutions,SEPROTEC MULTILINGUAL,1,1,0,,0.0,skipped_no_resolved_evidence,
Serpro,SERPRO,1,1,0,,0.0,skipped_no_resolved_evidence,
Servicio de Salud Metropolitano Central,SERVICIO DE SALUD METROPOLITANO CENTRAL,1,1,0,,0.0,skipped_no_resolved_evidence,
SET University,SET UNIVERSITY,1,1,0,,0.0,skipped_no_resolved_evidence,
Seuapê imobiliária,SEUAPÊ IMOBILIÁRIA,1,1,0,,0.0,skipped_no_resolved_evidence,
Sfera Legal,SFERA LEGAL,1,1,0,,0.0,skipped_no_resolved_evidence,
Share People Hub,SHARE PEOPLE HUB,1,1,0,,0.0,skipped_no_resolved_evidence,
ShareCV,SHARECV,1,1,0,,0.0,skipped_no_resolved_evidence,
SharePrime,SHAREPRIME,1,1,0,,0.0,skipped_no_resolved_evidence,
Shell,SHELL,1,1,0,,0.0,skipped_no_resolved_evidence,
Sicoob Confederação,SICOOB CONFEDERAÇÃO,1,1,0,,0.0,skipped_no_resolved_evidence,
Silicon,SILICON,1,1,0,,0.0,skipped_no_resolved_evidence,
"SIMaP, Grenoble","SIMAP, GRENOBLE",1,1,0,,0.0,skipped_no_resolved_evidence,
Simon-Kucher,SIMON-KUCHER,1,1,0,,0.0,skipped_no_resolved_evidence,
Simplest.guru,SIMPLEST.GURU,1,1,0,,0.0,skipped_no_resolved_evidence,
Sirato Group,SIRATO,1,1,0,,0.0,skipped_no_resolved_evidence,
Sistema FIERGS,SISTEMA FIERGS,1,1,0,,0.0,skipped_no_resolved_evidence,
Sitel Panamá,SITEL PANAMÁ,1,1,0,,0.0,skipped_no_resolved_evidence,
Sixtema,SIXTEMA,1,1,0,,0.0,skipped_no_resolved_evidence,
Skalbach GmbH,SKALBACH,1,1,0,,0.0,skipped_no_resolved_evidence,
SKF Group,SKF,1,1,0,,0.0,skipped_no_resolved_evidence,
Skyone,SKYONE,1,1,0,,0.0,skipped_no_resolved_evidence,
SLC Agrícola S/A,SLC AGRÍCOLA,1,1,0,,0.0,skipped_no_resolved_evidence,
SmartChoice International Limited,SMARTCHOICE INTERNATIONAL,1,1,0,,0.0,skipped_no_resolved_evidence,
Smartsheet,SMARTSHEET,1,1,0,,0.0,skipped_no_resolved_evidence,
Smartspace,SMARTSPACE,1,1,0,,0.0,skipped_no_resolved_evidence,
Social Bloom,SOCIAL BLOOM,1,1,0,,0.0,skipped_no_resolved_evidence,
Sociedade Beneficência e Caridade Lajeado - Hospital Bruno Born (HBB),SOCIEDADE BENEFICÊNCIA E CARIDADE LAJEADO - HOSPITAL BRUNO BORN (HBB),1,1,0,,0.0,skipped_no_resolved_evidence,
Society of Petroleum Engineers International,SOCIETY OF PETROLEUM ENGINEERS INTERNATIONAL,1,1,0,,0.0,skipped_no_resolved_evidence,
SoftDoes,SOFTDOES,1,1,0,,0.0,skipped_no_resolved_evidence,
SOFTGAMES,SOFTGAMES,1,1,0,,0.0,skipped_no_resolved_evidence,
softgarden e-recruiting GmbH,SOFTGARDEN E-RECRUITING,1,1,0,,0.0,skipped_no_resolved_evidence,
Softonic,SOFTONIC,1,1,0,,0.0,skipped_no_resolved_evidence,
SoftProject,SOFTPROJECT,1,1,0,,0.0,skipped_no_resolved_evidence,
SoftSystem IT,SOFTSYSTEM IT,1,1,0,,0.0,skipped_no_resolved_evidence,
SOLCOM GmbH,SOLCOM,1,1,0,,0.0,skipped_no_resolved_evidence,
SOLVACE,SOLVACE,1,1,0,,0.0,skipped_no_resolved_evidence,
SolvePlan,SOLVEPLAN,1,1,0,,0.0,skipped_no_resolved_evidence,
Sonde3,SONDE3,1,1,0,,0.0,skipped_no_resolved_evidence,
Sonoco,SONOCO,1,1,0,,0.0,skipped_no_resolved_evidence,
Sopra Steria,SOPRA STERIA,1,1,0,,0.0,skipped_no_resolved_evidence,
Source Resources Pvt. Limited,SOURCE RESOURCES PVT,1,1,0,,0.0,skipped_no_resolved_evidence,
Sourcicle,SOURCICLE,1,1,0,,0.0,skipped_no_resolved_evidence,
Sozial-Konzept AG,SOZIAL-KONZEPT,1,1,0,,0.0,skipped_no_resolved_evidence,
SP+ Escolas,SP+ ESCOLAS,1,1,0,,0.0,skipped_no_resolved_evidence,
SpaceDev,SPACEDEV,1,1,0,,0.0,skipped_no_resolved_evidence,
Spark,SPARK,1,1,0,,0.0,skipped_no_resolved_evidence,
Sparkasse Hannover,SPARKASSE HANNOVER,1,1,0,,0.0,skipped_no_resolved_evidence,
SpeedMart,SPEEDMART,1,1,0,,0.0,skipped_no_resolved_evidence,
Spencer Ogden,SPENCER OGDEN,1,1,0,,0.0,skipped_no_resolved_evidence,
Spilberg,SPILBERG,1,1,0,,0.0,skipped_no_resolved_evidence,
Spilberg IT Dev Careers,SPILBERG IT DEV CAREERS,1,1,0,,0.0,skipped_no_resolved_evidence,
Spinomenal,SPINOMENAL,1,1,0,,0.0,skipped_no_resolved_evidence,
Spread Tecnologia,SPREAD TECNOLOGIA,1,1,0,,0.0,skipped_no_resolved_evidence,
SprintHub,SPRINTHUB,1,1,0,,0.0,skipped_no_resolved_evidence,
SQUARE CITY,SQUARE CITY,1,1,0,,0.0,skipped_no_resolved_evidence,
SQUARERA,SQUARERA,1,1,0,,0.0,skipped_no_resolved_evidence,
Squash Apps,SQUASH APPS,1,1,0,,0.0,skipped_no_resolved_evidence,
SRCon GmbH,SRCON,1,1,0,,0.0,skipped_no_resolved_evidence,
ST Consultores,ST CONSULTORES,1,1,0,,0.0,skipped_no_resolved_evidence,
Stadt Essen,STADT ESSEN,1,1,0,,0.0,skipped_no_resolved_evidence,
Stadt Lünen,STADT LÜNEN,1,1,0,,0.0,skipped_no_resolved_evidence,
Stalse,STALSE,1,1,0,,0.0,skipped_no_resolved_evidence,
Stark Medien GmbH,STARK MEDIEN,1,1,0,,0.0,skipped_no_resolved_evidence,
StepWise,STEPWISE,1,1,0,,0.0,skipped_no_resolved_evidence,
Stolt-Nielsen,STOLT-NIELSEN,1,1,0,,0.0,skipped_no_resolved_evidence,
Storware,STORWARE,1,1,0,,0.0,skipped_no_resolved_evidence,
Strata Community Insurance,STRATA COMMUNITY INSURANCE,1,1,0,,0.0,skipped_no_resolved_evidence,
Strategy Institute,STRATEGY INSTITUTE,1,1,0,,0.0,skipped_no_resolved_evidence,
Stratum Group,STRATUM,1,1,0,,0.0,skipped_no_resolved_evidence,
STRONG Conveniada FGV,STRONG CONVENIADA FGV,1,1,0,,0.0,skipped_no_resolved_evidence,
Strong Point,STRONG POINT,1,1,0,,0.0,skipped_no_resolved_evidence,
Studio Lyra,STUDIO LYRA,1,1,0,,0.0,skipped_no_resolved_evidence,
Studio7,STUDIO7,1,1,0,,0.0,skipped_no_resolved_evidence,
STX Next,STX NEXT,1,1,0,,0.0,skipped_no_resolved_evidence,
Stylest Boutique,STYLEST BOUTIQUE,1,1,0,,0.0,skipped_no_resolved_evidence,
Stückle-Druck,STÜCKLE-DRUCK,1,1,0,,0.0,skipped_no_resolved_evidence,
Suma Soft Pvt Ltd,SUMA SOFT PVT,1,1,0,,0.0,skipped_no_resolved_evidence,
Sunndex,SUNNDEX,1,1,0,,0.0,skipped_no_resolved_evidence,
SUNRISE DIVINE INC,SUNRISE DIVINE,1,1,0,,0.0,skipped_no_resolved_evidence,
Suominen Corporation,SUOMINEN,1,1,0,,0.0,skipped_no_resolved_evidence,
Superhuman,SUPERHUMAN,1,1,0,,0.0,skipped_no_resolved_evidence,
Support Farma,SUPPORT FARMA,1,1,0,,0.0,skipped_no_resolved_evidence,
SUSONITY,SUSONITY,1,1,0,,0.0,skipped_no_resolved_evidence,
Sutherland,SUTHERLAND,1,1,0,,0.0,skipped_no_resolved_evidence,
SVPM | Mineração Serra Verde,SVPM | MINERAÇÃO SERRA VERDE,1,1,0,,0.0,skipped_no_resolved_evidence,
Sweetpad,SWEETPAD,1,1,0,,0.0,skipped_no_resolved_evidence,
Swift Recruit,SWIFT RECRUIT,1,1,0,,0.0,skipped_no_resolved_evidence,
Swiftly,SWIFTLY,1,1,0,,0.0,skipped_no_resolved_evidence,
Swiss Post,SWISS POST,1,1,0,,0.0,skipped_no_resolved_evidence,
SwitchUp,SWITCHUP,1,1,0,,0.0,skipped_no_resolved_evidence,
Sylkane,SYLKANE,1,1,0,,0.0,skipped_no_resolved_evidence,
SymBio,SYMBIO,1,1,0,,0.0,skipped_no_resolved_evidence,
Synapri,SYNAPRI,1,1,0,,0.0,skipped_no_resolved_evidence,
Syneos Health via AMS,SYNEOS HEALTH VIA AMS,1,1,0,,0.0,skipped_no_resolved_evidence,
Synergie Executive,SYNERGIE EXECUTIVE,1,1,0,,0.0,skipped_no_resolved_evidence,
Syone,SYONE,1,1,0,,0.0,skipped_no_resolved_evidence,
SysPay,SYSPAY,1,1,0,,0.0,skipped_no_resolved_evidence,
Tabby,TABBY,1,1,0,,0.0,skipped_no_resolved_evidence,
Taco Bell,TACO BELL,1,1,0,,0.0,skipped_no_resolved_evidence,
TakenJobs,TAKENJOBS,1,1,0,,0.0,skipped_no_resolved_evidence,
Talan Americas,TALAN AMERICAS,1,1,0,,0.0,skipped_no_resolved_evidence,
Talando Recruitment,TALANDO RECRUITMENT,1,1,0,,0.0,skipped_no_resolved_evidence,
Talent Match- Firma de Reclutamiento y selección,TALENT MATCH- FIRMA DE RECLUTAMIENTO Y SELECCIÓN,1,1,0,,0.0,skipped_no_resolved_evidence,
Talent Nova,TALENT NOVA,1,1,0,,0.0,skipped_no_resolved_evidence,
Talent Works RH,TALENT WORKS RH,1,1,0,,0.0,skipped_no_resolved_evidence,
Talentfluss,TALENTFLUSS,1,1,0,,0.0,skipped_no_resolved_evidence,
Talentful,TALENTFUL,1,1,0,,0.0,skipped_no_resolved_evidence,
Talentia,TALENTIA,1,1,0,,0.0,skipped_no_resolved_evidence,
TALENTIZE Pro Result,TALENTIZE PRO RESULT,1,1,0,,0.0,skipped_no_resolved_evidence,
Talento,TALENTO,1,1,0,,0.0,skipped_no_resolved_evidence,
Talento Humano Empresarial . Independent Professional,TALENTO HUMANO EMPRESARIAL . INDEPENDENT PROFESSIONAL,1,1,0,,0.0,skipped_no_resolved_evidence,
Talento Incluir,TALENTO INCLUIR,1,1,0,,0.0,skipped_no_resolved_evidence,
Talentschuppen,TALENTSCHUPPEN,1,1,0,,0.0,skipped_no_resolved_evidence,
Tanta University,TANTA UNIVERSITY,1,1,0,,0.0,skipped_no_resolved_evidence,
tapi,TAPI,1,1,0,,0.0,skipped_no_resolved_evidence,
Tarco Aviation,TARCO AVIATION,1,1,0,,0.0,skipped_no_resolved_evidence,
Tarento Group,TARENTO,1,1,0,,0.0,skipped_no_resolved_evidence,
Target Recrutamento e Seleção,TARGET RECRUTAMENTO E SELEÇÃO,1,1,0,,0.0,skipped_no_resolved_evidence,
Tasken,TASKEN,1,1,0,,0.0,skipped_no_resolved_evidence,
TBG | The Bachrach Group,TBG | THE BACHRACH,1,1,0,,0.0,skipped_no_resolved_evidence,
TD Business,TD BUSINESS,1,1,0,,0.0,skipped_no_resolved_evidence,
TD SYNNEX Multi-Country Area (Español),TD SYNNEX MULTI-COUNTRY AREA (ESPAÑOL),1,1,0,,0.0,skipped_no_resolved_evidence,
Team 1001,TEAM 1001,1,1,0,,0.0,skipped_no_resolved_evidence,
teceo,TECEO,1,1,0,,0.0,skipped_no_resolved_evidence,
tecmentor,TECMENTOR,1,1,0,,0.0,skipped_no_resolved_evidence,
Tecnocomp Tecnologia e Serviços,TECNOCOMP TECNOLOGIA E SERVIÇOS,1,1,0,,0.0,skipped_no_resolved_evidence,
TEILOR,TEILOR,1,1,0,,0.0,skipped_no_resolved_evidence,
Tek Leaders Inc,TEK LEADERS,1,1,0,,0.0,skipped_no_resolved_evidence,
TekIntegral,TEKINTEGRAL,1,1,0,,0.0,skipped_no_resolved_evidence,
Telasist,TELASIST,1,1,0,,0.0,skipped_no_resolved_evidence,
Telefónica,TELEFÓNICA,1,1,0,,0.0,skipped_no_resolved_evidence,
Teleios Recruitment Ltd,TELEIOS RECRUITMENT,1,1,0,,0.0,skipped_no_resolved_evidence,
TEMAK S.A,TEMAK,1,1,0,,0.0,skipped_no_resolved_evidence,
Tempton,TEMPTON,1,1,0,,0.0,skipped_no_resolved_evidence,
TEN - Torres Eólicas do Nordeste,TEN - TORRES EÓLICAS DO NORDESTE,1,1,0,,0.0,skipped_no_resolved_evidence,
TEN Information Management GmbH,TEN INFORMATION MANAGEMENT,1,1,0,,0.0,skipped_no_resolved_evidence,
Tenaska,TENASKA,1,1,0,,0.0,skipped_no_resolved_evidence,
Terra,TERRA,1,1,0,,0.0,skipped_no_resolved_evidence,
Texas Psychiatry Group,TEXAS PSYCHIATRY,1,1,0,,0.0,skipped_no_resolved_evidence,
Texfyt | Nonwoven,TEXFYT | NONWOVEN,1,1,0,,0.0,skipped_no_resolved_evidence,
TH Gestão e Pessoas,TH GESTÃO E PESSOAS,1,1,0,,0.0,skipped_no_resolved_evidence,
THACO Group,THACO,1,1,0,,0.0,skipped_no_resolved_evidence,
The Citco Group Limited,THE CITCO,1,1,0,,0.0,skipped_no_resolved_evidence,
The Cross-Cultural Community Services Association (TCCSA),THE CROSS-CULTURAL COMMUNITY ASSOCIATION (TCCSA),1,1,0,,0.0,skipped_no_resolved_evidence,
The Dream School,THE DREAM SCHOOL,1,1,0,,0.0,skipped_no_resolved_evidence,
The Lubrizol Corporation,THE LUBRIZOL,1,1,0,,0.0,skipped_no_resolved_evidence,
The Maxol Group,THE MAXOL,1,1,0,,0.0,skipped_no_resolved_evidence,
The Next Moove,THE NEXT MOOVE,1,1,0,,0.0,skipped_no_resolved_evidence,
The Play,THE PLAY,1,1,0,,0.0,skipped_no_resolved_evidence,
The School Of Conscious Leadership,THE SCHOOL OF CONSCIOUS LEADERSHIP,1,1,0,,0.0,skipped_no_resolved_evidence,
The Talent Care,THE TALENT CARE,1,1,0,,0.0,skipped_no_resolved_evidence,
The University of Göttingen,THE UNIVERSITY OF GÖTTINGEN,1,1,0,,0.0,skipped_no_resolved_evidence,
The University of Hong Kong,THE UNIVERSITY OF HONG KONG,1,1,0,,0.0,skipped_no_resolved_evidence,
The University of Manchester,THE UNIVERSITY OF MANCHESTER,1,1,0,,0.0,skipped_no_resolved_evidence,
The.NextGen GmbH,THE.NEXTGEN,1,1,0,,0.0,skipped_no_resolved_evidence,
Think IT,THINK IT,1,1,0,,0.0,skipped_no_resolved_evidence,
Thommes & Kollegen - Architekten und Ingenieur PartGmbB,THOMMES & KOLLEGEN - ARCHITEKTEN UND INGENIEUR PARTGMBB,1,1,0,,0.0,skipped_no_resolved_evidence,
THRYVE,THRYVE,1,1,0,,0.0,skipped_no_resolved_evidence,
Tibber,TIBBER,1,1,0,,0.0,skipped_no_resolved_evidence,
TicMobile Empresas - Distribuidor Orange,TICMOBILE EMPRESAS - DISTRIBUIDOR ORANGE,1,1,0,,0.0,skipped_no_resolved_evidence,
Tiendamia,TIENDAMIA,1,1,0,,0.0,skipped_no_resolved_evidence,
Tiger Resourcing Group,TIGER RESOURCING,1,1,0,,0.0,skipped_no_resolved_evidence,
Tikiwe® - Taschen aus Kork,TIKIWE® - TASCHEN AUS KORK,1,1,0,,0.0,skipped_no_resolved_evidence,
Tilburg University,TILBURG UNIVERSITY,1,1,0,,0.0,skipped_no_resolved_evidence,
tilli,TILLI,1,1,0,,0.0,skipped_no_resolved_evidence,
Timing,TIMING,1,1,0,,0.0,skipped_no_resolved_evidence,
Tismart,TISMART,1,1,0,,0.0,skipped_no_resolved_evidence,
Global Titanio SPA,TITANIO,1,1,0,,0.0,skipped_no_resolved_evidence,
TITANS CZ,TITANS CZ,1,1,0,,0.0,skipped_no_resolved_evidence,
Tivita,TIVITA,1,1,0,,0.0,skipped_no_resolved_evidence,
TK Chauffeur-und Fahrservice GmbH,TK CHAUFFEUR-UND FAHRSERVICE,1,1,0,,0.0,skipped_no_resolved_evidence,
TLTD HR,TLTD HR,1,1,0,,0.0,skipped_no_resolved_evidence,
TMLabs,TMLABS,1,1,0,,0.0,skipped_no_resolved_evidence,
To Do Green,TO DO GREEN,1,1,0,,0.0,skipped_no_resolved_evidence,
Toledo Prudente Centro Universitário,TOLEDO PRUDENTE CENTRO UNIVERSITÁRIO,1,1,0,,0.0,skipped_no_resolved_evidence,
Tontine Trust,TONTINE TRUST,1,1,0,,0.0,skipped_no_resolved_evidence,
toom Baumarkt,TOOM BAUMARKT,1,1,0,,0.0,skipped_no_resolved_evidence,
TOP CABLE,TOP CABLE,1,1,0,,0.0,skipped_no_resolved_evidence,
Top Management,TOP MANAGEMENT,1,1,0,,0.0,skipped_no_resolved_evidence,
TOPSTEP GmbH,TOPSTEP,1,1,0,,0.0,skipped_no_resolved_evidence,
Toradex,TORADEX,1,1,0,,0.0,skipped_no_resolved_evidence,
Torfresma,TORFRESMA,1,1,0,,0.0,skipped_no_resolved_evidence,
TORTORICI & PARTNERS,TORTORICI & PARTNERS,1,1,0,,0.0,skipped_no_resolved_evidence,
Toss Bank(토스뱅크),TOSS BANK(토스뱅크),1,1,0,,0.0,skipped_no_resolved_evidence,
Total Atacado,TOTAL ATACADO,1,1,0,,0.0,skipped_no_resolved_evidence,
Toteat,TOTEAT,1,1,0,,0.0,skipped_no_resolved_evidence,
TP-Link,TP-LINK,1,1,0,,0.0,skipped_no_resolved_evidence,
Trade Republic,TRADE REPUBLIC,1,1,0,,0.0,skipped_no_resolved_evidence,
Trading 212,TRADING 212,1,1,0,,0.0,skipped_no_resolved_evidence,
TraffHub,TRAFFHUB,1,1,0,,0.0,skipped_no_resolved_evidence,
Trafigura,TRAFIGURA,1,1,0,,0.0,skipped_no_resolved_evidence,
Transbacini,TRANSBACINI,1,1,0,,0.0,skipped_no_resolved_evidence,
Transcodezy IT Solutions Pvt. Ltd,TRANSCODEZY IT PVT,1,1,0,,0.0,skipped_no_resolved_evidence,
Transportes Cavalinho,TRANSPORTES CAVALINHO,1,1,0,,0.0,skipped_no_resolved_evidence,
Travel Designer Group,TRAVEL DESIGNER,1,1,0,,0.0,skipped_no_resolved_evidence,
Tredence Inc,TREDENCE,1,1,0,,0.0,skipped_no_resolved_evidence,
Trend People,TREND PEOPLE,1,1,0,,0.0,skipped_no_resolved_evidence,
TREND-IT,TREND-IT,1,1,0,,0.0,skipped_no_resolved_evidence,
Trendyol Group,TRENDYOL,1,1,0,,0.0,skipped_no_resolved_evidence,
Tribanco,TRIBANCO,1,1,0,,0.0,skipped_no_resolved_evidence,
Tricura Insurance Group,TRICURA INSURANCE,1,1,0,,0.0,skipped_no_resolved_evidence,
Trillion Health and Hormone,TRILLION HEALTH AND HORMONE,1,1,0,,0.0,skipped_no_resolved_evidence,
Trimble Inc,TRIMBLE,1,1,0,,0.0,skipped_no_resolved_evidence,
TRIXXO Nederland,TRIXXO NEDERLAND,1,1,0,,0.0,skipped_no_resolved_evidence,
Troocoo,TROOCOO,1,1,0,,0.0,skipped_no_resolved_evidence,
TruelyCrack,TRUELYCRACK,1,1,0,,0.0,skipped_no_resolved_evidence,
Trupropel,TRUPROPEL,1,1,0,,0.0,skipped_no_resolved_evidence,
TrustYou,TRUSTYOU,1,1,0,,0.0,skipped_no_resolved_evidence,
Truviq Systems,TRUVIQ SYSTEMS,1,1,0,,0.0,skipped_no_resolved_evidence,
TryHackMe,TRYHACKME,1,1,0,,0.0,skipped_no_resolved_evidence,
TTB Board,TTB BOARD,1,1,0,,0.0,skipped_no_resolved_evidence,
Tu Terapia,TU TERAPIA,1,1,0,,0.0,skipped_no_resolved_evidence,
Turivius,TURIVIUS,1,1,0,,0.0,skipped_no_resolved_evidence,
Turn2C Consórcio Inteligente,TURN2C CONSÓRCIO INTELIGENTE,1,1,0,,0.0,skipped_no_resolved_evidence,
tweeaconnect,TWEEACONNECT,1,1,0,,0.0,skipped_no_resolved_evidence,
Téo Me Why,TÉO ME WHY,1,1,0,,0.0,skipped_no_resolved_evidence,
uBreakiFix,UBREAKIFIX,1,1,0,,0.0,skipped_no_resolved_evidence,
Ufes - Universidade Federal do Espírito Santo,UFES - UNIVERSIDADE FEDERAL DO ESPÍRITO SANTO,1,1,0,,0.0,skipped_no_resolved_evidence,
Ultra,ULTRA,1,1,0,,0.0,skipped_no_resolved_evidence,
Umbilical Advanced,UMBILICAL ADVANCED,1,1,0,,0.0,skipped_no_resolved_evidence,
Under Labz,UNDER LABZ,1,1,0,,0.0,skipped_no_resolved_evidence,
Understanding Solutions,UNDERSTANDING,1,1,0,,0.0,skipped_no_resolved_evidence,
"UNESP - Universidade Estadual Paulista ""Júlio de Mesquita Filho""","UNESP - UNIVERSIDADE ESTADUAL PAULISTA ""JÚLIO DE MESQUITA FILHO""",1,1,0,,0.0,skipped_no_resolved_evidence,
UNI7 - Centro Universitário 7 de Setembro,UNI7 - CENTRO UNIVERSITÁRIO 7 DE SETEMBRO,1,1,0,,0.0,skipped_no_resolved_evidence,
Unichristus,UNICHRISTUS,1,1,0,,0.0,skipped_no_resolved_evidence,
UniFirst Corporation,UNIFIRST,1,1,0,,0.0,skipped_no_resolved_evidence,
Unijorge,UNIJORGE,1,1,0,,0.0,skipped_no_resolved_evidence,
Unimad,UNIMAD,1,1,0,,0.0,skipped_no_resolved_evidence,
Uniper,UNIPER,1,1,0,,0.0,skipped_no_resolved_evidence,
Unit,UNIT,1,1,0,,0.0,skipped_no_resolved_evidence,
Unite Talent,UNITE TALENT,1,1,0,,0.0,skipped_no_resolved_evidence,
UNITED MACHINING,UNITED MACHINING,1,1,0,,0.0,skipped_no_resolved_evidence,
Unity,UNITY,1,1,0,,0.0,skipped_no_resolved_evidence,
univativ GmbH,UNIVATIV,1,1,0,,0.0,skipped_no_resolved_evidence,
Universidad Católica del Uruguay,UNIVERSIDAD CATÓLICA DEL URUGUAY,1,1,0,,0.0,skipped_no_resolved_evidence,
Universidad de 'San Andrés',UNIVERSIDAD DE 'SAN ANDRÉS',1,1,0,,0.0,skipped_no_resolved_evidence,
Universidad de los Andes (CL),UNIVERSIDAD DE LOS ANDES (CL),1,1,0,,0.0,skipped_no_resolved_evidence,
Universidad del Alba,UNIVERSIDAD DEL ALBA,1,1,0,,0.0,skipped_no_resolved_evidence,
Universidad San Sebastián,UNIVERSIDAD SAN SEBASTIÁN,1,1,0,,0.0,skipped_no_resolved_evidence,
Universidade CIMATEC,UNIVERSIDADE CIMATEC,1,1,0,,0.0,skipped_no_resolved_evidence,
Universidade de Passo Fundo,UNIVERSIDADE DE PASSO FUNDO,1,1,0,,0.0,skipped_no_resolved_evidence,
Universidade do Vale do Rio dos Sinos,UNIVERSIDADE DO VALE DO RIO DOS SINOS,1,1,0,,0.0,skipped_no_resolved_evidence,
Universidade Federal do Rio Grande do Sul,UNIVERSIDADE FEDERAL DO RIO GRANDE DO SUL,1,1,0,,0.0,skipped_no_resolved_evidence,
Universidade Presbiteriana Mackenzie,UNIVERSIDADE PRESBITERIANA MACKENZIE,1,1,0,,0.0,skipped_no_resolved_evidence,
Universidade Tecnológica Federal do Paraná,UNIVERSIDADE TECNOLÓGICA FEDERAL DO PARANÁ,1,1,0,,0.0,skipped_no_resolved_evidence,
Universitas Negeri Makassar,UNIVERSITAS NEGERI MAKASSAR,1,1,0,,0.0,skipped_no_resolved_evidence,
Universitat Carlemany,UNIVERSITAT CARLEMANY,1,1,0,,0.0,skipped_no_resolved_evidence,
University of Brighton,UNIVERSITY OF BRIGHTON,1,1,0,,0.0,skipped_no_resolved_evidence,
University of Denver - Daniels College of Business,UNIVERSITY OF DENVER - DANIELS COLLEGE OF BUSINESS,1,1,0,,0.0,skipped_no_resolved_evidence,
University of Luxembourg,UNIVERSITY OF LUXEMBOURG,1,1,0,,0.0,skipped_no_resolved_evidence,
UNODC,UNODC,1,1,0,,0.0,skipped_no_resolved_evidence,
UPA 24H - Unidade de Pronto Atendimento,UPA 24H - UNIDADE DE PRONTO ATENDIMENTO,1,1,0,,0.0,skipped_no_resolved_evidence,
UPS Capital®,UPS CAPITAL®,1,1,0,,0.0,skipped_no_resolved_evidence,
Upshifters,UPSHIFTERS,1,1,0,,0.0,skipped_no_resolved_evidence,
Upstart 13,UPSTART 13,1,1,0,,0.0,skipped_no_resolved_evidence,
Uptick,UPTICK,1,1,0,,0.0,skipped_no_resolved_evidence,
UPTURNco,UPTURNCO,1,1,0,,0.0,skipped_no_resolved_evidence,
Urca Angels,URCA ANGELS,1,1,0,,0.0,skipped_no_resolved_evidence,
Uscreen,USCREEN,1,1,0,,0.0,skipped_no_resolved_evidence,
V17 Recruitment,V17 RECRUITMENT,1,1,0,,0.0,skipped_no_resolved_evidence,
valantic,VALANTIC,1,1,0,,0.0,skipped_no_resolved_evidence,
Valcon,VALCON,1,1,0,,0.0,skipped_no_resolved_evidence,
Valense,VALENSE,1,1,0,,0.0,skipped_no_resolved_evidence,
Valeria Industrióloga,VALERIA INDUSTRIÓLOGA,1,1,0,,0.0,skipped_no_resolved_evidence,
Valid,VALID,1,1,0,,0.0,skipped_no_resolved_evidence,
Vallora Benefícios,VALLORA BENEFÍCIOS,1,1,0,,0.0,skipped_no_resolved_evidence,
Value2Biz,VALUE2BIZ,1,1,0,,0.0,skipped_no_resolved_evidence,
Van den Oudenrijn B.V,VAN DEN OUDENRIJN B.V,1,1,0,,0.0,skipped_no_resolved_evidence,
VanesaRinaudo.HR,VANESARINAUDO.HR,1,1,0,,0.0,skipped_no_resolved_evidence,
Vanguard,VANGUARD,1,1,0,,0.0,skipped_no_resolved_evidence,
Various Companies,VARIOUS COMPANIES,1,1,0,,0.0,skipped_no_resolved_evidence,
VARTEQ Inc,VARTEQ,1,1,0,,0.0,skipped_no_resolved_evidence,
VBSO Advogados,VBSO ADVOGADOS,1,1,0,,0.0,skipped_no_resolved_evidence,
Veloe,VELOE,1,1,0,,0.0,skipped_no_resolved_evidence,
Ventura TRAVEL,VENTURA TRAVEL,1,1,0,,0.0,skipped_no_resolved_evidence,
Venture People,VENTURE PEOPLE,1,1,0,,0.0,skipped_no_resolved_evidence,
VENTURIA LEGAL,VENTURIA LEGAL,1,1,0,,0.0,skipped_no_resolved_evidence,
Venue GTM,VENUE GTM,1,1,0,,0.0,skipped_no_resolved_evidence,
Verena Laumayer,VERENA LAUMAYER,1,1,0,,0.0,skipped_no_resolved_evidence,
VeriiPro,VERIIPRO,1,1,0,,0.0,skipped_no_resolved_evidence,
Verizon,VERIZON,1,1,0,,0.0,skipped_no_resolved_evidence,
VERO ENGENHARIA DE RISCO E CONSULTORES ASSOCIADOS,VERO ENGENHARIA DE RISCO E CONSULTORES ASSOCIADOS,1,1,0,,0.0,skipped_no_resolved_evidence,
Vertex Agility Ltd,VERTEX AGILITY,1,1,0,,0.0,skipped_no_resolved_evidence,
Vertical Falls LLC,VERTICAL FALLS,1,1,0,,0.0,skipped_no_resolved_evidence,
VExpenses,VEXPENSES,1,1,0,,0.0,skipped_no_resolved_evidence,
VFS Global,VFS,1,1,0,,0.0,skipped_no_resolved_evidence,
VFX Financial,VFX FINANCIAL,1,1,0,,0.0,skipped_no_resolved_evidence,
Viaflow - Talentos & Tecnologia,VIAFLOW - TALENTOS & TECNOLOGIA,1,1,0,,0.0,skipped_no_resolved_evidence,
Vialaser Depilação,VIALASER DEPILAÇÃO,1,1,0,,0.0,skipped_no_resolved_evidence,
Viamafia Fitness,VIAMAFIA FITNESS,1,1,0,,0.0,skipped_no_resolved_evidence,
Vibe Group,VIBE,1,1,0,,0.0,skipped_no_resolved_evidence,
VinDynamics,VINDYNAMICS,1,1,0,,0.0,skipped_no_resolved_evidence,
Vintelix,VINTELIX,1,1,0,,0.0,skipped_no_resolved_evidence,
Viridien,VIRIDIEN,1,1,0,,0.0,skipped_no_resolved_evidence,
Virtual Internships,VIRTUAL INTERNSHIPS,1,1,0,,0.0,skipped_no_resolved_evidence,
Virtual Minds,VIRTUAL MINDS,1,1,0,,0.0,skipped_no_resolved_evidence,
virtual7 GmbH,VIRTUAL7,1,1,0,,0.0,skipped_no_resolved_evidence,
Visible,VISIBLE,1,1,0,,0.0,skipped_no_resolved_evidence,
Visure Solutions,VISURE,1,1,0,,0.0,skipped_no_resolved_evidence,
Vitoria - Recursos Humanos,VITORIA - RECURSOS HUMANOS,1,1,0,,0.0,skipped_no_resolved_evidence,
Viva Republica (Toss),VIVA REPUBLICA (TOSS),1,1,0,,0.0,skipped_no_resolved_evidence,
Viventium,VIVENTIUM,1,1,0,,0.0,skipped_no_resolved_evidence,
VMK Holding,VMK,1,1,0,,0.0,skipped_no_resolved_evidence,
Voltic Inc,VOLTIC,1,1,0,,0.0,skipped_no_resolved_evidence,
Voluble Systems LLC,VOLUBLE SYSTEMS,1,1,0,,0.0,skipped_no_resolved_evidence,
Vorbrix,VORBRIX,1,1,0,,0.0,skipped_no_resolved_evidence,
Vp GmbH,VP,1,1,0,,0.0,skipped_no_resolved_evidence,
VR Bank Schleswig-Holstein Mitte,VR BANK SCHLESWIG-HOLSTEIN MITTE,1,1,0,,0.0,skipped_no_resolved_evidence,
WAGNER LIVING,WAGNER LIVING,1,1,0,,0.0,skipped_no_resolved_evidence,
Wallpaper & Carpets Distributors (M) Sdn Bhd,WALLPAPER & CARPETS DISTRIBUTORS (M) SDN BHD,1,1,0,,0.0,skipped_no_resolved_evidence,
"WAN-IFRA, the World Association of News Publishers","WAN-IFRA, THE WORLD ASSOCIATION OF NEWS PUBLISHERS",1,1,0,,0.0,skipped_no_resolved_evidence,
Warren Investimentos,WARREN INVESTIMENTOS,1,1,0,,0.0,skipped_no_resolved_evidence,
Wazo International,WAZO INTERNATIONAL,1,1,0,,0.0,skipped_no_resolved_evidence,
We Are Fiber,WE ARE FIBER,1,1,0,,0.0,skipped_no_resolved_evidence,
We Are Pipol,WE ARE PIPOL,1,1,0,,0.0,skipped_no_resolved_evidence,
Weber Ambiental,WEBER AMBIENTAL,1,1,0,,0.0,skipped_no_resolved_evidence,
WEBJUMP,WEBJUMP,1,1,0,,0.0,skipped_no_resolved_evidence,
wehandle,WEHANDLE,1,1,0,,0.0,skipped_no_resolved_evidence,
WEINIG HOLZ-HER Australia,WEINIG HOLZ-HER AUSTRALIA,1,1,0,,0.0,skipped_no_resolved_evidence,
WelHome,WELHOME,1,1,0,,0.0,skipped_no_resolved_evidence,
Wellz by Wellhub,WELLZ BY WELLHUB,1,1,0,,0.0,skipped_no_resolved_evidence,
Wenger & Watson Inc,WENGER & WATSON,1,1,0,,0.0,skipped_no_resolved_evidence,
Werving op Maat,WERVING OP MAAT,1,1,0,,0.0,skipped_no_resolved_evidence,
West Monroe,WEST MONROE,1,1,0,,0.0,skipped_no_resolved_evidence,
Westcoaching,WESTCOACHING,1,1,0,,0.0,skipped_no_resolved_evidence,
Wheel the World,WHEEL THE WORLD,1,1,0,,0.0,skipped_no_resolved_evidence,
WhyBrilliant,WHYBRILLIANT,1,1,0,,0.0,skipped_no_resolved_evidence,
WIANCO OTT Robotics GmbH,WIANCO OTT ROBOTICS,1,1,0,,0.0,skipped_no_resolved_evidence,
WiiGroup,WIIGROUP,1,1,0,,0.0,skipped_no_resolved_evidence,
William Alexander Recruitment,WILLIAM ALEXANDER RECRUITMENT,1,1,0,,0.0,skipped_no_resolved_evidence,
Wird,WIRD,1,1,0,,0.0,skipped_no_resolved_evidence,
WirtschaftsTreuhand GmbH,WIRTSCHAFTSTREUHAND,1,1,0,,0.0,skipped_no_resolved_evidence,
Wizards of the Coast,WIZARDS OF THE COAST,1,1,0,,0.0,skipped_no_resolved_evidence,
Wizdaa,WIZDAA,1,1,0,,0.0,skipped_no_resolved_evidence,
WK Personalberatung GmbH,WK PERSONALBERATUNG,1,1,0,,0.0,skipped_no_resolved_evidence,
WM Gruppe,WM GRUPPE,1,1,0,,0.0,skipped_no_resolved_evidence,
Wonga,WONGA,1,1,0,,0.0,skipped_no_resolved_evidence,
Woodside Energy India,WOODSIDE ENERGY INDIA,1,1,0,,0.0,skipped_no_resolved_evidence,
WorkIT,WORKIT,1,1,0,,0.0,skipped_no_resolved_evidence,
Workstream,WORKSTREAM,1,1,0,,0.0,skipped_no_resolved_evidence,
Woxer,WOXER,1,1,0,,0.0,skipped_no_resolved_evidence,
WP LAB,WP LAB,1,1,0,,0.0,skipped_no_resolved_evidence,
WTime Business Intelligence,WTIME BUSINESS INTELLIGENCE,1,1,0,,0.0,skipped_no_resolved_evidence,
WV Eventos LTDA,WV EVENTOS,1,1,0,,0.0,skipped_no_resolved_evidence,
Wylinka,WYLINKA,1,1,0,,0.0,skipped_no_resolved_evidence,
Wyndham Garden,WYNDHAM GARDEN,1,1,0,,0.0,skipped_no_resolved_evidence,
Xcellent Talents,XCELLENT TALENTS,1,1,0,,0.0,skipped_no_resolved_evidence,
Xebia,XEBIA,1,1,0,,0.0,skipped_no_resolved_evidence,
Xeridia,XERIDIA,1,1,0,,0.0,skipped_no_resolved_evidence,
Xinfotec.llc,XINFOTEC,1,1,0,,0.0,skipped_no_resolved_evidence,
Xinova Group,XINOVA,1,1,0,,0.0,skipped_no_resolved_evidence,
Xpantion,XPANTION,1,1,0,,0.0,skipped_no_resolved_evidence,
Xperion,XPERION,1,1,0,,0.0,skipped_no_resolved_evidence,
Xperiun,XPERIUN,1,1,0,,0.0,skipped_no_resolved_evidence,
XpertScout GmbH,XPERTSCOUT,1,1,0,,0.0,skipped_no_resolved_evidence,
XRAYS TRADING,XRAYS TRADING,1,1,0,,0.0,skipped_no_resolved_evidence,
Xtedder,XTEDDER,1,1,0,,0.0,skipped_no_resolved_evidence,
Yahoo,YAHOO,1,1,0,,0.0,skipped_no_resolved_evidence,
Yalla Car - Aluguel de Carros,YALLA CAR - ALUGUEL DE CARROS,1,1,0,,0.0,skipped_no_resolved_evidence,
Yaman,YAMAN,1,1,0,,0.0,skipped_no_resolved_evidence,
Yandeh,YANDEH,1,1,0,,0.0,skipped_no_resolved_evidence,
yellow.rec,YELLOW.REC,1,1,0,,0.0,skipped_no_resolved_evidence,
YHA Australia,YHA AUSTRALIA,1,1,0,,0.0,skipped_no_resolved_evidence,
Yochana IT Solutions INC,YOCHANA IT,1,1,0,,0.0,skipped_no_resolved_evidence,
YouDare,YOUDARE,1,1,0,,0.0,skipped_no_resolved_evidence,
Young Talents GmbH,YOUNG TALENTS,1,1,0,,0.0,skipped_no_resolved_evidence,
"Zafer Taahhüt, İnşaat ve Tic. A.Ş","ZAFER TAAHHÜT, İNŞAAT VE TIC. A.Ş",1,1,0,,0.0,skipped_no_resolved_evidence,
ZAFIRO TELECOM,ZAFIRO TELECOM,1,1,0,,0.0,skipped_no_resolved_evidence,
ZapSign,ZAPSIGN,1,1,0,,0.0,skipped_no_resolved_evidence,
ZAVAZ Media Group,ZAVAZ MEDIA,1,1,0,,0.0,skipped_no_resolved_evidence,
Zazmic Inc,ZAZMIC,1,1,0,,0.0,skipped_no_resolved_evidence,
ZEISS Group,ZEISS,1,1,0,,0.0,skipped_no_resolved_evidence,
Zenklub,ZENKLUB,1,1,0,,0.0,skipped_no_resolved_evidence,
ZEROGATE,ZEROGATE,1,1,0,,0.0,skipped_no_resolved_evidence,
ZeuZ,ZEUZ,1,1,0,,0.0,skipped_no_resolved_evidence,
Zixbe,ZIXBE,1,1,0,,0.0,skipped_no_resolved_evidence,
Zortify,ZORTIFY,1,1,0,,0.0,skipped_no_resolved_evidence,
Zubale,ZUBALE,1,1,0,,0.0,skipped_no_resolved_evidence,
®CS Global IT ☁,®CS IT ☁,1,1,0,,0.0,skipped_no_resolved_evidence,
Ágil Talentos,ÁGIL TALENTOS,1,1,0,,0.0,skipped_no_resolved_evidence,
Árbore Engenharia,ÁRBORE ENGENHARIA,1,1,0,,0.0,skipped_no_resolved_evidence,
Самозайнятий,САМОЗАЙНЯТИЙ,1,1,0,,0.0,skipped_no_resolved_evidence,
شركة عالم النظم والبرامج,شركة عالم النظم والبرامج,1,1,0,,0.0,skipped_no_resolved_evidence,
نشریه سامانه نو | New Samaneh Magazine,نشریه سامانه نو | NEW SAMANEH MAGAZINE,1,1,0,,0.0,skipped_no_resolved_evidence,
金风科技,金风科技,1,1,0,,0.0,skipped_no_resolved_evidence,
카카오픽코마 (kakaopiccoma),카카오픽코마 (KAKAOPICCOMA),1,1,0,,0.0,skipped_no_resolved_evidence,
🇬🇹 IntegRHa Talento,🇬🇹 INTEGRHA TALENTO,1,1,0,,0.0,skipped_no_resolved_evidence,
