company_clean,connection_count,recruiter_count,hiring_mgr_count,data_leader_count,avg_priority_score,company_canonical,manual_market,manual_category,manual_notes
Melt Group,17,0,0,0,18.2,MELT,,,
QuintoAndar,11,0,0,0,26.2,QUINTOANDAR,,,
Global Group,10,0,0,0,10.3,,,,
DIS AG,8,0,0,0,16.4,DIS,,,
NTConsult,8,0,0,0,18.9,NTCONSULT,,,
Profesional independiente,7,0,0,0,17.3,PROFESIONAL INDEPENDIENTE,,,
Autônomo,7,0,0,0,11.0,AUTÔNOMO,,,
Robert Walters,7,0,0,0,22.1,ROBERT WALTERS,,,
Nestlé,6,0,0,0,20.7,NESTLÉ,,,
Shopee,6,0,0,0,17.5,SHOPEE,,,
Natura,5,0,0,0,21.0,NATURA,,,
Nortal,5,0,0,0,16.4,NORTAL,,,
DBC Company,5,0,0,0,18.0,DBC COMPANY,,,
KWS Group,5,0,0,0,9.8,KWS,,,
Progressive Recruitment,5,0,0,0,21.8,PROGRESSIVE RECRUITMENT,,,
Lojas Renner S.A,5,0,0,0,23.0,LOJAS RENNER,,,
NUMEN,5,0,0,0,21.0,NUMEN,,,
Neon,4,0,0,0,21.8,NEON,,,
Kienbaum,4,0,0,0,18.2,KIENBAUM,,,
Capco,4,0,0,0,26.8,CAPCO,,,
Improving,4,0,0,0,21.5,IMPROVING,,,
Cadastra,4,0,0,0,22.2,CADASTRA,,,
Grupo MAG,4,0,0,0,12.0,GRUPO MAG,,,
Compass UOL,4,0,0,0,22.2,COMPASS UOL,,,
SOUTH SYSTEM,4,0,0,0,20.2,SOUTH SYSTEM,,,
Self Employed,4,0,0,0,16.8,SELF EMPLOYED,,,
Citi,4,0,0,0,20.2,CITI,,,
Talent Match,4,0,0,0,18.2,TALENT MATCH,,,
Taylor Hopkinson | Powered by Brunel,4,0,0,0,23.0,TAYLOR HOPKINSON | POWERED BY BRUNEL,,,
Teleperformance,4,0,0,0,23.0,TELEPERFORMANCE,,,
The HEINEKEN Company,4,0,0,0,21.8,THE HEINEKEN COMPANY,,,
Wellhub,4,0,0,0,24.8,WELLHUB,,,
banco BV,4,0,0,0,25.0,BANCO,,,
Hitachi Energy,3,0,0,0,17.3,HITACHI ENERGY,,,
Benner,3,0,0,0,19.0,BENNER,,,
BASF,3,0,0,0,21.0,BASF,,,
Kenvue,3,0,0,0,19.3,KENVUE,,,
AltoQi,3,0,0,0,27.7,ALTOQI,,,
Autônoma,3,0,0,0,14.0,AUTÔNOMA,,,
LevelUP HCS,3,0,0,0,25.0,LEVELUP HCS,,,
Leega,3,0,0,0,24.7,LEEGA,,,
Falconi,3,0,0,0,21.7,FALCONI,,,
BEES,3,0,0,0,25.0,BEES,,,
Advance Auto Parts,3,0,0,0,27.3,ADVANCE AUTO PARTS,,,
Celonis,3,0,0,0,26.3,CELONIS,,,
Matera,3,0,0,0,27.7,MATERA,,,
Brunel,3,0,0,0,19.3,BRUNEL,,,
GEP Worldwide,3,0,0,0,17.7,GEP WORLDWIDE,,,
Elevation Group,3,0,0,0,16.3,ELEVATION,,,
Bayer,3,0,0,0,28.3,BAYER,,,
Intellias,3,0,0,0,23.0,INTELLIAS,,,
Caterpillar Inc,3,0,0,0,18.0,CATERPILLAR,,,
AXS Logistiek,3,0,0,0,17.7,AXS LOGISTIEK,,,
Novartis,3,0,0,0,25.0,NOVARTIS,,,
Pearson,3,0,0,0,27.7,PEARSON,,,
Pipefy,3,0,0,0,23.7,PIPEFY,,,
Power Tuning,3,0,0,0,23.3,POWER TUNING,,,
"ANP - Agência Nacional do Petróleo, Gás Natural e Biocombustíveis",3,0,0,0,8.0,"ANP - AGÊNCIA NACIONAL DO PETRÓLEO, GÁS NATURAL E BIOCOMBUSTÍVEIS",,,
Diageo,3,0,0,0,15.3,DIAGEO,,,
FERCHAU,3,0,0,0,20.0,FERCHAU,,,
Ratbacher GmbH,3,0,0,0,17.3,RATBACHER,,,
El Corte Inglés,3,0,0,0,10.3,EL CORTE INGLÉS,,,
SAUTER,3,0,0,0,24.7,SAUTER,,,
SGF Global,3,0,0,0,22.0,SGF,,,
slantis,3,0,0,0,19.7,SLANTIS,,,
Selbstständig,3,0,0,0,8.0,SELBSTSTÄNDIG,,,
Gupy,3,0,0,0,9.3,GUPY,,,
Sem Parar Corpay,3,0,0,0,20.0,SEM PARAR CORPAY,,,
Equifax I BoaVista,3,0,0,0,20.3,EQUIFAX I BOAVISTA,,,
Stadtwerke München GmbH,3,0,0,0,27.0,STADTWERKE MÜNCHEN,,,
Straumann Group,3,0,0,0,29.3,STRAUMANN,,,
SysMap Solutions,3,0,0,0,26.0,SYSMAP,,,
Landeshauptstadt München,3,0,0,0,28.3,LANDESHAUPTSTADT MÜNCHEN,,,
EloGroup,3,0,0,0,27.3,ELOGROUP,,,
K&K Talents,3,0,0,0,15.7,K&K TALENTS,,,
Banco Bmg,3,0,0,0,27.3,BANCO BMG,,,
Visagio,3,0,0,0,17.7,VISAGIO,,,
Insi,3,0,0,0,19.7,INSI,,,
artevie group,3,0,0,0,19.3,ARTEVIE,,,
Aliare,3,0,0,0,22.3,ALIARE,,,
change,3,0,0,0,28.3,CHANGE,,,
IKONS Ibérica,2,0,0,0,26.0,IKONS IBÉRICA,,,
KIS Solutions,2,0,0,0,22.0,KIS,,,
EBANX,2,0,0,0,32.5,EBANX,,,
Genesys,2,0,0,0,17.5,GENESYS,,,
Keeta,2,0,0,0,16.5,KEETA,,,
Investigo,2,0,0,0,20.5,INVESTIGO,,,
Escola da Nuvem,2,0,0,0,13.5,ESCOLA DA NUVEM,,,
JLink connecting experts GmbH,2,0,0,0,18.0,JLINK CONNECTING EXPERTS,,,
Adistec,2,0,0,0,30.5,ADISTEC,,,
Adium,2,0,0,0,22.0,ADIUM,,,
Essbio,2,0,0,0,16.5,ESSBIO,,,
Grupo 3corações,2,0,0,0,27.0,GRUPO 3CORAÇÕES,,,
Grupo Sabin,2,0,0,0,24.5,GRUPO SABIN,,,
Bio-Rad Laboratories,2,0,0,0,11.5,BIO-RAD LABORATORIES,,,
Aegea Saneamento,2,0,0,0,15.5,AEGEA SANEAMENTO,,,
Imperial Brands PLC,2,0,0,0,18.0,IMPERIAL BRANDS,,,
Getnet,2,0,0,0,17.0,GETNET,,,
Agibank,2,0,0,0,19.0,AGIBANK,,,
Haleon,2,0,0,0,18.0,HALEON,,,
Blue Box Talent,2,0,0,0,28.0,BLUE BOX TALENT,,,
Auren Energia,2,0,0,0,9.5,AUREN ENERGIA,,,
Etteplan,2,0,0,0,15.0,ETTEPLAN,,,
Halliburton,2,0,0,0,28.5,HALLIBURTON,,,
Konecta,2,0,0,0,21.5,KONECTA,,,
Computer Futures,2,0,0,0,29.0,COMPUTER FUTURES,,,
Avenue Code,2,0,0,0,16.0,AVENUE CODE,,,
GM Financial,2,0,0,0,28.5,GM FINANCIAL,,,
Ipiranga,2,0,0,0,17.5,IPIRANGA,,,
Deel,2,0,0,0,19.0,DEEL,,,
GP JOULE Gruppe,2,0,0,0,12.5,GP JOULE GRUPPE,,,
Constellium,2,0,0,0,29.0,CONSTELLIUM,,,
Constructor,2,0,0,0,22.0,CONSTRUCTOR,,,
Justos,2,0,0,0,26.0,JUSTOS,,,
Fiverr,2,0,0,0,21.0,FIVERR,,,
IBGE,2,0,0,0,19.0,IBGE,,,
Caveo,2,0,0,0,26.0,CAVEO,,,
AlmapBBDO,2,0,0,0,19.0,ALMAPBBDO,,,
Grupo Vorp,2,0,0,0,10.0,GRUPO VORP,,,
F1RST Tecnologia,2,0,0,0,20.0,F1RST TECNOLOGIA,,,
FALKEN Group Personalberatung GmbH,2,0,0,0,16.0,FALKEN PERSONALBERATUNG,,,
FALKENHERZ Group,2,0,0,0,20.0,FALKENHERZ,,,
John Deere,2,0,0,0,15.5,JOHN DEERE,,,
Descomplica,2,0,0,0,16.0,DESCOMPLICA,,,
Loft,2,0,0,0,20.0,LOFT,,,
Bullla,2,0,0,0,11.5,BULLLA,,,
Magnit Global,2,0,0,0,30.5,MAGNIT,,,
Amalga Group,2,0,0,0,30.5,AMALGA,,,
Maxxi,2,0,0,0,22.5,MAXXI,,,
Bundesagentur für Arbeit,2,0,0,0,13.5,BUNDESAGENTUR FÜR ARBEIT,,,
Mondelēz International,2,0,0,0,30.0,MONDELĒZ INTERNATIONAL,,,
Mycon,2,0,0,0,16.5,MYCON,,,
Amcor,2,0,0,0,21.0,AMCOR,,,
Elevation Partners,2,0,0,0,22.0,ELEVATION PARTNERS,,,
Infinite Computer Solutions,2,0,0,0,23.0,INFINITE COMPUTER,,,
Nelson Wilians Advogados,2,0,0,0,24.0,NELSON WILIANS ADVOGADOS,,,
Neoenergia,2,0,0,0,17.5,NEOENERGIA,,,
CACEIS,2,0,0,0,16.5,CACEIS,,,
CAST,2,0,0,0,15.0,CAST,,,
Nexer Enterprise Applications,2,0,0,0,19.0,NEXER ENTERPRISE APPLICATIONS,,,
Nordex Group,2,0,0,0,19.0,NORDEX,,,
Amoria Bond,2,0,0,0,25.0,AMORIA BOND,,,
Novacomp,2,0,0,0,19.5,NOVACOMP,,,
Ball Corporation,2,0,0,0,28.5,BALL,,,
OPmobility,2,0,0,0,21.5,OPMOBILITY,,,
Opah IT,2,0,0,0,18.5,OPAH IT,,,
PROPOSITO Human Capital Solutions,2,0,0,0,18.5,PROPOSITO HUMAN CAPITAL,,,
Palantec GmbH,2,0,0,0,23.0,PALANTEC,,,
Parser,2,0,0,0,21.5,PARSER,,,
Paytrack,2,0,0,0,24.5,PAYTRACK,,,
Peak One GmbH,2,0,0,0,30.0,PEAK ONE,,,
Ana Gaming,2,0,0,0,19.5,ANA GAMING,,,
Persistent Systems,2,0,0,0,24.5,PERSISTENT SYSTEMS,,,
Petlove,2,0,0,0,20.5,PETLOVE,,,
PetroReconcavo,2,0,0,0,13.0,PETRORECONCAVO,,,
Petrobahia S.A,2,0,0,0,7.5,PETROBAHIA,,,
Philip Morris International,2,0,0,0,25.0,PHILIP MORRIS INTERNATIONAL,,,
Phiture,2,0,0,0,21.0,PHITURE,,,
Infleet - Gestão de Frotas,2,0,0,0,17.5,INFLEET - GESTÃO DE FROTAS,,,
Positivo Tecnologia,2,0,0,0,25.0,POSITIVO TECNOLOGIA,,,
Empacar S.A,2,0,0,0,16.0,EMPACAR,,,
Prefeitura de Cubatão,2,0,0,0,12.0,PREFEITURA DE CUBATÃO,,,
AGCO Corporation,2,0,0,0,17.5,AGCO,,,
Programmers,2,0,0,0,16.0,PROGRAMMERS,,,
Banco Carrefour,2,0,0,0,21.5,BANCO CARREFOUR,,,
Projective Talent | Part of Projective Group,2,0,0,0,11.5,PROJECTIVE TALENT | PART OF PROJECTIVE,,,
QSOFT,2,0,0,0,24.0,QSOFT,,,
Quantik,2,0,0,0,21.0,QUANTIK,,,
Quartile,2,0,0,0,28.5,QUARTILE,,,
CESAR,2,0,0,0,19.0,CESAR,,,
RED Global,2,0,0,0,33.0,RED,,,
Heidrick & Struggles,2,0,0,0,20.5,HEIDRICK & STRUGGLES,,,
Red Bull,2,0,0,0,17.5,RED BULL,,,
Reply,2,0,0,0,20.5,REPLY,,,
ResourceTree Global Services,2,0,0,0,27.5,RESOURCETREE,,,
Revelo,2,0,0,0,23.0,REVELO,,,
Riverstate Premium Recruiting,2,0,0,0,23.0,RIVERSTATE PREMIUM RECRUITING,,,
CGS Consultores Reclutamiento de Personal,2,0,0,0,22.0,CGS CONSULTORES RECLUTAMIENTO DE PERSONAL,,,
Roche,2,0,0,0,22.0,ROCHE,,,
Rox Partner,2,0,0,0,22.0,ROX PARTNER,,,
Forward,2,0,0,0,20.5,FORWARD,,,
Inetum,2,0,0,0,23.0,INETUM,,,
SNGULAR,2,0,0,0,29.0,SNGULAR,,,
Klanik,2,0,0,0,27.0,KLANIK,,,
SUBSCRIBE,2,0,0,0,15.0,SUBSCRIBE,,,
Sanofi,2,0,0,0,16.0,SANOFI,,,
Customertimes,2,0,0,0,27.0,CUSTOMERTIMES,,,
Kanastra,2,0,0,0,27.5,KANASTRA,,,
Graphite,2,0,0,0,24.5,GRAPHITE,,,
Sensedia,2,0,0,0,24.0,SENSEDIA,,,
Share People Hub,2,0,0,0,16.0,SHARE PEOPLE HUB,,,
Fadel Transportes e Logística,2,0,0,0,20.0,FADEL TRANSPORTES E LOGÍSTICA,,,
Sofist,2,0,0,0,21.0,SOFIST,,,
Softplan,2,0,0,0,19.0,SOFTPLAN,,,
Softys,2,0,0,0,25.5,SOFTYS,,,
Sparkassen-Personalberatung GmbH,2,0,0,0,12.0,SPARKASSEN-PERSONALBERATUNG,,,
Splash,2,0,0,0,27.0,SPLASH,,,
Staan,2,0,0,0,18.0,STAAN,,,
Gravitas Recruitment Group (Global) Ltd,2,0,0,0,31.5,GRAVITAS RECRUITMENT (),,,
Starian,2,0,0,0,25.0,STARIAN,,,
Fami Capital,2,0,0,0,19.0,FAMI CAPITAL,,,
Strider,2,0,0,0,17.5,STRIDER,,,
Swap,2,0,0,0,27.5,SWAP,,,
Syngenta,2,0,0,0,16.0,SYNGENTA,,,
SysManager,2,0,0,0,15.5,SYSMANAGER,,,
Horatio,2,0,0,0,20.0,HORATIO,,,
TECNOMEC ENGINEERING SRL,2,0,0,0,18.0,TECNOMEC ENGINEERING SRL,,,
Takeda,2,0,0,0,20.0,TAKEDA,,,
ClickHouse,2,0,0,0,12.0,CLICKHOUSE,,,
TalentHackers by Catenon Group,2,0,0,0,21.0,TALENTHACKERS BY CATENON,,,
Talentia,2,0,0,0,20.5,TALENTIA,,,
Talention,2,0,0,0,18.0,TALENTION,,,
HR Path,2,0,0,0,32.5,HR PATH,,,
Horizontal Talent,2,0,0,0,20.0,HORIZONTAL TALENT,,,
Tenth Revolution Group,2,0,0,0,23.5,TENTH REVOLUTION,,,
Tergos,2,0,0,0,18.0,TERGOS,,,
CPQD,2,0,0,0,16.0,CPQD,,,
TikTok,2,0,0,0,13.0,TIKTOK,,,
TimePartner Personalmanagement GmbH,2,0,0,0,15.5,TIMEPARTNER PERSONALMANAGEMENT,,,
Topaz,2,0,0,0,16.5,TOPAZ,,,
Trafigura,2,0,0,0,30.5,TRAFIGURA,,,
Trillia,2,0,0,0,20.5,TRILLIA,,,
Uncover,2,0,0,0,23.5,UNCOVER,,,
Universidade CIMATEC,2,0,0,0,8.0,UNIVERSIDADE CIMATEC,,,
ValueNet Group,2,0,0,0,17.0,VALUENET,,,
Vericode,2,0,0,0,25.0,VERICODE,,,
Vestas,2,0,0,0,8.0,VESTAS,,,
Vetta,2,0,0,0,24.0,VETTA,,,
HRA Solutions,2,0,0,0,8.0,HRA,,,
Volvo Group,2,0,0,0,34.0,VOLVO,,,
Kuehne+Nagel,2,0,0,0,12.0,KUEHNE+NAGEL,,,
William Alexander Recruitment,2,0,0,0,23.0,WILLIAM ALEXANDER RECRUITMENT,,,
Wilson,2,0,0,0,27.5,WILSON,,,
Wilson Sons,2,0,0,0,8.0,WILSON SONS,,,
Xepelin,2,0,0,0,21.5,XEPELIN,,,
YDUQS,2,0,0,0,25.5,YDUQS,,,
Zenika,2,0,0,0,25.5,ZENIKA,,,
Zensy,2,0,0,0,26.5,ZENSY,,,
amaxo GmbH,2,0,0,0,18.0,AMAXO,,,
E-IT,2,0,0,0,16.0,E-IT,,,
Equinix,2,0,0,0,15.5,EQUINIX,,,
bet365,2,0,0,0,15.5,BET365,,,
Beinex,2,0,0,0,29.0,BEINEX,,,
dLocal,2,0,0,0,16.0,DLOCAL,,,
delaware International,2,0,0,0,26.0,DELAWARE INTERNATIONAL,,,
empiriecom,2,0,0,0,30.0,EMPIRIECOM,,,
hub xp,2,0,0,0,28.0,HUB XP,,,
A-Players,2,0,0,0,28.0,A-PLAYERS,,,
ACTIEF Personalmanagement GmbH,2,0,0,0,10.0,ACTIEF PERSONALMANAGEMENT,,,
Apex Global Mobility,1,0,0,0,16.0,APEX MOBILITY,,,
Apex Resources Ltd,1,0,0,0,15.0,APEX RESOURCES,,,
AppNation,1,0,0,0,24.0,APPNATION,,,
Appning by Forvia,1,0,0,0,34.0,APPNING BY FORVIA,,,
Appzlogic,1,0,0,0,22.0,APPZLOGIC,,,
Apsen Farmacêutica,1,0,0,0,8.0,APSEN FARMACÊUTICA,,,
Aptar,1,0,0,0,58.0,APTAR,,,
Apter,1,0,0,0,12.0,APTER,,,
Aptita,1,0,0,0,28.0,APTITA,,,
ArcTouch,1,0,0,0,21.0,ARCTOUCH,,,
Arcadea Group,1,0,0,0,18.0,ARCADEA,,,
Arcadis,1,0,0,0,18.0,ARCADIS,,,
Archer Daniels Midland Company,1,0,0,0,8.0,ARCHER DANIELS MIDLAND COMPANY,,,
Archive,1,0,0,0,23.0,ARCHIVE,,,
Arena,1,0,0,0,19.0,ARENA,,,
Arik Tekh LLC,1,0,0,0,22.0,ARIK TEKH,,,
Arise Youth Support,1,0,0,0,8.0,ARISE YOUTH SUPPORT,,,
ArkValue,1,0,0,0,12.0,ARKVALUE,,,
Armenian Code Academy,1,0,0,0,8.0,ARMENIAN CODE ACADEMY,,,
Arochi & Lindner,1,0,0,0,27.0,AROCHI & LINDNER,,,
Arquitetos da Saúde,1,0,0,0,29.0,ARQUITETOS DA SAÚDE,,,
Arrow Electronics,1,0,0,0,8.0,ARROW ELECTRONICS,,,
Arrows,1,0,0,0,25.0,ARROWS,,,
Arvato,1,0,0,0,18.0,ARVATO,,,
Arvenda LLC,1,0,0,0,20.0,ARVENDA,,,
Arvo,1,0,0,0,12.0,ARVO,,,
Asana,1,0,0,0,22.0,ASANA,,,
Ascentt,1,0,0,0,25.0,ASCENTT,,,
"Aseguradora General, S.A",1,0,0,0,8.0,ASEGURADORA GENERAL,,,
Aspiria,1,0,0,0,21.0,ASPIRIA,,,
Asset Locale,1,0,0,0,20.0,ASSET LOCALE,,,
Asset Management,1,0,0,0,23.0,ASSET MANAGEMENT,,,
Associacao Junior Achievement Do Rio Grande Do Sul,1,0,0,0,13.0,ASSOCIACAO JUNIOR ACHIEVEMENT DO RIO GRANDE DO SUL,,,
Associação Comercial do Paraná,1,0,0,0,24.0,ASSOCIAÇÃO COMERCIAL DO PARANÁ,,,
Assurant,1,0,0,0,12.0,ASSURANT,,,
AssureSoft,1,0,0,0,24.0,ASSURESOFT,,,
Astellas Pharma,1,0,0,0,12.0,ASTELLAS PHARMA,,,
Astra Financial Indonesia,1,0,0,0,27.0,ASTRA FINANCIAL INDONESIA,,,
Astrana Health,1,0,0,0,33.0,ASTRANA HEALTH,,,
Ativa Medicina e Segurança do Trabalho,1,0,0,0,18.0,ATIVA MEDICINA E SEGURANÇA DO TRABALHO,,,
Atlas Governance,1,0,0,0,23.0,ATLAS GOVERNANCE,,,
Atlas NextWave,1,0,0,0,25.0,ATLAS NEXTWAVE,,,
Atlântico,1,0,0,0,33.0,ATLÂNTICO,,,
Atmosera,1,0,0,0,25.0,ATMOSERA,,,
Atom,1,0,0,0,43.0,ATOM,,,
Atomic Layer Deposition,1,0,0,0,27.0,ATOMIC LAYER DEPOSITION,,,
Atruvia AG,1,0,0,0,23.0,ATRUVIA,,,
Attach Group,1,0,0,0,23.0,ATTACH,,,
AudioCodes,1,0,0,0,18.0,AUDIOCODES,,,
Aulas particulares,1,0,0,0,8.0,AULAS PARTICULARES,,,
Aurean Blue,1,0,0,0,22.0,AUREAN BLUE,,,
Auria,1,0,0,0,27.0,AURIA,,,
Auten Energy - Energia Compartilhada,1,0,0,0,12.0,AUTEN ENERGY - ENERGIA COMPARTILHADA,,,
Autoliv,1,0,0,0,18.0,AUTOLIV,,,
Avant Business Services,1,0,0,0,11.0,AVANT BUSINESS,,,
Avanza,1,0,0,0,18.0,AVANZA,,,
Aventa Solutions,1,0,0,0,15.0,AVENTA,,,
Avenue,1,0,0,0,11.0,AVENUE,,,
Avila Tek,1,0,0,0,25.0,AVILA TEK,,,
Avito,1,0,0,0,16.0,AVITO,,,
Avra,1,0,0,0,16.0,AVRA,,,
Avvale,1,0,0,0,32.0,AVVALE,,,
Awalé Resources,1,0,0,0,8.0,AWALÉ RESOURCES,,,
Axial Structural Solutions,1,0,0,0,25.0,AXIAL STRUCTURAL,,,
Axians,1,0,0,0,23.0,AXIANS,,,
Axpo Group,1,0,0,0,20.0,AXPO,,,
Axpo Solutions AG,1,0,0,0,15.0,AXPO,,,
Azion,1,0,0,0,22.0,AZION,,,
Azuris Company,1,0,0,0,27.0,AZURIS COMPANY,,,
B&M Personalvermittlung,1,0,0,0,12.0,B&M PERSONALVERMITTLUNG,,,
BAC Credomatic,1,0,0,0,22.0,BAC CREDOMATIC,,,
BAE Systems,1,0,0,0,11.0,BAE SYSTEMS,,,
BARMER,1,0,0,0,22.0,BARMER,,,
BBC Carreira & RH,1,0,0,0,15.0,BBC CARREIRA & RH,,,
BC Mentoria,1,0,0,0,8.0,BC MENTORIA,,,
BESTSECRET Group,1,0,0,0,17.0,BESTSECRET,,,
BHR - Executive Support,1,0,0,0,13.0,BHR - EXECUTIVE SUPPORT,,,
BI4ALL,1,0,0,0,19.0,BI4ALL,,,
BIG school,1,0,0,0,27.0,BIG SCHOOL,,,
BIGZON,1,0,0,0,22.0,BIGZON,,,
BIX Tecnologia,1,0,0,0,27.0,BIX TECNOLOGIA,,,
BLUST | Consultora Boutique de Personas y Talento,1,0,0,0,19.0,BLUST | CONSULTORA BOUTIQUE DE PERSONAS Y TALENTO,,,
BM GROUP Bolivia,1,0,0,0,16.0,BM BOLIVIA,,,
BMN Nederland,1,0,0,0,8.0,BMN NEDERLAND,,,
BMNS,1,0,0,0,31.0,BMNS,,,
BOMIX INDÚSTRIA DE EMBALAGENS LTDA,1,0,0,0,18.0,BOMIX INDÚSTRIA DE EMBALAGENS,,,
BRINK Group,1,0,0,0,27.0,BRINK,,,
BROSETA,1,0,0,0,8.0,BROSETA,,,
BSS Group,1,0,0,0,18.0,BSS,,,
BUTTER. GmbH,1,0,0,0,12.0,BUTTER,,,
Bachpan Save The Innocence,1,0,0,0,8.0,BACHPAN SAVE THE INNOCENCE,,,
Baker Hughes,1,0,0,0,20.0,BAKER HUGHES,,,
Baku Heritage Tours - DMC,1,0,0,0,8.0,BAKU HERITAGE TOURS - DMC,,,
Balanz Uruguay,1,0,0,0,37.0,BALANZ URUGUAY,,,
BanBajío,1,0,0,0,12.0,BANBAJÍO,,,
Banco BS2,1,0,0,0,12.0,BANCO BS2,,,
Banco Bci,1,0,0,0,36.0,BANCO BCI,,,
Banco Internacional,1,0,0,0,31.0,BANCO INTERNACIONAL,,,
Banco Mercantil,1,0,0,0,8.0,BANCO MERCANTIL,,,
Banco PAN,1,0,0,0,23.0,BANCO PAN,,,
Banco Promerica Guatemala,1,0,0,0,8.0,BANCO PROMERICA GUATEMALA,,,
Banco Rendimento,1,0,0,0,13.0,BANCO RENDIMENTO,,,
Banco Sofisa S/A,1,0,0,0,8.0,BANCO SOFISA,,,
Banco de Seguros del Estado,1,0,0,0,12.0,BANCO DE SEGUROS DEL ESTADO,,,
Banco del Sol,1,0,0,0,14.0,BANCO DEL SOL,,,
Banff Lodging Company,1,0,0,0,25.0,BANFF LODGING COMPANY,,,
Banistmo,1,0,0,0,18.0,BANISTMO,,,
Bankaool,1,0,0,0,21.0,BANKAOOL,,,
Bankhaus Metzler,1,0,0,0,12.0,BANKHAUS METZLER,,,
Baril Advogados,1,0,0,0,19.0,BARIL ADVOGADOS,,,
Bark.com,1,0,0,0,23.0,BARK.COM,,,
Basecone,1,0,0,0,32.0,BASECONE,,,
Basis Tecnologia da Informação S.A,1,0,0,0,20.0,BASIS TECNOLOGIA DA INFORMAÇÃO,,,
Baterias Pioneiro,1,0,0,0,22.0,BATERIAS PIONEIRO,,,
Bathildisheim e.V,1,0,0,0,12.0,BATHILDISHEIM E.V,,,
Baugesellschaft Hanau GmbH,1,0,0,0,12.0,BAUGESELLSCHAFT HANAU,,,
Baxter International Inc,1,0,0,0,23.0,BAXTER INTERNATIONAL,,,
BayWa r.e. Solar Distribution / ES,1,0,0,0,27.0,BAYWA R.E. SOLAR DISTRIBUTION / ES,,,
Bayes Esports,1,0,0,0,25.0,BAYES ESPORTS,,,
Be Intelligence,1,0,0,0,12.0,BE INTELLIGENCE,,,
BeNEX Akademie GmbH & Co. KG,1,0,0,0,12.0,BENEX AKADEMIE & CO,,,
BeSmart Corp,1,0,0,0,25.0,BESMART,,,
Beach Bum,1,0,0,0,22.0,BEACH BUM,,,
Bee Engineering ICT,1,0,0,0,22.0,BEE ENGINEERING ICT,,,
Belastingdienst,1,0,0,0,11.0,BELASTINGDIENST,,,
Bemobi,1,0,0,0,12.0,BEMOBI,,,
Bending Spoons,1,0,0,0,22.0,BENDING SPOONS,,,
Berger Bau- und Industriebedarf GmbH,1,0,0,0,12.0,BERGER BAU- UND INDUSTRIEBEDARF,,,
Bernoulli Educação,1,0,0,0,8.0,BERNOULLI EDUCAÇÃO,,,
Better Collective,1,0,0,0,27.0,BETTER COLLECTIVE,,,
Bettermile,1,0,0,0,21.0,BETTERMILE,,,
Bi Smart,1,0,0,0,35.0,BI SMART,,,
"BiDATiA, el poder del dato",1,0,0,0,23.0,"BIDATIA, EL PODER DEL DATO",,,
Bildungsreif,1,0,0,0,8.0,BILDUNGSREIF,,,
Billie,1,0,0,0,25.0,BILLIE,,,
Binaria Talent Group,1,0,0,0,30.0,BINARIA TALENT,,,
Bind México,1,0,0,0,34.0,BIND MÉXICO,,,
Birdie,1,0,0,0,18.0,BIRDIE,,,
Birdman,1,0,0,0,28.0,BIRDMAN,,,
Bits&Cream,1,0,0,0,31.0,BITS&CREAM,,,
Black Cat Services,1,0,0,0,12.0,BLACK CAT,,,
Blackstraw,1,0,0,0,19.0,BLACKSTRAW,,,
BlueCross & BlueShield de Uruguay,1,0,0,0,37.0,BLUECROSS & BLUESHIELD DE URUGUAY,,,
Bluer Tecnologia,1,0,0,0,12.0,BLUER TECNOLOGIA,,,
"Bluetab América, an IBM Company",1,0,0,0,37.0,"BLUETAB AMÉRICA, AN IBM COMPANY",,,
"Bluetab, an IBM Company",1,0,0,0,21.0,"BLUETAB, AN IBM COMPANY",,,
Bluhm Systeme GmbH,1,0,0,0,18.0,BLUHM SYSTEME,,,
Boen Groen,1,0,0,0,12.0,BOEN GROEN,,,
Bold Metrics Inc,1,0,0,0,20.0,BOLD METRICS,,,
Bold Smart Ventures,1,0,0,0,12.0,BOLD SMART,,,
Bold Talent Co,1,0,0,0,15.0,BOLD TALENT CO,,,
Bold.co,1,0,0,0,25.0,BOLD.CO,,,
Bombon Boss,1,0,0,0,25.0,BOMBON BOSS,,,
Bombril,1,0,0,0,18.0,BOMBRIL,,,
Bond Global,1,0,0,0,46.0,BOND,,,
Bondalti,1,0,0,0,25.0,BONDALTI,,,
BookXchange,1,0,0,0,28.0,BOOKXCHANGE,,,
Bosch Rexroth,1,0,0,0,27.0,BOSCH REXROTH,,,
Bosonit,1,0,0,0,27.0,BOSONIT,,,
Bouwhuysch,1,0,0,0,8.0,BOUWHUYSCH,,,
Bracell,1,0,0,0,9.0,BRACELL,,,
Branching Minds,1,0,0,0,33.0,BRANCHING MINDS,,,
Bravia RH I Gestão Estratégica de Pessoas,1,0,0,0,19.0,BRAVIA RH I GESTÃO ESTRATÉGICA DE PESSOAS,,,
Bravos Energía,1,0,0,0,23.0,BRAVOS ENERGÍA,,,
BredenMaster,1,0,0,0,12.0,BREDENMASTER,,,
Bridge & Co,1,0,0,0,8.0,BRIDGE & CO,,,
Bridgenext,1,0,0,0,31.0,BRIDGENEXT,,,
Brooks Automation,1,0,0,0,39.0,BROOKS AUTOMATION,,,
Brown & McCrow,1,0,0,0,21.0,BROWN & MCCROW,,,
Brown-Forman,1,0,0,0,13.0,BROWN-FORMAN,,,
BruntWork,1,0,0,0,18.0,BRUNTWORK,,,
BuildUp,1,0,0,0,12.0,BUILDUP,,,
Bunge,1,0,0,0,12.0,BUNGE,,,
Büsser & Zeidler AG,1,0,0,0,12.0,BÜSSER & ZEIDLER,,,
C3 Engenharia & Soluções,1,0,0,0,7.0,C3 ENGENHARIA & SOLUÇÕES,,,
CARE Vision Augenkliniken,1,0,0,0,12.0,CARE VISION AUGENKLINIKEN,,,
CARNES RIKATAS,1,0,0,0,12.0,CARNES RIKATAS,,,
CASH,1,0,0,0,22.0,CASH,,,
CEERT Equidade Racial e de Gênero,1,0,0,0,8.0,CEERT EQUIDADE RACIAL E DE GÊNERO,,,
CEMA Construções e Tecnologia,1,0,0,0,18.0,CEMA CONSTRUÇÕES E TECNOLOGIA,,,
CEMPRE Uruguay,1,0,0,0,52.0,CEMPRE URUGUAY,,,
CENTURY 21 Nações,1,0,0,0,19.0,CENTURY 21 NAÇÕES,,,
CERN,1,0,0,0,7.0,CERN,,,
CEVA Logistics,1,0,0,0,24.0,CEVA LOGISTICS,,,
CEVA SAUDE ANIMAL,1,0,0,0,19.0,CEVA SAUDE ANIMAL,,,
CHS América do Sul,1,0,0,0,27.0,CHS AMÉRICA DO SUL,,,
CIB Egypt,1,0,0,0,12.0,CIB EGYPT,,,
CIEE - Centro de Integração Empresa-Escola,1,0,0,0,8.0,CIEE - CENTRO DE INTEGRAÇÃO EMPRESA-ESCOLA,,,
CIVIR,1,0,0,0,18.0,CIVIR,,,
CJ Recruitment,1,0,0,0,28.0,CJ RECRUITMENT,,,
"CLI - Integração, IA, Tax, Dados",1,0,0,0,21.0,"CLI - INTEGRAÇÃO, IA, TAX, DADOS",,,
CLIDAL,1,0,0,0,8.0,CLIDAL,,,
CLIMB,1,0,0,0,19.0,CLIMB,,,
CMO Vendas,1,0,0,0,8.0,CMO VENDAS,,,
COCUS,1,0,0,0,23.0,COCUS,,,
COEXPAN,1,0,0,0,34.0,COEXPAN,,,
CONAPROLE,1,0,0,0,22.0,CONAPROLE,,,
CONEXIONHR - Recruiting Company,1,0,0,0,15.0,CONEXIONHR - RECRUITING COMPANY,,,
CONTALENTO Strategy For People,1,0,0,0,30.0,CONTALENTO STRATEGY FOR PEOPLE,,,
CORVUS UTV,1,0,0,0,34.0,CORVUS UTV,,,
COS Global Services,1,0,0,0,25.0,COS,,,
COSEM IAMPP,1,0,0,0,12.0,COSEM IAMPP,,,
CRESCIMENTO4U Mentoria de negócios,1,0,0,0,12.0,CRESCIMENTO4U MENTORIA DE NEGÓCIOS,,,
CRS Hospital Provincia Cordillera,1,0,0,0,12.0,CRS HOSPITAL PROVINCIA CORDILLERA,,,
CSN - Companhia Siderúrgica Nacional,1,0,0,0,8.0,CSN - COMPANHIA SIDERÚRGICA NACIONAL,,,
CTS EVENTIM AG & Co. KGaA,1,0,0,0,20.0,CTS EVENTIM & CO. KGAA,,,
CUBE,1,0,0,0,29.0,CUBE,,,
CVS Health,1,0,0,0,30.0,CVS HEALTH,,,
Cacau Show,1,0,0,0,15.0,CACAU SHOW,,,
Cactus,1,0,0,0,24.0,CACTUS,,,
Cadmus Soluções em TI,1,0,0,0,30.0,CADMUS SOLUÇÕES EM TI,,,
Caja Los Andes,1,0,0,0,12.0,CAJA LOS ANDES,,,
Callzilla - The Quality-First Contact Center,1,0,0,0,21.0,CALLZILLA - THE QUALITY-FIRST CONTACT CENTER,,,
Cambium Assessment,1,0,0,0,23.0,CAMBIUM ASSESSMENT,,,
Cambridge Family Enterprise Group (CFEG),1,0,0,0,8.0,CAMBRIDGE FAMILY ENTERPRISE (CFEG),,,
Camil Alimentos S/A,1,0,0,0,15.0,CAMIL ALIMENTOS,,,
Camino laboral - CV con alma,1,0,0,0,15.0,CAMINO LABORAL - CV CON ALMA,,,
Canadian Solar Inc,1,0,0,0,12.0,CANADIAN SOLAR,,,
CandyCo LLC,1,0,0,0,24.0,CANDYCO,,,
Cantinho da Hora Mini Mercado,1,0,0,0,15.0,CANTINHO DA HORA MINI MERCADO,,,
Capital Vision,1,0,0,0,11.0,CAPITAL VISION,,,
Capitole,1,0,0,0,33.0,CAPITOLE,,,
Capri Partners,1,0,0,0,15.0,CAPRI PARTNERS,,,
Capriole Coffee Service | B Corp™,1,0,0,0,8.0,CAPRIOLE COFFEE | B ™,,,
CaptivateIQ,1,0,0,0,23.0,CAPTIVATEIQ,,,
Cardway,1,0,0,0,30.0,CARDWAY,,,
Care&Co Uy,1,0,0,0,12.0,CARE&CO UY,,,
Career Rebels,1,0,0,0,8.0,CAREER REBELS,,,
Career Today,1,0,0,0,21.0,CAREER TODAY,,,
Cargill,1,0,0,0,8.0,CARGILL,,,
Cargo Expreso,1,0,0,0,18.0,CARGO EXPRESO,,,
CargoSprint,1,0,0,0,24.0,CARGOSPRINT,,,
Cargoo,1,0,0,0,27.0,CARGOO,,,
Caritasverband für den Landkreis Weilheim-Schongau e.V,1,0,0,0,8.0,CARITASVERBAND FÜR DEN LANDKREIS WEILHEIM-SCHONGAU E.V,,,
Caru Moràlles | Gestão de Pessoas e Carreiras,1,0,0,0,21.0,CARU MORÀLLES | GESTÃO DE PESSOAS E CARREIRAS,,,
Casa dos Ventos Energias Renováveis,1,0,0,0,26.0,CASA DOS VENTOS ENERGIAS RENOVÁVEIS,,,
Casa e Campo produtos agropecuários LTDA,1,0,0,0,8.0,CASA E CAMPO PRODUTOS AGROPECUÁRIOS,,,
Cash Flow Positif,1,0,0,0,8.0,CASH FLOW POSITIF,,,
CashMe,1,0,0,0,12.0,CASHME,,,
Cataguá Capitólio,1,0,0,0,17.0,CATAGUÁ CAPITÓLIO,,,
Catalyze Group,1,0,0,0,8.0,CATALYZE,,,
Catenon,1,0,0,0,14.0,CATENON,,,
Cavalo Marinho Combustíveis Ltda,1,0,0,0,8.0,CAVALO MARINHO COMBUSTÍVEIS,,,
Cayena,1,0,0,0,33.0,CAYENA,,,
Caylent,1,0,0,0,27.0,CAYLENT,,,
Cecotec,1,0,0,0,17.0,CECOTEC,,,
Cegedim,1,0,0,0,15.0,CEGEDIM,,,
Cegedim Service Center,1,0,0,0,18.0,CEGEDIM CENTER,,,
Celetino GmbH,1,0,0,0,12.0,CELETINO,,,
Cella,1,0,0,0,29.0,CELLA,,,
Centience,1,0,0,0,12.0,CENTIENCE,,,
Centro Médico Militar rimac,1,0,0,0,15.0,CENTRO MÉDICO MILITAR RIMAC,,,
Centro Universitário FMU | FIAM-FAAM,1,0,0,0,12.0,CENTRO UNIVERSITÁRIO FMU | FIAM-FAAM,,,
Ceox Services Ltd,1,0,0,0,23.0,CEOX,,,
Ceramica Santana De Alagoinhas,1,0,0,0,8.0,CERAMICA SANTANA DE ALAGOINHAS,,,
Cere Network,1,0,0,0,21.0,CERE NETWORK,,,
CerradinhoBio,1,0,0,0,17.0,CERRADINHOBIO,,,
Certivity,1,0,0,0,27.0,CERTIVITY,,,
Certta,1,0,0,0,23.0,CERTTA,,,
Cesla,1,0,0,0,23.0,CESLA,,,
Change Recruitment,1,0,0,0,25.0,CHANGE RECRUITMENT,,,
Chassé Theater,1,0,0,0,8.0,CHASSÉ THEATER,,,
Checkmob,1,0,0,0,17.0,CHECKMOB,,,
Checkpoint System EDV GmbH,1,0,0,0,12.0,CHECKPOINT SYSTEM EDV,,,
Cheil Worldwide,1,0,0,0,27.0,CHEIL WORLDWIDE,,,
Churchill Group,1,0,0,0,21.0,CHURCHILL,,,
Cinco tareas,1,0,0,0,13.0,CINCO TAREAS,,,
Cisco,1,0,0,0,12.0,CISCO,,,
Clara,1,0,0,0,15.0,CLARA,,,
Claranet,1,0,0,0,33.0,CLARANET,,,
Clarios,1,0,0,0,18.0,CLARIOS,,,
ClarityLane,1,0,0,0,12.0,CLARITYLANE,,,
Clay,1,0,0,0,18.0,CLAY,,,
ClearBlu Environmental,1,0,0,0,24.0,CLEARBLU ENVIRONMENTAL,,,
Click Nova Pvt Ltd,1,0,0,0,21.0,CLICK NOVA PVT,,,
Clicksign,1,0,0,0,23.0,CLICKSIGN,,,
Clikalia,1,0,0,0,24.0,CLIKALIA,,,
Clube BoraFazer,1,0,0,0,8.0,CLUBE BORAFAZER,,,
Clubio FST,1,0,0,0,18.0,CLUBIO FST,,,
ClyntonBoss,1,0,0,0,24.0,CLYNTONBOSS,,,
Clínica Athos,1,0,0,0,12.0,CLÍNICA ATHOS,,,
Clínica Imaginare,1,0,0,0,8.0,CLÍNICA IMAGINARE,,,
Clínica Odonto Saúde & Estética Dental Clinic,1,0,0,0,12.0,CLÍNICA ODONTO SAÚDE & ESTÉTICA DENTAL CLINIC,,,
Clínica Psicológica,1,0,0,0,12.0,CLÍNICA PSICOLÓGICA,,,
Clínica de Psicoterapia - Ame Rio Verde-GO,1,0,0,0,8.0,CLÍNICA DE PSICOTERAPIA - AME RIO VERDE-GO,,,
Clínica particular Niños y adolescentes. Clinica del Niño Harwood Care,1,0,0,0,12.0,CLÍNICA PARTICULAR NIÑOS Y ADOLESCENTES. CLINICA DEL NIÑO HARWOOD CARE,,,
CoE | Centro de Excelência Votorantim,1,0,0,0,27.0,COE | CENTRO DE EXCELÊNCIA VOTORANTIM,,,
CodeSmash,1,0,0,0,25.0,CODESMASH,,,
Coders Hire Private Limited,1,0,0,0,34.0,CODERS HIRE PRIVATE,,,
CodersLink,1,0,0,0,33.0,CODERSLINK,,,
Codexi,1,0,0,0,20.0,CODEXI,,,
Cogna Educação,1,0,0,0,15.0,COGNA EDUCAÇÃO,,,
CoinDCX,1,0,0,0,23.0,COINDCX,,,
Colegio William,1,0,0,0,19.0,COLEGIO WILLIAM,,,
Colegio integral minas,1,0,0,0,12.0,COLEGIO INTEGRAL MINAS,,,
Colegio y Liceo Hans Christian Andersen,1,0,0,0,22.0,COLEGIO Y LICEO HANS CHRISTIAN ANDERSEN,,,
Colsanitas,1,0,0,0,20.0,COLSANITAS,,,
Colégio Apoio,1,0,0,0,8.0,COLÉGIO APOIO,,,
Comax smart E.R.P,1,0,0,0,27.0,COMAX SMART E.R.P,,,
Comercial 10x,1,0,0,0,8.0,COMERCIAL 10X,,,
Compass.uol,1,0,0,0,15.0,COMPASS.UOL,,,
Complexity Science Hub Vienna,1,0,0,0,12.0,COMPLEXITY SCIENCE HUB VIENNA,,,
CompuGroup Medical SE & Co. KGaA,1,0,0,0,24.0,COMPUGROUP MEDICAL SE & CO. KGAA,,,
Comunidad Delosi,1,0,0,0,12.0,COMUNIDAD DELOSI,,,
ComunidadFeliz.com,1,0,0,0,21.0,COMUNIDADFELIZ.COM,,,
Cona Consultores,1,0,0,0,12.0,CONA CONSULTORES,,,
ConectCar,1,0,0,0,27.0,CONECTCAR,,,
Conexão Talento,1,0,0,0,19.0,CONEXÃO TALENTO,,,
Conexões Psi,1,0,0,0,8.0,CONEXÕES PSI,,,
Conquest One,1,0,0,0,16.0,CONQUEST ONE,,,
Consiss,1,0,0,0,18.0,CONSISS,,,
Consultant / Self-Employed,1,0,0,0,27.0,CONSULTANT / SELF-EMPLOYED,,,
Consultora Citrino,1,0,0,0,19.0,CONSULTORA CITRINO,,,
Consultório Particular,1,0,0,0,8.0,CONSULTÓRIO PARTICULAR,,,
Consultório de Psicoterapia,1,0,0,0,12.0,CONSULTÓRIO DE PSICOTERAPIA,,,
Consultório particular,1,0,0,0,8.0,CONSULTÓRIO PARTICULAR,,,
Convene,1,0,0,0,14.0,CONVENE,,,
Convert,1,0,0,0,18.0,CONVERT,,,
Convixion,1,0,0,0,31.0,CONVIXION,,,
Coopeuch,1,0,0,0,21.0,COOPEUCH,,,
Copa Energia,1,0,0,0,32.0,COPA ENERGIA,,,
Copabo Indústria,1,0,0,0,18.0,COPABO INDÚSTRIA,,,
Cora,1,0,0,0,26.0,CORA,,,
CoreMatch UG (haftungsbeschränkt),1,0,0,0,12.0,COREMATCH UG (HAFTUNGSBESCHRÄNKT),,,
Corning Incorporated,1,0,0,0,18.0,CORNING,,,
Corpo Forte Fitness Center,1,0,0,0,8.0,CORPO FORTE FITNESS CENTER,,,
Corporación AG,1,0,0,0,17.0,CORPORACIÓN,,,
Corporación Minera Dominicana,1,0,0,0,37.0,CORPORACIÓN MINERA DOMINICANA,,,
Covetrus,1,0,0,0,31.0,COVETRUS,,,
Covetus,1,0,0,0,12.0,COVETUS,,,
CreateFuture,1,0,0,0,16.0,CREATEFUTURE,,,
CredAluga,1,0,0,0,23.0,CREDALUGA,,,
Crescent Global LLC,1,0,0,0,24.0,CRESCENT,,,
Cresol Cooperativa,1,0,0,0,8.0,CRESOL COOPERATIVA,,,
Cruzeiro do Sul Educadional S/A,1,0,0,0,26.0,CRUZEIRO DO SUL EDUCADIONAL,,,
Cuesta Partners,1,0,0,0,18.0,CUESTA PARTNERS,,,
Curbelo - Cianci & Asociados,1,0,0,0,12.0,CURBELO - CIANCI & ASOCIADOS,,,
Cury Construtora,1,0,0,0,12.0,CURY CONSTRUTORA,,,
CyberHULL,1,0,0,0,18.0,CYBERHULL,,,
Cygnus Professionals Inc,1,0,0,0,14.0,CYGNUS PROFESSIONALS,,,
Cynergy2,1,0,0,0,20.0,CYNERGY2,,,
Círculo CRM,1,0,0,0,12.0,CÍRCULO CRM,,,
D&R Distribuidora de Bebidas,1,0,0,0,34.0,D&R DISTRIBUIDORA DE BEBIDAS,,,
DAC Beachcroft,1,0,0,0,19.0,DAC BEACHCROFT,,,
DAMEDIC GmbH,1,0,0,0,23.0,DAMEDIC,,,
DB Regio Servicios,1,0,0,0,31.0,DB REGIO SERVICIOS,,,
DB Systel GmbH,1,0,0,0,19.0,DB SYSTEL,,,
DB1 Group,1,0,0,0,22.0,DB1,,,
DC Beauty Cosmetics,1,0,0,0,8.0,DC BEAUTY COSMETICS,,,
DC Engineers B.V,1,0,0,0,8.0,DC ENGINEERS B.V,,,
DD Infosoft Pvt. Ltd. India,1,0,0,0,23.0,DD INFOSOFT PVT. . INDIA,,,
DFL Deutsche Fußball Liga,1,0,0,0,21.0,DFL DEUTSCHE FUSSBALL LIGA,,,
DHL Global Forwarding,1,0,0,0,17.0,DHL FORWARDING,,,
DI develop,1,0,0,0,51.0,DI DEVELOP,,,
DNX Soluções Tecnológicas,1,0,0,0,8.0,DNX SOLUÇÕES TECNOLÓGICAS,,,
DOLCE&GABBANA,1,0,0,0,35.0,DOLCE&GABBANA,,,
DOT LABS,1,0,0,0,27.0,DOT LABS,,,
DP World,1,0,0,0,24.0,DP WORLD,,,
DPS - Das Prüfunternehmen,1,0,0,0,28.0,DPS - DAS PRÜFUNTERNEHMEN,,,
DPT - Departamento de Polícia Técnica,1,0,0,0,11.0,DPT - DEPARTAMENTO DE POLÍCIA TÉCNICA,,,
DSOP Educação Financeira,1,0,0,0,21.0,DSOP EDUCAÇÃO FINANCEIRA,,,
DZ BANK AG,1,0,0,0,22.0,DZ BANK,,,
DadosPower.com.br,1,0,0,0,47.0,DADOSPOWER.COM.BR,,,
Dadosfera,1,0,0,0,11.0,DADOSFERA,,,
Dadoteca,1,0,0,0,12.0,DADOTECA,,,
Daki,1,0,0,0,19.0,DAKI,,,
Dall Energy,1,0,0,0,31.0,DALL ENERGY,,,
Danone,1,0,0,0,24.0,DANONE,,,
Danubius IT Solutions,1,0,0,0,25.0,DANUBIUS IT,,,
Darwin Insurance,1,0,0,0,24.0,DARWIN INSURANCE,,,
Dasbanq,1,0,0,0,19.0,DASBANQ,,,
Datial,1,0,0,0,28.0,DATIAL,,,
Datlo,1,0,0,0,12.0,DATLO,,,
Daxtrio,1,0,0,0,8.0,DAXTRIO,,,
Deal,1,0,0,0,17.0,DEAL,,,
Dedalus,1,0,0,0,39.0,DEDALUS,,,
Deep,1,0,0,0,24.0,DEEP,,,
Deftsoft,1,0,0,0,30.0,DEFTSOFT,,,
Delta A Salud,1,0,0,0,12.0,DELTA A SALUD,,,
Delta Gestão Pública,1,0,0,0,48.0,DELTA GESTÃO PÚBLICA,,,
Deltacubes,1,0,0,0,12.0,DELTACUBES,,,
Denholm Associates,1,0,0,0,19.0,DENHOLM ASSOCIATES,,,
Dental Media Corp,1,0,0,0,15.0,DENTAL MEDIA,,,
Department of Culture and Tourism – Abu Dhabi (DCT Abu Dhabi),1,0,0,0,8.0,DEPARTMENT OF CULTURE AND TOURISM – ABU DHABI (DCT ABU DHABI),,,
"Department of Posts, India",1,0,0,0,12.0,"DEPARTMENT OF POSTS, INDIA",,,
Derma MX,1,0,0,0,19.0,DERMA MX,,,
Descartes Systems Group,1,0,0,0,30.0,DESCARTES SYSTEMS,,,
Descasio,1,0,0,0,31.0,DESCASIO,,,
Despegar,1,0,0,0,27.0,DESPEGAR,,,
Deutsche Angestellten Akademie (DAA),1,0,0,0,8.0,DEUTSCHE ANGESTELLTEN AKADEMIE (DAA),,,
Deutsche WertpapierService Bank AG,1,0,0,0,21.0,DEUTSCHE WERTPAPIERSERVICE BANK,,,
DevIQ,1,0,0,0,23.0,DEVIQ,,,
Develative,1,0,0,0,23.0,DEVELATIVE,,,
Diamond National Investments,1,0,0,0,32.0,DIAMOND NATIONAL INVESTMENTS,,,
Digisystem,1,0,0,0,14.0,DIGISYSTEM,,,
Digitanity,1,0,0,0,12.0,DIGITANITY,,,
Dirección de Servicio de Salud Metropolitano Oriente,1,0,0,0,12.0,DIRECCIÓN DE SERVICIO DE SALUD METROPOLITANO ORIENTE,,,
Diretório Acadêmico de Engenharia de Produção - DAEP,1,0,0,0,8.0,DIRETÓRIO ACADÊMICO DE ENGENHARIA DE PRODUÇÃO - DAEP,,,
Direzione Servizi Srl,1,0,0,0,8.0,DIREZIONE SERVIZI SRL,,,
Dito CRM,1,0,0,0,21.0,DITO CRM,,,
Diálogo Logística - Empresa da BBM Logística,1,0,0,0,30.0,DIÁLOGO LOGÍSTICA - EMPRESA DA BBM LOGÍSTICA,,,
Dock,1,0,0,0,23.0,DOCK,,,
Docket,1,0,0,0,25.0,DOCKET,,,
Doctolib GmbH,1,0,0,0,16.0,DOCTOLIB,,,
Doctoralia México,1,0,0,0,12.0,DOCTORALIA MÉXICO,,,
Donna,1,0,0,0,8.0,DONNA,,,
Dorko,1,0,0,0,31.0,DORKO,,,
DoubleTree by Hilton,1,0,0,0,16.0,DOUBLETREE BY HILTON,,,
"Douro Acima-Transportes Turismo e Restauração, Lda",1,0,0,0,12.0,"DOURO ACIMA-TRANSPORTES TURISMO E RESTAURAÇÃO, LDA",,,
Doutor Finanças,1,0,0,0,12.0,DOUTOR FINANÇAS,,,
Dreamwave Innovation,1,0,0,0,20.0,DREAMWAVE INNOVATION,,,
Driva,1,0,0,0,18.0,DRIVA,,,
Dualis,1,0,0,0,27.0,DUALIS,,,
Dunbia Group,1,0,0,0,21.0,DUNBIA,,,
Dutch TecSource B.V,1,0,0,0,12.0,DUTCH TECSOURCE B.V,,,
DynamicCare Benefícios,1,0,0,0,50.0,DYNAMICCARE BENEFÍCIOS,,,
Dyson,1,0,0,0,12.0,DYSON,,,
E-Solutions,1,0,0,0,26.0,E,,,
E.ON,1,0,0,0,16.0,E.ON,,,
EAE Solutions,1,0,0,0,17.0,EAE,,,
EDSA,1,0,0,0,15.0,EDSA,,,
EF Global Career,1,0,0,0,11.0,EF CAREER,,,
EGPA Design,1,0,0,0,8.0,EGPA DESIGN,,,
ELIS,1,0,0,0,8.0,ELIS,,,
ELOS CAPITAL HUMANO,1,0,0,0,12.0,ELOS CAPITAL HUMANO,,,
EMSERH - Empresa Maranhense de Serviços Hospitalares,1,0,0,0,25.0,EMSERH - EMPRESA MARANHENSE DE SERVIÇOS HOSPITALARES,,,
EMSUR,1,0,0,0,34.0,EMSUR,,,
ENABL A/S,1,0,0,0,8.0,ENABL A/S,,,
EP Carreira e Recolocação,1,0,0,0,8.0,EP CARREIRA E RECOLOCAÇÃO,,,
EPI-USE DACH,1,0,0,0,38.0,EPI-USE DACH,,,
EQT Group,1,0,0,0,23.0,EQT,,,
EQUYVA,1,0,0,0,19.0,EQUYVA,,,
ESSOR Seguros S.A,1,0,0,0,13.0,ESSOR SEGUROS,,,
ETEGEC,1,0,0,0,12.0,ETEGEC,,,
ETEK,1,0,0,0,18.0,ETEK,,,
EUROCONTROL,1,0,0,0,19.0,EUROCONTROL,,,
EXAME,1,0,0,0,23.0,EXAME,,,
Easy Carros,1,0,0,0,50.0,EASY CARROS,,,
Eaze,1,0,0,0,21.0,EAZE,,,
EcoVidaPlast,1,0,0,0,15.0,ECOVIDAPLAST,,,
Econosoft Inc,1,0,0,0,18.0,ECONOSOFT,,,
Eden,1,0,0,0,19.0,EDEN,,,
Edmunds,1,0,0,0,18.0,EDMUNDS,,,
Efí Bank,1,0,0,0,20.0,EFÍ BANK,,,
Ejercicio Independiente de la profesión,1,0,0,0,12.0,EJERCICIO INDEPENDIENTE DE LA PROFESIÓN,,,
El Barranquitruck,1,0,0,0,22.0,EL BARRANQUITRUCK,,,
El Puerto de Liverpool,1,0,0,0,25.0,EL PUERTO DE LIVERPOOL,,,
El de Fiar,1,0,0,0,25.0,EL DE FIAR,,,
Eldar,1,0,0,0,24.0,ELDAR,,,
Elegance Pharmaceuticals,1,0,0,0,12.0,ELEGANCE PHARMACEUTICALS,,,
Elements,1,0,0,0,30.0,ELEMENTS,,,
Elevation,1,0,0,0,15.0,ELEVATION,,,
Ello Pessoas e Negócios,1,0,0,0,12.0,ELLO PESSOAS E NEGÓCIOS,,,
Em Transição de Carreira - In Career Transition,1,0,0,0,8.0,EM TRANSIÇÃO DE CARREIRA - IN CAREER TRANSITION,,,
Emapta Global,1,0,0,0,24.0,EMAPTA,,,
Emers Vietnam,1,0,0,0,27.0,EMERS VIETNAM,,,
Emixa,1,0,0,0,16.0,EMIXA,,,
Empresa Confidencial,1,0,0,0,15.0,EMPRESA CONFIDENCIAL,,,
Empresas Melón,1,0,0,0,21.0,EMPRESAS MELÓN,,,
Encuadrado,1,0,0,0,23.0,ENCUADRADO,,,
Endeavor Labs,1,0,0,0,27.0,ENDEAVOR LABS,,,
Endress+Hauser Gruppe,1,0,0,0,23.0,ENDRESS+HAUSER GRUPPE,,,
Energize Group,1,0,0,0,25.0,ENERGIZE,,,
Enerquin,1,0,0,0,18.0,ENERQUIN,,,
Engemon Engenharia & Construção,1,0,0,0,19.0,ENGEMON ENGENHARIA & CONSTRUÇÃO,,,
Engemon IT,1,0,0,0,17.0,ENGEMON IT,,,
Engemon Operation Services,1,0,0,0,21.0,ENGEMON OPERATION,,,
Engenova Construções,1,0,0,0,8.0,ENGENOVA CONSTRUÇÕES,,,
Enpal,1,0,0,0,12.0,ENPAL,,,
Enroute,1,0,0,0,18.0,ENROUTE,,,
Enterprise Peak,1,0,0,0,20.0,ENTERPRISE PEAK,,,
"Entropy - Develop People, Elevate Teams",1,0,0,0,23.0,"ENTROPY - DEVELOP PEOPLE, ELEVATE TEAMS",,,
EpsiHome,1,0,0,0,24.0,EPSIHOME,,,
Eqib | The Human Factor,1,0,0,0,15.0,EQIB | THE HUMAN FACTOR,,,
EquiTalent,1,0,0,0,16.0,EQUITALENT,,,
Ernährungsforum Aschaffenburg,1,0,0,0,8.0,ERNÄHRUNGSFORUM ASCHAFFENBURG,,,
Erzbistum Köln,1,0,0,0,8.0,ERZBISTUM KÖLN,,,
Escale,1,0,0,0,22.0,ESCALE,,,
Escavador,1,0,0,0,24.0,ESCAVADOR,,,
Escola Conquer,1,0,0,0,12.0,ESCOLA CONQUER,,,
Escola do Futuro Do Estado De Goias,1,0,0,0,12.0,ESCOLA DO FUTURO DO ESTADO DE GOIAS,,,
Essent,1,0,0,0,23.0,ESSENT,,,
Essential BPO,1,0,0,0,8.0,ESSENTIAL BPO,,,
EssilorLuxottica,1,0,0,0,20.0,ESSILORLUXOTTICA,,,
Estratég.IA Financeira e Analítica,1,0,0,0,19.0,ESTRATÉG.IA FINANCEIRA E ANALÍTICA,,,
Estuary,1,0,0,0,12.0,ESTUARY,,,
Etengo,1,0,0,0,22.0,ETENGO,,,
Eureka - Consultores,1,0,0,0,12.0,EUREKA - CONSULTORES,,,
Eurofirms Group | People first,1,0,0,0,21.0,EUROFIRMS | PEOPLE FIRST,,,
European Investment Bank (EIB),1,0,0,0,16.0,EUROPEAN INVESTMENT BANK (EIB),,,
European Society of Radiology,1,0,0,0,32.0,EUROPEAN SOCIETY OF RADIOLOGY,,,
Evaria XXI S.L,1,0,0,0,34.0,EVARIA XXI S.L,,,
Evercam,1,0,0,0,18.0,EVERCAM,,,
Evers GmbH,1,0,0,0,8.0,EVERS,,,
Evertec,1,0,0,0,15.0,EVERTEC,,,
Eviden,1,0,0,0,23.0,EVIDEN,,,
Exactpi Recruitment & More,1,0,0,0,18.0,EXACTPI RECRUITMENT & MORE,,,
Exadel,1,0,0,0,33.0,EXADEL,,,
ExitLag,1,0,0,0,27.0,EXITLAG,,,
Explora,1,0,0,0,15.0,EXPLORA,,,
Explortal Logistics,1,0,0,0,10.0,EXPLORTAL LOGISTICS,,,
FAMAR,1,0,0,0,34.0,FAMAR,,,
FAPESB,1,0,0,0,8.0,FAPESB,,,
FAPESQ - Fundação de Apoio à Pesquisa do Estado da Paraíba,1,0,0,0,15.0,FAPESQ - FUNDAÇÃO DE APOIO À PESQUISA DO ESTADO DA PARAÍBA,,,
FIEMG,1,0,0,0,12.0,FIEMG,,,
FITZ,1,0,0,0,14.0,FITZ,,,
FLEXECHARGE,1,0,0,0,18.0,FLEXECHARGE,,,
FONGTEK COMPANY,1,0,0,0,12.0,FONGTEK COMPANY,,,
FONPLATA,1,0,0,0,19.0,FONPLATA,,,
FPC TISSUE S.P.A,1,0,0,0,12.0,FPC TISSUE S.P.A,,,
FS Partners,1,0,0,0,15.0,FS PARTNERS,,,
FUNDACENTRO - Fundação Jorge Duprat Figueiredo de Segurança e Medicina do Trabalho,1,0,0,0,8.0,FUNDACENTRO - FUNDAÇÃO JORGE DUPRAT FIGUEIREDO DE SEGURANÇA E MEDICINA DO TRABALHO,,,
FYGI,1,0,0,0,8.0,FYGI,,,
Faculdade Cesusc,1,0,0,0,12.0,FACULDADE CESUSC,,,
Faculdade UNIGUAÇU,1,0,0,0,15.0,FACULDADE UNIGUAÇU,,,
Faculdade de Tecnologia de Americana,1,0,0,0,8.0,FACULDADE DE TECNOLOGIA DE AMERICANA,,,
Falabella Financiero,1,0,0,0,12.0,FALABELLA FINANCIERO,,,
Familhão,1,0,0,0,25.0,FAMILHÃO,,,
Familia en Equilibrio,1,0,0,0,15.0,FAMILIA EN EQUILIBRIO,,,
Farmacias Ahumada,1,0,0,0,18.0,FARMACIAS AHUMADA,,,
Farmacie Lombardi Group,1,0,0,0,8.0,FARMACIE LOMBARDI,,,
Farmacorp,1,0,0,0,12.0,FARMACORP,,,
Farod Estatísticas,1,0,0,0,24.0,FAROD ESTATÍSTICAS,,,
Fast Dolphin,1,0,0,0,11.0,FAST DOLPHIN,,,
Fast Shop S/A,1,0,0,0,15.0,FAST SHOP,,,
Fatec São Bernardo do Campo Adib Moises Dib,1,0,0,0,12.0,FATEC SÃO BERNARDO DO CAMPO ADIB MOISES DIB,,,
Fathom.io,1,0,0,0,33.0,FATHOM.IO,,,
Fatto Umano RH,1,0,0,0,12.0,FATTO UMANO RH,,,
FedEx,1,0,0,0,27.0,FEDEX,,,
Federal Seguridad,1,0,0,0,12.0,FEDERAL SEGURIDAD,,,
Ferring Pharmaceuticals,1,0,0,0,33.0,FERRING PHARMACEUTICALS,,,
Fetcherr,1,0,0,0,12.0,FETCHERR,,,
FiberHome,1,0,0,0,18.0,FIBERHOME,,,
Fibra,1,0,0,0,19.0,FIBRA,,,
Fibrafort Boats,1,0,0,0,18.0,FIBRAFORT BOATS,,,
Finalyse,1,0,0,0,8.0,FINALYSE,,,
Finch | Simplificando o mundo jurídico,1,0,0,0,31.0,FINCH | SIMPLIFICANDO O MUNDO JURÍDICO,,,
Findtec,1,0,0,0,18.0,FINDTEC,,,
Fine & Country Algarve,1,0,0,0,18.0,FINE & COUNTRY ALGARVE,,,
Finep - Financiadora de Estudos e Projetos,1,0,0,0,8.0,FINEP - FINANCIADORA DE ESTUDOS E PROJETOS,,,
Finik,1,0,0,0,19.0,FINIK,,,
Fiquem Sabendo,1,0,0,0,23.0,FIQUEM SABENDO,,,
First Decision,1,0,0,0,12.0,FIRST DECISION,,,
First Point Group,1,0,0,0,21.0,FIRST POINT,,,
Fiserv,1,0,0,0,40.0,FISERV,,,
Fiverr and Upwork Freelancers (Buyers and Sellers),1,0,0,0,26.0,FIVERR AND UPWORK FREELANCERS (BUYERS AND SELLERS),,,
Fixed,1,0,0,0,30.0,FIXED,,,
Fizix,1,0,0,0,21.0,FIZIX,,,
Flash,1,0,0,0,20.0,FLASH,,,
Flattrade,1,0,0,0,26.0,FLATTRADE,,,
Flow,1,0,0,0,12.0,FLOW,,,
Flywheel,1,0,0,0,22.0,FLYWHEEL,,,
Foco Aluguel de Carros,1,0,0,0,21.0,FOCO ALUGUEL DE CARROS,,,
Fondazione Policlinico Universitario Agostino Gemelli IRCCS,1,0,0,0,11.0,FONDAZIONE POLICLINICO UNIVERSITARIO AGOSTINO GEMELLI IRCCS,,,
ForbesBLK,1,0,0,0,8.0,FORBESBLK,,,
Fortive,1,0,0,0,21.0,FORTIVE,,,
Foundrs Mafia,1,0,0,0,12.0,FOUNDRS MAFIA,,,
Foxsoft Ltd,1,0,0,0,15.0,FOXSOFT,,,
Francal,1,0,0,0,20.0,FRANCAL,,,
Fraunhofer Heinrich Hertz Institute HHI,1,0,0,0,12.0,FRAUNHOFER HEINRICH HERTZ INSTITUTE HHI,,,
Fraunhofer IPK,1,0,0,0,12.0,FRAUNHOFER IPK,,,
"Freelance, self-employed",1,0,0,0,15.0,"FREELANCE, SELF-EMPLOYED",,,
Freelancer,1,0,0,0,12.0,FREELANCER,,,
Freiberuflich,1,0,0,0,19.0,FREIBERUFLICH,,,
Fresh Basket,1,0,0,0,20.0,FRESH BASKET,,,
Frete.com,1,0,0,0,18.0,FRETE.COM,,,
Friedman,1,0,0,0,22.0,FRIEDMAN,,,
Friisberg & Partners International,1,0,0,0,35.0,FRIISBERG & PARTNERS INTERNATIONAL,,,
FrontlineIQ,1,0,0,0,29.0,FRONTLINEIQ,,,
Full Stack Club,1,0,0,0,19.0,FULL STACK CLUB,,,
Fundación Génesis Empresarial,1,0,0,0,8.0,FUNDACIÓN GÉNESIS EMPRESARIAL,,,
Fundação Estudar,1,0,0,0,12.0,FUNDAÇÃO ESTUDAR,,,
Fundação Getulio Vargas,1,0,0,0,20.0,FUNDAÇÃO GETULIO VARGAS,,,
Fundação para Inovações Tecnológicas - FITec,1,0,0,0,33.0,FUNDAÇÃO PARA INOVAÇÕES TECNOLÓGICAS - FITEC,,,
Future Law,1,0,0,0,12.0,FUTURE LAW,,,
FábricaDS Soluções em Tecnologia,1,0,0,0,31.0,FÁBRICADS SOLUÇÕES EM TECNOLOGIA,,,
GASCADE Gastransport GmbH,1,0,0,0,11.0,GASCADE GASTRANSPORT,,,
"GBT Solutions, Lda",1,0,0,0,25.0,"GBT , LDA",,,
GCB Investimentos,1,0,0,0,19.0,GCB INVESTIMENTOS,,,
GE HealthCare,1,0,0,0,21.0,GE HEALTHCARE,,,
GEIA,1,0,0,0,12.0,GEIA,,,
GEMMACON,1,0,0,0,12.0,GEMMACON,,,
GEOM SpA,1,0,0,0,12.0,GEOM,,,
GNA - Gás Natural Açu,1,0,0,0,12.0,GNA - GÁS NATURAL AÇU,,,
GO2 Markets,1,0,0,0,24.0,GO2 MARKETS,,,
GOL Linhas Aéreas,1,0,0,0,11.0,GOL LINHAS AÉREAS,,,
GRNBK Talent,1,0,0,0,21.0,GRNBK TALENT,,,
GROWMAX GROUP,1,0,0,0,27.0,GROWMAX,,,
GRUPO AUNAR S.A.S,1,0,0,0,19.0,GRUPO AUNAR,,,
GRUPO EDUCACIONAL DRUMMOND,1,0,0,0,12.0,GRUPO EDUCACIONAL DRUMMOND,,,
GRUPO SARRALLE,1,0,0,0,17.0,GRUPO SARRALLE,,,
GRUPO UNICA SEGURANÇA PATRIMONIAL,1,0,0,0,18.0,GRUPO UNICA SEGURANÇA PATRIMONIAL,,,
GSD Associates,1,0,0,0,26.0,GSD ASSOCIATES,,,
GSM - Green SM,1,0,0,0,34.0,GSM - GREEN SM,,,
GSW Soluções Integradas,1,0,0,0,22.0,GSW SOLUÇÕES INTEGRADAS,,,
GVC Soluções em Cobrança,1,0,0,0,32.0,GVC SOLUÇÕES EM COBRANÇA,,,
Gabriel,1,0,0,0,23.0,GABRIEL,,,
"GalChimia, S.A",1,0,0,0,34.0,GALCHIMIA,,,
Gallagher,1,0,0,0,15.0,GALLAGHER,,,
Gallup,1,0,0,0,12.0,GALLUP,,,
Garden leave,1,0,0,0,12.0,GARDEN LEAVE,,,
Gasoducto GasAndes S.A,1,0,0,0,21.0,GASODUCTO GASANDES,,,
Gazin,1,0,0,0,18.0,GAZIN,,,
Gebomsa,1,0,0,0,15.0,GEBOMSA,,,
Gedanken - GCertifica,1,0,0,0,25.0,GEDANKEN - GCERTIFICA,,,
Geeky Bugs,1,0,0,0,31.0,GEEKY BUGS,,,
Gelatina,1,0,0,0,51.0,GELATINA,,,
Gemeente Voorne aan Zee,1,0,0,0,8.0,GEMEENTE VOORNE AAN ZEE,,,
Genei,1,0,0,0,25.0,GENEI,,,
General Motors South America,1,0,0,0,8.0,GENERAL MOTORS SOUTH AMERICA,,,
Generali,1,0,0,0,20.0,GENERALI,,,
George Bernard,1,0,0,0,15.0,GEORGE BERNARD,,,
Geovanna Mendes,1,0,0,0,8.0,GEOVANNA MENDES,,,
Gesta Soluciones en Recursos Humanos,1,0,0,0,21.0,GESTA SOLUCIONES EN RECURSOS HUMANOS,,,
Gesthion Organizacional,1,0,0,0,19.0,GESTHION ORGANIZACIONAL,,,
Gestión Global,1,0,0,0,12.0,GESTIÓN,,,
Getecsa,1,0,0,0,18.0,GETECSA,,,
Getrak,1,0,0,0,27.0,GETRAK,,,
Giggso,1,0,0,0,32.0,GIGGSO,,,
Gigs,1,0,0,0,15.0,GIGS,,,
Gijos,1,0,0,0,23.0,GIJOS,,,
Glance Home Services,1,0,0,0,12.0,GLANCE HOME,,,
Glic Solutions,1,0,0,0,23.0,GLIC,,,
Global Automotive,1,0,0,0,11.0,AUTOMOTIVE,,,
Global Titanio SPA,1,0,0,0,23.0,TITANIO,,,
Globaw Career,1,0,0,0,15.0,GLOBAW CAREER,,,
Go Bigger,1,0,0,0,12.0,GO BIGGER,,,
Go Talent MX,1,0,0,0,31.0,GO TALENT MX,,,
Go Up Job,1,0,0,0,12.0,GO UP JOB,,,
Gobierno Autónomo Municipal de Quillacollo,1,0,0,0,15.0,GOBIERNO AUTÓNOMO MUNICIPAL DE QUILLACOLLO,,,
Gobrax,1,0,0,0,8.0,GOBRAX,,,
Golden Agri-Resources (GAR),1,0,0,0,30.0,GOLDEN AGRI-RESOURCES (GAR),,,
Goldenergy,1,0,0,0,31.0,GOLDENERGY,,,
Goldfish Group,1,0,0,0,23.0,GOLDFISH,,,
Goldstück Personaldienstleistungen,1,0,0,0,12.0,GOLDSTÜCK PERSONALDIENSTLEISTUNGEN,,,
Golin Ketchum,1,0,0,0,18.0,GOLIN KETCHUM,,,
GovValue RD,1,0,0,0,25.0,GOVVALUE RD,,,
Graco,1,0,0,0,31.0,GRACO,,,
Grafeno,1,0,0,0,11.0,GRAFENO,,,
Gran Services S.A,1,0,0,0,18.0,GRAN,,,
Graphic Packaging International,1,0,0,0,25.0,GRAPHIC PACKAGING INTERNATIONAL,,,
Greatleads,1,0,0,0,8.0,GREATLEADS,,,
Green River,1,0,0,0,27.0,GREEN RIVER,,,
Greentube GmbH,1,0,0,0,31.0,GREENTUBE,,,
Grooo International,1,0,0,0,27.0,GROOO INTERNATIONAL,,,
Ground Game,1,0,0,0,29.0,GROUND GAME,,,
Grow Global,1,0,0,0,30.0,GROW,,,
Growdev,1,0,0,0,32.0,GROWDEV,,,
Growe,1,0,0,0,21.0,GROWE,,,
Growth Hackerz,1,0,0,0,27.0,GROWTH HACKERZ,,,
Growth Machine,1,0,0,0,8.0,GROWTH MACHINE,,,
Grupo AG,1,0,0,0,17.0,GRUPO,,,
Grupo AG Capital,1,0,0,0,12.0,GRUPO CAPITAL,,,
Grupo Alto Potencial,1,0,0,0,25.0,GRUPO ALTO POTENCIAL,,,
Grupo Aposta Ganha,1,0,0,0,19.0,GRUPO APOSTA GANHA,,,
Grupo BOIS | Blank space| Freelan| 9db| Nuvalia,1,0,0,0,30.0,GRUPO BOIS | BLANK SPACE| FREELAN| 9DB| NUVALIA,,,
Grupo Barigui,1,0,0,0,12.0,GRUPO BARIGUI,,,
Grupo Bio Holding,1,0,0,0,15.0,GRUPO BIO,,,
Grupo Blanco,1,0,0,0,12.0,GRUPO BLANCO,,,
Grupo Bolt,1,0,0,0,21.0,GRUPO BOLT,,,
Grupo Bonella,1,0,0,0,9.0,GRUPO BONELLA,,,
Grupo Bringel Oficial,1,0,0,0,12.0,GRUPO BRINGEL OFICIAL,,,
Grupo CINTE,1,0,0,0,28.0,GRUPO CINTE,,,
Grupo Cindapa,1,0,0,0,12.0,GRUPO CINDAPA,,,
Grupo Condumax | Incesa,1,0,0,0,12.0,GRUPO CONDUMAX | INCESA,,,
Grupo Dipromedic,1,0,0,0,8.0,GRUPO DIPROMEDIC,,,
Grupo ENESA - Página Oficial,1,0,0,0,18.0,GRUPO ENESA - PÁGINA OFICIAL,,,
Grupo Energisa,1,0,0,0,12.0,GRUPO ENERGISA,,,
Grupo Garnier,1,0,0,0,21.0,GRUPO GARNIER,,,
Grupo H2,1,0,0,0,27.0,GRUPO H2,,,
Grupo Hub,1,0,0,0,28.0,GRUPO HUB,,,
Grupo IMESE,1,0,0,0,35.0,GRUPO IMESE,,,
Grupo Incalexa,1,0,0,0,15.0,GRUPO INCALEXA,,,
Grupo JCA,1,0,0,0,18.0,GRUPO JCA,,,
Grupo Leveros,1,0,0,0,21.0,GRUPO LEVEROS,,,
Grupo Líder,1,0,0,0,16.0,GRUPO LÍDER,,,
Grupo Menvor,1,0,0,0,8.0,GRUPO MENVOR,,,
Grupo Multilaser,1,0,0,0,16.0,GRUPO MULTILASER,,,
Grupo Mup,1,0,0,0,31.0,GRUPO MUP,,,
Grupo Oesía,1,0,0,0,24.0,GRUPO OESÍA,,,
Grupo Orbenk,1,0,0,0,12.0,GRUPO ORBENK,,,
Grupo Petrópolis,1,0,0,0,24.0,GRUPO PETRÓPOLIS,,,
Grupo Planning,1,0,0,0,12.0,GRUPO PLANNING,,,
Grupo Plata,1,0,0,0,15.0,GRUPO PLATA,,,
Grupo QuintoAndar,1,0,0,0,11.0,GRUPO QUINTOANDAR,,,
Grupo SDH,1,0,0,0,18.0,GRUPO SDH,,,
Grupo Ser Educacional,1,0,0,0,12.0,GRUPO SER EDUCACIONAL,,,
Grupo Shogua,1,0,0,0,32.0,GRUPO SHOGUA,,,
Grupo Suno,1,0,0,0,15.0,GRUPO SUNO,,,
Grupo Símios,1,0,0,0,8.0,GRUPO SÍMIOS,,,
Grupo Taking,1,0,0,0,12.0,GRUPO TAKING,,,
Grupo Tawa,1,0,0,0,22.0,GRUPO TAWA,,,
Grupo Terra Firme,1,0,0,0,45.0,GRUPO TERRA FIRME,,,
Grupo Think,1,0,0,0,25.0,GRUPO THINK,,,
Grupo Tombini,1,0,0,0,12.0,GRUPO TOMBINI,,,
Grupo Trhoca,1,0,0,0,18.0,GRUPO TRHOCA,,,
Grupo Via Mondo,1,0,0,0,18.0,GRUPO VIA MONDO,,,
Gruppo GETRA,1,0,0,0,17.0,GRUPPO GETRA,,,
Guidance Soluções,1,0,0,0,22.0,GUIDANCE SOLUÇÕES,,,
Gummy Original,1,0,0,0,8.0,GUMMY ORIGINAL,,,
H+H The Match,1,0,0,0,12.0,H+H THE MATCH,,,
HAPEKO Österreich GmbH,1,0,0,0,14.0,HAPEKO ÖSTERREICH,,,
HEALTH2U-MX | VIBE BSA AESTHETICS,1,0,0,0,19.0,HEALTH2U-MX | VIBE BSA AESTHETICS,,,
HEART ME & FOLLOW,1,0,0,0,23.0,HEART ME & FOLLOW,,,
HEMES,1,0,0,0,22.0,HEMES,,,
HIF Global,1,0,0,0,12.0,HIF,,,
HIPRA,1,0,0,0,12.0,HIPRA,,,
HR Business Partners Perú,1,0,0,0,22.0,HR BUSINESS PARTNERS PERÚ,,,
HR Consultant,1,0,0,0,35.0,HR CONSULTANT,,,
HR-Werkstatt GmbH,1,0,0,0,12.0,HR-WERKSTATT,,,
HRin,1,0,0,0,18.0,HRIN,,,
HR® Employment Bureau,1,0,0,0,25.0,HR® EMPLOYMENT BUREAU,,,
HSystem,1,0,0,0,28.0,HSYSTEM,,,
HTD Health,1,0,0,0,21.0,HTD HEALTH,,,
HUMAN is HR,1,0,0,0,27.0,HUMAN IS HR,,,
HUMANA 11®,1,0,0,0,15.0,HUMANA 11®,,,
HVAR,1,0,0,0,21.0,HVAR,,,
HY People Solutions,1,0,0,0,12.0,HY PEOPLE,,,
Halton Borough Council,1,0,0,0,8.0,HALTON BOROUGH COUNCIL,,,
Hamilton George Care,1,0,0,0,12.0,HAMILTON GEORGE CARE,,,
Happiness,1,0,0,0,8.0,HAPPINESS,,,
Happy Seal,1,0,0,0,18.0,HAPPY SEAL,,,
Haptiq,1,0,0,0,23.0,HAPTIQ,,,
Hardwork Medicina,1,0,0,0,12.0,HARDWORK MEDICINA,,,
Harness,1,0,0,0,25.0,HARNESS,,,
Hashtag Para Empresas,1,0,0,0,12.0,HASHTAG PARA EMPRESAS,,,
Hasten Group,1,0,0,0,21.0,HASTEN,,,
Hattrick IT,1,0,0,0,23.0,HATTRICK IT,,,
Havas Play 🇫🇷,1,0,0,0,8.0,HAVAS PLAY 🇫🇷,,,
Havelar,1,0,0,0,35.0,HAVELAR,,,
Health3A,1,0,0,0,15.0,HEALTH3A,,,
Healthcare Personalmanagement GmbH,1,0,0,0,25.0,HEALTHCARE PERSONALMANAGEMENT,,,
Helios HR Talent,1,0,0,0,15.0,HELIOS HR TALENT,,,
Helios Kliniken GmbH,1,0,0,0,20.0,HELIOS KLINIKEN,,,
HelpMed Saúde,1,0,0,0,15.0,HELPMED SAÚDE,,,
Helplearte,1,0,0,0,19.0,HELPLEARTE,,,
Hero,1,0,0,0,18.0,HERO,,,
Hewlett Packard Enterprise,1,0,0,0,28.0,HEWLETT PACKARD ENTERPRISE,,,
HexClad Cookware,1,0,0,0,12.0,HEXCLAD COOKWARE,,,
Hexagon Geosystems,1,0,0,0,18.0,HEXAGON GEOSYSTEMS,,,
Hexagon Mining,1,0,0,0,21.0,HEXAGON MINING,,,
Hi-Lex Mexicana,1,0,0,0,53.0,HI-LEX MEXICANA,,,
HiBob,1,0,0,0,24.0,HIBOB,,,
HiPo Executive GmbH | Ärztevermittlung,1,0,0,0,21.0,HIPO EXECUTIVE | ÄRZTEVERMITTLUNG,,,
Hibernian Recruitment GmbH,1,0,0,0,41.0,HIBERNIAN RECRUITMENT,,,
Highspring,1,0,0,0,22.0,HIGHSPRING,,,
Hiker Ventures,1,0,0,0,12.0,HIKER,,,
Hilton Hotels & Resorts,1,0,0,0,25.0,HILTON HOTELS & RESORTS,,,
Hindustan Aeronautics Limited,1,0,0,0,7.0,HINDUSTAN AERONAUTICS,,,
Hire International,1,0,0,0,25.0,HIRE INTERNATIONAL,,,
Hired Remoteli,1,0,0,0,26.0,HIRED REMOTELI,,,
"Hired by Matrix, Inc",1,0,0,0,21.0,HIRED BY MATRIX,,,
Hireline.io,1,0,0,0,22.0,HIRELINE.IO,,,
Hirelytics Inc,1,0,0,0,21.0,HIRELYTICS,,,
Hirevue,1,0,0,0,23.0,HIREVUE,,,
Hirsch Personalberatung,1,0,0,0,21.0,HIRSCH PERSONALBERATUNG,,,
Hit Ocean,1,0,0,0,27.0,HIT OCEAN,,,
HitOcean,1,0,0,0,21.0,HITOCEAN,,,
Holder Partners LLC,1,0,0,0,25.0,HOLDER PARTNERS,,,
Holding Incosec,1,0,0,0,12.0,INCOSEC,,,
HomeBuddy,1,0,0,0,23.0,HOMEBUDDY,,,
Hospital das Clínicas da Faculdade de Medicina da USP,1,0,0,0,22.0,HOSPITAL DAS CLÍNICAS DA FACULDADE DE MEDICINA DA USP,,,
Houlak,1,0,0,0,34.0,HOULAK,,,
House of Scale GmbH,1,0,0,0,8.0,HOUSE OF SCALE,,,
How to Change the World,1,0,0,0,15.0,HOW TO CHANGE THE WORLD,,,
Howdy.com,1,0,0,0,25.0,HOWDY.COM,,,
Hub Infinity,1,0,0,0,24.0,HUB INFINITY,,,
HubSync,1,0,0,0,17.0,HUBSYNC,,,
Hubees,1,0,0,0,34.0,HUBEES,,,
Human Phi,1,0,0,0,21.0,HUMAN PHI,,,
Humana Mente - Salud Mental y Desarrollo Organizacional,1,0,0,0,32.0,HUMANA MENTE - SALUD MENTAL Y DESARROLLO ORGANIZACIONAL,,,
HumanaLab,1,0,0,0,12.0,HUMANALAB,,,
Humanitas DMH - dienstverlening aan mensen met een hulpvraag,1,0,0,0,8.0,HUMANITAS DMH - DIENSTVERLENING AAN MENSEN MET EEN HULPVRAAG,,,
Hutchinson,1,0,0,0,34.0,HUTCHINSON,,,
IAM meet,1,0,0,0,12.0,IAM MEET,,,
IBRA+ Carreira e Recolocação Assertiva,1,0,0,0,8.0,IBRA+ CARREIRA E RECOLOCAÇÃO ASSERTIVA,,,
ICT Group,1,0,0,0,22.0,ICT,,,
ICTS,1,0,0,0,20.0,ICTS,,,
ID.me,1,0,0,0,22.0,ID.ME,,,
ID\TBWA,1,0,0,0,18.0,ID\TBWA,,,
IEEE,1,0,0,0,14.0,IEEE,,,
IFSP - Campus Salto,1,0,0,0,8.0,IFSP - CAMPUS SALTO,,,
IKEA,1,0,0,0,21.0,IKEA,,,
IKO International,1,0,0,0,21.0,IKO INTERNATIONAL,,,
IKONS Iberica,1,0,0,0,21.0,IKONS IBERICA,,,
ILERWORK,1,0,0,0,15.0,ILERWORK,,,
IMPS The Smurfs,1,0,0,0,25.0,IMPS THE SMURFS,,,
IMS People Possible,1,0,0,0,19.0,IMS PEOPLE POSSIBLE,,,
INCLUI RH,1,0,0,0,19.0,INCLUI RH,,,
ING Hubs Türkiye,1,0,0,0,18.0,ING HUBS TÜRKIYE,,,
ING Italia,1,0,0,0,54.0,ING ITALIA,,,
INO Games,1,0,0,0,31.0,INO GAMES,,,
INSTITUTO RAMA,1,0,0,0,12.0,INSTITUTO RAMA,,,
INSYS icom,1,0,0,0,19.0,INSYS ICOM,,,
IORGA Group,1,0,0,0,15.0,IORGA,,,
IP Soluções em RH,1,0,0,0,19.0,IP SOLUÇÕES EM RH,,,
IQVIA,1,0,0,0,18.0,IQVIA,,,
IRMARFER STRUCTURES,1,0,0,0,35.0,IRMARFER STRUCTURES,,,
IRMEN,1,0,0,0,18.0,IRMEN,,,
ITF CHEMICAL LTDA,1,0,0,0,8.0,ITF CHEMICAL,,,
IU Group,1,0,0,0,19.0,IU,,,
IZZON Lab,1,0,0,0,8.0,IZZON LAB,,,
Ici - Instituto das Cidades Inteligentes,1,0,0,0,8.0,ICI - INSTITUTO DAS CIDADES INTELIGENTES,,,
Idealizadora,1,0,0,0,8.0,IDEALIZADORA,,,
Ideasense,1,0,0,0,22.0,IDEASENSE,,,
Ikatec,1,0,0,0,24.0,IKATEC,,,
Images Group,1,0,0,0,12.0,IMAGES,,,
Immobilien Robert Ellinghoven,1,0,0,0,8.0,IMMOBILIEN ROBERT ELLINGHOVEN,,,
Impact School,1,0,0,0,11.0,IMPACT SCHOOL,,,
Impala Search,1,0,0,0,19.0,IMPALA SEARCH,,,
Impel Talent,1,0,0,0,18.0,IMPEL TALENT,,,
InBetta,1,0,0,0,13.0,INBETTA,,,
InSync Jobs,1,0,0,0,22.0,INSYNC JOBS,,,
Inchcape Américas,1,0,0,0,20.0,INCHCAPE AMÉRICAS,,,
Incusol Inc,1,0,0,0,32.0,INCUSOL,,,
Independent Consultant,1,0,0,0,27.0,INDEPENDENT CONSULTANT,,,
Independiente (freelance),1,0,0,0,15.0,INDEPENDIENTE (FREELANCE),,,
Inditex,1,0,0,0,13.0,INDITEX,,,
Infinite Lambda,1,0,0,0,23.0,INFINITE LAMBDA,,,
Influur,1,0,0,0,23.0,INFLUUR,,,
InfoPrice,1,0,0,0,30.0,INFOPRICE,,,
Infraspeak,1,0,0,0,26.0,INFRASPEAK,,,
Inga segurança,1,0,0,0,15.0,INGA SEGURANÇA,,,
Ingeniosi,1,0,0,0,26.0,INGENIOSI,,,
Ink90,1,0,0,0,24.0,INK90,,,
Inkora,1,0,0,0,8.0,INKORA,,,
Innata - Soluções em Recursos Humanos,1,0,0,0,34.0,INNATA - SOLUÇÕES EM RECURSOS HUMANOS,,,
InnovArise by Grupo AG,1,0,0,0,8.0,INNOVARISE BY GRUPO,,,
Innova Solutions,1,0,0,0,38.0,INNOVA,,,
Innova-tsn,1,0,0,0,22.0,INNOVA-TSN,,,
Innovise IT,1,0,0,0,25.0,INNOVISE IT,,,
Inove Drywall e Steel Frame,1,0,0,0,12.0,INOVE DRYWALL E STEEL FRAME,,,
Insider One,1,0,0,0,22.0,INSIDER ONE,,,
Insider Store,1,0,0,0,23.0,INSIDER STORE,,,
Inspira Rede de Educadores,1,0,0,0,23.0,INSPIRA REDE DE EDUCADORES,,,
Instituto Atlântico,1,0,0,0,27.0,INSTITUTO ATLÂNTICO,,,
Instituto B55,1,0,0,0,8.0,INSTITUTO B55,,,
"Instituto Federal de Educação, Ciência e Tecnologia do Ceará",1,0,0,0,8.0,"INSTITUTO FEDERAL DE EDUCAÇÃO, CIÊNCIA E TECNOLOGIA DO CEARÁ",,,
Instituto IA Saúde,1,0,0,0,15.0,INSTITUTO IA SAÚDE,,,
Instituto Nacional de Colonización,1,0,0,0,12.0,INSTITUTO NACIONAL DE COLONIZACIÓN,,,
Instituto Nacional de Telecomunicações - Inatel,1,0,0,0,27.0,INSTITUTO NACIONAL DE TELECOMUNICAÇÕES - INATEL,,,
Instituto Profesional IPP,1,0,0,0,12.0,INSTITUTO PROFESIONAL IPP,,,
Instituto Semear,1,0,0,0,27.0,INSTITUTO SEMEAR,,,
Inteliteam,1,0,0,0,12.0,INTELITEAM,,,
IntelliPro,1,0,0,0,27.0,INTELLIPRO,,,
InterEx Group,1,0,0,0,24.0,INTEREX,,,
Intermedia,1,0,0,0,25.0,INTERMEDIA,,,
International Rescue Committee,1,0,0,0,32.0,INTERNATIONAL RESCUE COMMITTEE,,,
"International Talent Leader, Advisor & Business Coach",1,0,0,0,29.0,"INTERNATIONAL TALENT LEADER, ADVISOR & BUSINESS COACH",,,
Intersect,1,0,0,0,25.0,INTERSECT,,,
Interseguro Compañía de Seguros,1,0,0,0,18.0,INTERSEGURO COMPAÑÍA DE SEGUROS,,,
Intertec International,1,0,0,0,28.0,INTERTEC INTERNATIONAL,,,
Intone Networks Inc,1,0,0,0,12.0,INTONE NETWORKS,,,
Intralog,1,0,0,0,18.0,INTRALOG,,,
Inttegra,1,0,0,0,19.0,INTTEGRA,,,
InvGate,1,0,0,0,22.0,INVGATE,,,
Invenergy,1,0,0,0,11.0,INVENERGY,,,
Involves,1,0,0,0,27.0,INVOLVES,,,
Ion Interactive,1,0,0,0,15.0,ION INTERACTIVE,,,
IonQ,1,0,0,0,12.0,IONQ,,,
Ipsos,1,0,0,0,22.0,IPSOS,,,
Istituto Comprensivo,1,0,0,0,8.0,ISTITUTO COMPRENSIVO,,,
Itonga Resourcing,1,0,0,0,19.0,ITONGA RESOURCING,,,
Iwantsales,1,0,0,0,25.0,IWANTSALES,,,
J.P. Morgan,1,0,0,0,22.0,J.P. MORGAN,,,
JD Casa & Construção,1,0,0,0,8.0,JD CASA & CONSTRUÇÃO,,,
JDE Peet's,1,0,0,0,18.0,JDE PEET'S,,,
JEM Systems,1,0,0,0,20.0,JEM SYSTEMS,,,
JEMS,1,0,0,0,22.0,JEMS,,,
JFL.inc,1,0,0,0,30.0,JFL,,,
JMAN Group,1,0,0,0,12.0,JMAN,,,
JPMorganChase,1,0,0,0,7.0,JPMORGANCHASE,,,
Jambo Education Ltd,1,0,0,0,25.0,JAMBO EDUCATION,,,
Janina Ott - systemische Beratung/Coaching,1,0,0,0,12.0,JANINA OTT - SYSTEMISCHE BERATUNG/COACHING,,,
Jaxel,1,0,0,0,25.0,JAXEL,,,
Jfm Industria e Comercio LTDA,1,0,0,0,12.0,JFM INDUSTRIA E COMERCIO,,,
Job Surfers,1,0,0,0,8.0,JOB SURFERS,,,
JobInside UG,1,0,0,0,12.0,JOBINSIDE UG,,,
JobLeads,1,0,0,0,26.0,JOBLEADS,,,
JobTeaser,1,0,0,0,12.0,JOBTEASER,,,
Jobcrown GmbH,1,0,0,0,27.0,JOBCROWN,,,
Jobler,1,0,0,0,26.0,JOBLER,,,
Jobscan,1,0,0,0,11.0,JOBSCAN,,,
Jobwal,1,0,0,0,14.0,JOBWAL,,,
John Bryce,1,0,0,0,25.0,JOHN BRYCE,,,
Johnson & Johnson,1,0,0,0,15.0,JOHNSON & JOHNSON,,,
Jornada de Dados,1,0,0,0,12.0,JORNADA DE DADOS,,,
Juan Motilla S.L,1,0,0,0,15.0,JUAN MOTILLA S.L,,,
Jude's,1,0,0,0,12.0,JUDE'S,,,
Jumbo Supermarkten,1,0,0,0,23.0,JUMBO SUPERMARKTEN,,,
Jump,1,0,0,0,27.0,JUMP,,,
Jumpstart Immigration,1,0,0,0,12.0,JUMPSTART IMMIGRATION,,,
Junto Seguros,1,0,0,0,17.0,JUNTO SEGUROS,,,
Just Eat Takeaway.com,1,0,0,0,24.0,JUST EAT TAKEAWAY.COM,,,
JustMarkets,1,0,0,0,36.0,JUSTMARKETS,,,
Juvo,1,0,0,0,21.0,JUVO,,,
KA Resources Recruitment SL,1,0,0,0,15.0,KA RESOURCES RECRUITMENT,,,
KELTIS,1,0,0,0,18.0,KELTIS,,,
KES - Knowledge Exchange Sessions,1,0,0,0,19.0,KES - KNOWLEDGE EXCHANGE SESSIONS,,,
KI people,1,0,0,0,12.0,KI PEOPLE,,,
KOLABS,1,0,0,0,15.0,KOLABS,,,
KONCILI,1,0,0,0,12.0,KONCILI,,,
KUARIO,1,0,0,0,21.0,KUARIO,,,
Kajae,1,0,0,0,15.0,KAJAE,,,
Kamet,1,0,0,0,28.0,KAMET,,,
Kantar,1,0,0,0,8.0,KANTAR,,,
Karadan Lands Real Estate LLC,1,0,0,0,18.0,KARADAN LANDS REAL ESTATE,,,
Kasparov Finance & BI,1,0,0,0,18.0,KASPAROV FINANCE & BI,,,
Kata Vegh Psychologist,1,0,0,0,8.0,KATA VEGH PSYCHOLOGIST,,,
Kazulo Displays,1,0,0,0,18.0,KAZULO DISPLAYS,,,
Keboola,1,0,0,0,20.0,KEBOOLA,,,
Keedian,1,0,0,0,26.0,KEEDIAN,,,
Keio University Global Research Institute (KGRI),1,0,0,0,12.0,KEIO UNIVERSITY RESEARCH INSTITUTE (KGRI),,,
Kelly México,1,0,0,0,18.0,KELLY MÉXICO,,,
Kerma Games,1,0,0,0,24.0,KERMA GAMES,,,
Ketterer Kunst GmbH & Co. KG,1,0,0,0,21.0,KETTERER KUNST & CO,,,
Kids First COP groep,1,0,0,0,15.0,KIDS FIRST COP GROEP,,,
Kimberly-Clark,1,0,0,0,18.0,KIMBERLY-CLARK,,,
Kindia,1,0,0,0,22.0,KINDIA,,,
Kinea Investimentos,1,0,0,0,30.0,KINEA INVESTIMENTOS,,,
Kinebot,1,0,0,0,23.0,KINEBOT,,,
Kings League,1,0,0,0,27.0,KINGS LEAGUE,,,
Kish Fish,1,0,0,0,31.0,KISH FISH,,,
Kleinkunstig,1,0,0,0,35.0,KLEINKUNSTIG,,,
Kliente 360,1,0,0,0,31.0,KLIENTE 360,,,
Koc Electro,1,0,0,0,8.0,KOC ELECTRO,,,
Koda Staff,1,0,0,0,27.0,KODA STAFF,,,
Kodros | Financials voor gemeenten,1,0,0,0,15.0,KODROS | FINANCIALS VOOR GEMEENTEN,,,
KooKoo Strategy,1,0,0,0,12.0,KOOKOO STRATEGY,,,
Kordsa,1,0,0,0,18.0,KORDSA,,,
Kozijnmakers B.V,1,0,0,0,8.0,KOZIJNMAKERS B.V,,,
Kromberg & Schubert,1,0,0,0,24.0,KROMBERG & SCHUBERT,,,
Krones,1,0,0,0,18.0,KRONES,,,
Kunumi,1,0,0,0,12.0,KUNUMI,,,
Kyndryl,1,0,0,0,18.0,KYNDRYL,,,
L'Oréal,1,0,0,0,22.0,L'ORÉAL,,,
LABELO Specialized Laboratories for conformity assessment,1,0,0,0,27.0,LABELO SPECIALIZED LABORATORIES FOR CONFORMITY ASSESSMENT,,,
LAUTEC Group,1,0,0,0,22.0,LAUTEC,,,
LCM Energy,1,0,0,0,19.0,LCM ENERGY,,,
LCM Sports and Pet Products,1,0,0,0,17.0,LCM SPORTS AND PET PRODUCTS,,,
LG CNS,1,0,0,0,30.0,LG CNS,,,
LG Consultores,1,0,0,0,8.0,LG CONSULTORES,,,
LGT Transport,1,0,0,0,27.0,LGT TRANSPORT,,,
LHP Engineering Solutions,1,0,0,0,32.0,LHP ENGINEERING,,,
LIDE Pernambuco,1,0,0,0,17.0,LIDE PERNAMBUCO,,,
LKS NEXT,1,0,0,0,15.0,LKS NEXT,,,
LOCATES,1,0,0,0,8.0,LOCATES,,,
LOCUMPRO GmbH,1,0,0,0,12.0,LOCUMPRO,,,
LUÁ Centro de Orientación Integral,1,0,0,0,12.0,LUÁ CENTRO DE ORIENTACIÓN INTEGRAL,,,
LYNK Human Capital,1,0,0,0,12.0,LYNK HUMAN CAPITAL,,,
La Caja de Ahorro y Seguro,1,0,0,0,15.0,LA CAJA DE AHORRO Y SEGURO,,,
La Salle BCN,1,0,0,0,15.0,LA SALLE BCN,,,
La Tribu,1,0,0,0,29.0,LA TRIBU,,,
LabPro,1,0,0,0,8.0,LABPRO,,,
Laghetto,1,0,0,0,21.0,LAGHETTO,,,
LanceSoft UAE,1,0,0,0,14.0,LANCESOFT UAE,,,
1950Labs,1,0,0,0,24.0,1950LABS,,,
Lapônia - Concessionário de Caminhões e Chassis de Ônibus Volvo,1,0,0,0,32.0,LAPÔNIA - CONCESSIONÁRIO DE CAMINHÕES E CHASSIS DE ÔNIBUS VOLVO,,,
Larissa Sanford,1,0,0,0,19.0,LARISSA SANFORD,,,
Lavanda,1,0,0,0,35.0,LAVANDA,,,
Layse Tattoo,1,0,0,0,12.0,LAYSE TATTOO,,,
LeadHRM,1,0,0,0,20.0,LEADHRM,,,
Leaders Lifestyle,1,0,0,0,12.0,LEADERS LIFESTYLE,,,
Leads2b,1,0,0,0,24.0,LEADS2B,,,
Lean Solutions Group,1,0,0,0,25.0,LEAN,,,
Lee Hecht Harrison,1,0,0,0,18.0,LEE HECHT HARRISON,,,
🇬🇹 IntegRHa Talento,1,0,0,0,17.0,🇬🇹 INTEGRHA TALENTO,,,
Left Lane - Recruitment Marketing,1,0,0,0,8.0,LEFT LANE - RECRUITMENT MARKETING,,,
Lenovo PCCW Solutions,1,0,0,0,25.0,LENOVO PCCW,,,
Leroy Merlin,1,0,0,0,17.0,LEROY MERLIN,,,
Lesaffre,1,0,0,0,20.0,LESAFFRE,,,
Level.works,1,0,0,0,19.0,LEVEL.WORKS,,,
"""Uzbek Industrial and Construction Bank"" JSCB",1,0,0,0,21.0,"""UZBEK INDUSTRIAL AND CONSTRUCTION BANK"" JSCB",,,
LevelUp Leads,1,0,0,0,18.0,LEVELUP LEADS,,,
Leão estratégia e Gestão,1,0,0,0,27.0,LEÃO ESTRATÉGIA E GESTÃO,,,
Life Line Screening,1,0,0,0,27.0,LIFE LINE SCREENING,,,
Lifemate Furniture,1,0,0,0,18.0,LIFEMATE FURNITURE,,,
Lighthouse,1,0,0,0,33.0,LIGHTHOUSE,,,
Lightsound Group,1,0,0,0,24.0,LIGHTSOUND,,,
Link School,1,0,0,0,12.0,LINK SCHOOL,,,
LinkTIC,1,0,0,0,24.0,LINKTIC,,,
Linuxell Informática,1,0,0,0,19.0,LINUXELL INFORMÁTICA,,,
Linvo,1,0,0,0,27.0,LINVO,,,
Lisalog Operador Logístico,1,0,0,0,8.0,LISALOG OPERADOR LOGÍSTICO,,,
Litcessory,1,0,0,0,18.0,LITCESSORY,,,
Livensa Living,1,0,0,0,24.0,LIVENSA LIVING,,,
Livre Escolha,1,0,0,0,12.0,LIVRE ESCOLHA,,,
#ONO (Open to New Opportunities),1,0,0,0,25.0,#ONO (OPEN TO NEW OPPORTUNITIES),,,
Logic Pursuits,1,0,0,0,33.0,LOGIC PURSUITS,,,
Lojas Eskala,1,0,0,0,22.0,LOJAS ESKALA,,,
tilli,1,0,0,0,15.0,TILLI,,,
Loka,1,0,0,0,18.0,LOKA,,,
LoopStudio,1,0,0,0,18.0,LOOPSTUDIO,,,
Lovable,1,0,0,0,12.0,LOVABLE,,,
LovasIT,1,0,0,0,25.0,LOVASIT,,,
Lovely,1,0,0,0,22.0,LOVELY,,,
LoyaltyCom,1,0,0,0,18.0,LOYALTYCOM,,,
Luby,1,0,0,0,23.0,LUBY,,,
Lupa Hire,1,0,0,0,28.0,LUPA HIRE,,,
Lusitania,1,0,0,0,12.0,LUSITANIA,,,
Luxoft,1,0,0,0,21.0,LUXOFT,,,
Luxor Group,1,0,0,0,8.0,LUXOR,,,
Lyric,1,0,0,0,12.0,LYRIC,,,
M/S Maria Enterprise,1,0,0,0,27.0,M/S MARIA ENTERPRISE,,,
MARS Solutions Group,1,0,0,0,20.0,MARS,,,
MATH,1,0,0,0,25.0,MATH,,,
MATH Group,1,0,0,0,27.0,MATH,,,
MCC Label,1,0,0,0,31.0,MCC LABEL,,,
MEGGLE GmbH & Co. KG,1,0,0,0,8.0,MEGGLE & CO,,,
MG Manutenção,1,0,0,0,8.0,MG MANUTENÇÃO,,,
MHP – A Porsche Company,1,0,0,0,20.0,MHP – A PORSCHE COMPANY,,,
MIT Sloan School of Management,1,0,0,0,18.0,MIT SLOAN SCHOOL OF MANAGEMENT,,,
MODIFI,1,0,0,0,22.0,MODIFI,,,
MOONTON GAMES,1,0,0,0,12.0,MOONTON GAMES,,,
MOZAYDO,1,0,0,0,20.0,MOZAYDO,,,
MPS Partners,1,0,0,0,19.0,MPS PARTNERS,,,
MSC Mediterranean Shipping Company,1,0,0,0,24.0,MSC MEDITERRANEAN SHIPPING COMPANY,,,
MSL Corporate,1,0,0,0,31.0,MSL CORPORATE,,,
MStar,1,0,0,0,18.0,MSTAR,,,
Mabu Mabu,1,0,0,0,12.0,MABU MABU,,,
Macrosol Energia Solar,1,0,0,0,15.0,MACROSOL ENERGIA SOLAR,,,
MadeinWeb,1,0,0,0,27.0,MADEINWEB,,,
MadeiraMadeira,1,0,0,0,28.0,MADEIRAMADEIRA,,,
Madison Wells,1,0,0,0,8.0,MADISON WELLS,,,
Madres que lideran,1,0,0,0,12.0,MADRES QUE LIDERAN,,,
Magneto,1,0,0,0,25.0,MAGNETO,,,
notro,1,0,0,0,19.0,NOTRO,,,
MakeValue,1,0,0,0,8.0,MAKEVALUE,,,
Mandomedio Perú,1,0,0,0,19.0,MANDOMEDIO PERÚ,,,
Manfred,1,0,0,0,15.0,MANFRED,,,
Manserv,1,0,0,0,8.0,MANSERV,,,
Maplink,1,0,0,0,12.0,MAPLINK,,,
Maraca Hub,1,0,0,0,12.0,MARACA HUB,,,
Marelli,1,0,0,0,20.0,MARELLI,,,
MariaDB,1,0,0,0,8.0,MARIADB,,,
Marine Instruments,1,0,0,0,18.0,MARINE INSTRUMENTS,,,
Marisa.Care,1,0,0,0,29.0,MARISA.CARE,,,
Markel,1,0,0,0,27.0,MARKEL,,,
Markus Schmidleitner - Villa Bergzauber,1,0,0,0,8.0,MARKUS SCHMIDLEITNER - VILLA BERGZAUBER,,,
Marlin,1,0,0,0,16.0,MARLIN,,,
Mars,1,0,0,0,20.0,MARS,,,
Marvik,1,0,0,0,18.0,MARVIK,,,
Masentó Group,1,0,0,0,15.0,MASENTÓ,,,
Masterplan.com,1,0,0,0,17.0,MASTERPLAN.COM,,,
Masterschool,1,0,0,0,20.0,MASTERSCHOOL,,,
openEuler,1,0,0,0,8.0,OPENEULER,,,
Mattos Engelberg Echenique Advogados,1,0,0,0,8.0,MATTOS ENGELBERG ECHENIQUE ADVOGADOS,,,
over99,1,0,0,0,35.0,OVER99,,,
Mayo Clinic,1,0,0,0,14.0,MAYO CLINIC,,,
Mayoral Moda Infantil,1,0,0,0,18.0,MAYORAL MODA INFANTIL,,,
Measurelab,1,0,0,0,35.0,MEASURELAB,,,
Medway,1,0,0,0,23.0,MEDWAY,,,
Mega distribuidora de cosméticos,1,0,0,0,18.0,MEGA DISTRIBUIDORA DE COSMÉTICOS,,,
Megalabs,1,0,0,0,21.0,MEGALABS,,,
Mein Leben,1,0,0,0,8.0,MEIN LEBEN,,,
MelhorPlano.net,1,0,0,0,22.0,MELHORPLANO.NET,,,
peoplepath.io,1,0,0,0,29.0,PEOPLEPATH.IO,,,
Mench-adv 'מנצ,1,0,0,0,23.0,MENCH-ADV 'מנצ,,,
Meng GmbH,1,0,0,0,12.0,MENG,,,
Mentor vzw,1,0,0,0,8.0,MENTOR VZW,,,
Mercafacil,1,0,0,0,27.0,MERCAFACIL,,,
Mercury Theatre,1,0,0,0,13.0,MERCURY THEATRE,,,
MessageMatch,1,0,0,0,11.0,MESSAGEMATCH,,,
Metso,1,0,0,0,15.0,METSO,,,
Meu bess,1,0,0,0,12.0,MEU BESS,,,
Mewa,1,0,0,0,17.0,MEWA,,,
Michael Besler Stiftung,1,0,0,0,16.0,MICHAEL BESLER STIFTUNG,,,
Michelin,1,0,0,0,21.0,MICHELIN,,,
Microlins,1,0,0,0,12.0,MICROLINS,,,
Migesa,1,0,0,0,35.0,MIGESA,,,
Mignow,1,0,0,0,28.0,MIGNOW,,,
MindBase,1,0,0,0,12.0,MINDBASE,,,
Mindbody,1,0,0,0,19.0,MINDBODY,,,
Mindful Concepts,1,0,0,0,25.0,MINDFUL CONCEPTS,,,
Mineradores,1,0,0,0,9.0,MINERADORES,,,
Mineral Resources,1,0,0,0,33.0,MINERAL RESOURCES,,,
Minerva Foods,1,0,0,0,22.0,MINERVA FOODS,,,
Ministerie van Defensie,1,0,0,0,18.0,MINISTERIE VAN DEFENSIE,,,
Ministério Público do Estado do Paraná,1,0,0,0,12.0,MINISTÉRIO PÚBLICO DO ESTADO DO PARANÁ,,,
Ministério da Cultura,1,0,0,0,27.0,MINISTÉRIO DA CULTURA,,,
MintMe.com,1,0,0,0,11.0,MINTME.COM,,,
Miro,1,0,0,0,22.0,MIRO,,,
Mitsubishi Electric Automotive de México,1,0,0,0,18.0,MITSUBISHI ELECTRIC AUTOMOTIVE DE MÉXICO,,,
Mixam,1,0,0,0,20.0,MIXAM,,,
MoMa Labs,1,0,0,0,12.0,MOMA LABS,,,
Modern Health,1,0,0,0,23.0,MODERN HEALTH,,,
Modus Create,1,0,0,0,24.0,MODUS CREATE,,,
Molecular Search,1,0,0,0,12.0,MOLECULAR SEARCH,,,
Molex,1,0,0,0,24.0,MOLEX,,,
"pml, we know how",1,0,0,0,25.0,"PML, WE KNOW HOW",,,
Monee,1,0,0,0,13.0,MONEE,,,
Monest,1,0,0,0,27.0,MONEST,,,
Monks,1,0,0,0,20.0,MONKS,,,
Montash,1,0,0,0,25.0,MONTASH,,,
Montes del Plata (Stora Enso & Arauco),1,0,0,0,31.0,MONTES DEL PLATA (STORA ENSO & ARAUCO),,,
Montreal Oficial,1,0,0,0,44.0,MONTREAL OFICIAL,,,
Moody's Corporation,1,0,0,0,15.0,MOODY'S,,,
Motion Corp,1,0,0,0,37.0,MOTION,,,
Motoca - Aluguel de Moto,1,0,0,0,12.0,MOTOCA - ALUGUEL DE MOTO,,,
Mottu,1,0,0,0,7.0,MOTTU,,,
Movement Fitness,1,0,0,0,15.0,MOVEMENT FITNESS,,,
Movizzon,1,0,0,0,22.0,MOVIZZON,,,
Mowi,1,0,0,0,28.0,MOWI,,,
Mulheres de Growth,1,0,0,0,12.0,MULHERES DE GROWTH,,,
Multiplica,1,0,0,0,12.0,MULTIPLICA,,,
MurryConsult LLC,1,0,0,0,17.0,MURRYCONSULT,,,
Mushtari Capital,1,0,0,0,12.0,MUSHTARI CAPITAL,,,
praktischArzt & Medi-Karriere – pA Medien GmbH,1,0,0,0,12.0,PRAKTISCHARZT & MEDI-KARRIERE – PA MEDIEN,,,
Mêntore,1,0,0,0,18.0,MÊNTORE,,,
MİTAS GROUP,1,0,0,0,25.0,MİTAS,,,
N-iX,1,0,0,0,33.0,N-IX,,,
NACHO Sales,1,0,0,0,12.0,NACHO SALES,,,
NAVA · Executive Support & Growth,1,0,0,0,15.0,NAVA · EXECUTIVE SUPPORT & GROWTH,,,
NEBIRU,1,0,0,0,25.0,NEBIRU,,,
NEORIS,1,0,0,0,17.0,NEORIS,,,
NETZET,1,0,0,0,23.0,NETZET,,,
NETZSCH Group,1,0,0,0,18.0,NETZSCH,,,
NEX Energy,1,0,0,0,12.0,NEX ENERGY,,,
NEXA,1,0,0,0,12.0,NEXA,,,
NJF Global Holdings Ltd,1,0,0,0,12.0,NJF,,,
prismat GmbH,1,0,0,0,25.0,PRISMAT,,,
NTT Ltd,1,0,0,0,23.0,NTT,,,
remoti,1,0,0,0,25.0,REMOTI,,,
NXO Experts,1,0,0,0,12.0,NXO EXPERTS,,,
Nasa Space Apps,1,0,0,0,20.0,NASA SPACE APPS,,,
Nasir Float Glass Industries Ltd,1,0,0,0,8.0,NASIR FLOAT GLASS INDUSTRIES,,,
National Service Scheme,1,0,0,0,12.0,NATIONAL SCHEME,,,
Nationale-Nederlanden,1,0,0,0,27.0,NATIONALE-NEDERLANDEN,,,
richter & heß VERPACKUNGEN,1,0,0,0,13.0,RICHTER & HESS VERPACKUNGEN,,,
NavVis,1,0,0,0,12.0,NAVVIS,,,
Naviera Integral,1,0,0,0,21.0,NAVIERA INTEGRAL,,,
Navistar Inc,1,0,0,0,33.0,NAVISTAR,,,
Nebula Partners LLC,1,0,0,0,41.0,NEBULA PARTNERS,,,
NeenOpal Inc,1,0,0,0,27.0,NEENOPAL,,,
softgarden e-recruiting GmbH,1,0,0,0,18.0,SOFTGARDEN E-RECRUITING,,,
Neodent,1,0,0,0,21.0,NEODENT,,,
talentsconnect Group,1,0,0,0,16.0,TALENTSCONNECT,,,
tapi,1,0,0,0,18.0,TAPI,,,
Nessentis,1,0,0,0,17.0,NESSENTIS,,,
teceo,1,0,0,0,27.0,TECEO,,,
Net Temps Limited,1,0,0,0,12.0,NET TEMPS,,,
Net2Source Inc,1,0,0,0,23.0,NET2SOURCE,,,
NetExpat,1,0,0,0,19.0,NETEXPAT,,,
NetForemost,1,0,0,0,34.0,NETFOREMOST,,,
Netex Group,1,0,0,0,15.0,NETEX,,,
Netfive,1,0,0,0,25.0,NETFIVE,,,
Netrin,1,0,0,0,21.0,NETRIN,,,
Neue Narrative,1,0,0,0,12.0,NEUE NARRATIVE,,,
Neumüller Elektronik GmbH,1,0,0,0,8.0,NEUMÜLLER ELEKTRONIK,,,
NeuronUP,1,0,0,0,15.0,NEURONUP,,,
Newnew | Educação Corporativa,1,0,0,0,12.0,NEWNEW | EDUCAÇÃO CORPORATIVA,,,
Newsela,1,0,0,0,29.0,NEWSELA,,,
NewtonX,1,0,0,0,18.0,NEWTONX,,,
NexCen Global Inc,1,0,0,0,22.0,NEXCEN,,,
++hellohello,1,0,0,0,22.0,++HELLOHELLO,,,
Next Dot,1,0,0,0,21.0,NEXT DOT,,,
Nexton,1,0,0,0,21.0,NEXTON,,,
Nexus Telerradiologia,1,0,0,0,18.0,NEXUS TELERRADIOLOGIA,,,
Nibo,1,0,0,0,18.0,NIBO,,,
Nickel,1,0,0,0,27.0,NICKEL,,,
Nicoly Oliveira,1,0,0,0,12.0,NICOLY OLIVEIRA,,,
Nidec Corporation Global,1,0,0,0,21.0,NIDEC,,,
NielsenIQ,1,0,0,0,28.0,NIELSENIQ,,,
Nike,1,0,0,0,20.0,NIKE,,,
Ninecon,1,0,0,0,21.0,NINECON,,,
Nion,1,0,0,0,29.0,NION,,,
Nitka,1,0,0,0,20.0,NITKA,,,
Nivela,1,0,0,0,12.0,NIVELA,,,
Nomad,1,0,0,0,27.0,NOMAD,,,
Nomad Career,1,0,0,0,18.0,NOMAD CAREER,,,
Norah,1,0,0,0,12.0,NORAH,,,
Nord Group,1,0,0,0,12.0,NORD,,,
ADMIRAL Group,1,0,0,0,21.0,ADMIRAL,,,
ADVANCED SCHEMA,1,0,0,0,23.0,ADVANCED SCHEMA,,,
Nortempo,1,0,0,0,31.0,NORTEMPO,,,
Nortrez,1,0,0,0,23.0,NORTREZ,,,
Nouvel Talent,1,0,0,0,25.0,NOUVEL TALENT,,,
Nova,1,0,0,0,18.0,NOVA,,,
Nova Solutions,1,0,0,0,28.0,NOVA,,,
AE Talents Group Inc,1,0,0,0,27.0,AE TALENTS,,,
AEP Talento,1,0,0,0,12.0,AEP TALENTO,,,
"Novus International, Inc",1,0,0,0,34.0,NOVUS INTERNATIONAL,,,
NuageIT,1,0,0,0,54.0,NUAGEIT,,,
Nurtur,1,0,0,0,22.0,NURTUR,,,
Nutrata,1,0,0,0,22.0,NUTRATA,,,
Nutrición Mag,1,0,0,0,15.0,NUTRICIÓN MAG,,,
Nymbus,1,0,0,0,33.0,NYMBUS,,,
Nômad Recursos Humanos,1,0,0,0,21.0,NÔMAD RECURSOS HUMANOS,,,
Nömad,1,0,0,0,19.0,NÖMAD,,,
Núclea,1,0,0,0,27.0,NÚCLEA,,,
O'Reilly Media,1,0,0,0,19.0,O'REILLY MEDIA,,,
OBSS,1,0,0,0,25.0,OBSS,,,
OLIVER Agency,1,0,0,0,24.0,OLIVER AGENCY,,,
OM Housing,1,0,0,0,22.0,OM HOUSING,,,
ONE HIRING,1,0,0,0,20.0,ONE HIRING,,,
OPLIUM,1,0,0,0,12.0,OPLIUM,,,
AK Business Intelligence LLC,1,0,0,0,15.0,AK BUSINESS INTELLIGENCE,,,
OTP Group,1,0,0,0,19.0,OTP,,,
Oasis Infobyte,1,0,0,0,34.0,OASIS INFOBYTE,,,
Oberender AG,1,0,0,0,22.0,OBERENDER,,,
Objective,1,0,0,0,23.0,OBJECTIVE,,,
Obrela,1,0,0,0,23.0,OBRELA,,,
Ocean Network Express,1,0,0,0,24.0,OCEAN NETWORK EXPRESS,,,
Octafy LAD,1,0,0,0,15.0,OCTAFY LAD,,,
Octagon Professionals International,1,0,0,0,32.0,OCTAGON PROFESSIONALS INTERNATIONAL,,,
Octopus Energy,1,0,0,0,16.0,OCTOPUS ENERGY,,,
Odebrecht Angola,1,0,0,0,8.0,ODEBRECHT ANGOLA,,,
Oderço,1,0,0,0,12.0,ODERÇO,,,
Odido Nederland,1,0,0,0,12.0,ODIDO NEDERLAND,,,
OdontoCompany,1,0,0,0,12.0,ODONTOCOMPANY,,,
Oktana Corporation,1,0,0,0,15.0,OKTANA,,,
Oliver James,1,0,0,0,18.0,OLIVER JAMES,,,
OllyGarden,1,0,0,0,19.0,OLLYGARDEN,,,
Omie,1,0,0,0,18.0,OMIE,,,
OmniChat,1,0,0,0,23.0,OMNICHAT,,,
Omnicom Global Solutions,1,0,0,0,19.0,OMNICOM,,,
Omnidocs,1,0,0,0,28.0,OMNIDOCS,,,
OnHires,1,0,0,0,23.0,ONHIRES,,,
One Life Legacy,1,0,0,0,28.0,ONE LIFE LEGACY,,,
OneCareer GmbH,1,0,0,0,22.0,ONECAREER,,,
OneSource,1,0,0,0,18.0,ONESOURCE,,,
Onix,1,0,0,0,44.0,ONIX,,,
Oolooroo.io,1,0,0,0,12.0,OOLOOROO.IO,,,
ALLPS,1,0,0,0,25.0,ALLPS,,,
Open (YC W24),1,0,0,0,25.0,OPEN (YC W24),,,
OpenCON,1,0,0,0,12.0,OPENCON,,,
OpenTalent,1,0,0,0,8.0,OPENTALENT,,,
Openbaar Ministerie,1,0,0,0,8.0,OPENBAAR MINISTERIE,,,
Opny,1,0,0,0,8.0,OPNY,,,
Optimum Solutions Pte Ltd,1,0,0,0,15.0,OPTIMUM PTE,,,
Optum,1,0,0,0,18.0,OPTUM,,,
OpusClip,1,0,0,0,15.0,OPUSCLIP,,,
Orange Business Services,1,0,0,0,22.0,ORANGE BUSINESS,,,
OrangeLoops,1,0,0,0,15.0,ORANGELOOPS,,,
Orbital Gaming,1,0,0,0,21.0,ORBITAL GAMING,,,
Ori-On,1,0,0,0,19.0,ORI-ON,,,
Orizon,1,0,0,0,32.0,ORIZON,,,
Ortobom,1,0,0,0,18.0,ORTOBOM,,,
Otis Elevator Co,1,0,0,0,15.0,OTIS ELEVATOR CO,,,
Overmind,1,0,0,0,19.0,OVERMIND,,,
Owen Daniels,1,0,0,0,15.0,OWEN DANIELS,,,
PABerater GmbH,1,0,0,0,16.0,PABERATER,,,
PALAS,1,0,0,0,12.0,PALAS,,,
PBCN GmbH,1,0,0,0,18.0,PBCN,,,
PD on Demand GmbH,1,0,0,0,44.0,PD ON DEMAND,,,
PINPOINT,1,0,0,0,12.0,PINPOINT,,,
PKF Attest,1,0,0,0,17.0,PKF ATTEST,,,
PKF Uruguay,1,0,0,0,37.0,PKF URUGUAY,,,
PPRO,1,0,0,0,35.0,PPRO,,,
PRIMAPRIX,1,0,0,0,21.0,PRIMAPRIX,,,
ALOIA AEROSPACE INC,1,0,0,0,8.0,ALOIA AEROSPACE,,,
PROTA,1,0,0,0,24.0,PROTA,,,
"PSA Sines, S.A",1,0,0,0,32.0,PSA SINES,,,
PSL Investments,1,0,0,0,35.0,PSL INVESTMENTS,,,
PT Global,1,0,0,0,28.0,PT,,,
PT. Tumbuh Bersama Nano (Nanovest — a Sinarmas Group Company),1,0,0,0,24.0,PT. TUMBUH BERSAMA NANO (NANOVEST — A SINARMAS COMPANY),,,
PUMA Group,1,0,0,0,21.0,PUMA,,,
Pacífico Seguros,1,0,0,0,23.0,PACÍFICO SEGUROS,,,
Page Executive,1,0,0,0,25.0,PAGE EXECUTIVE,,,
ALTAVE,1,0,0,0,17.0,ALTAVE,,,
Paperlike,1,0,0,0,23.0,PAPERLIKE,,,
Papp Logistics,1,0,0,0,22.0,PAPP LOGISTICS,,,
"Paragon Films, Inc. México",1,0,0,0,27.0,"PARAGON FILMS, . MÉXICO",,,
Paraná Banco S/A,1,0,0,0,18.0,PARANÁ BANCO,,,
Parcelhero,1,0,0,0,18.0,PARCELHERO,,,
AMEWAS,1,0,0,0,16.0,AMEWAS,,,
Pasquali Solution,1,0,0,0,8.0,PASQUALI SOLUTION,,,
PassCard,1,0,0,0,22.0,PASSCARD,,,
Patton Labs Inc,1,0,0,0,27.0,PATTON LABS,,,
Paul Marlex,1,0,0,0,25.0,PAUL MARLEX,,,
Pax8,1,0,0,0,19.0,PAX8,,,
Payoneer,1,0,0,0,20.0,PAYONEER,,,
AMKmotion GmbH + Co KG,1,0,0,0,23.0,AMKMOTION + CO,,,
PdH | Partei der Humanisten,1,0,0,0,12.0,PDH | PARTEI DER HUMANISTEN,,,
ANWB,1,0,0,0,18.0,ANWB,,,
APSCo,1,0,0,0,22.0,APSCO,,,
Pecege,1,0,0,0,8.0,PECEGE,,,
Pedersen & Partners,1,0,0,0,22.0,PEDERSEN & PARTNERS,,,
Pensecom - Inteligência em Recursos Humanos,1,0,0,0,21.0,PENSECOM - INTELIGÊNCIA EM RECURSOS HUMANOS,,,
Pentágono Engenharia,1,0,0,0,21.0,PENTÁGONO ENGENHARIA,,,
People A&M,1,0,0,0,25.0,PEOPLE A&M,,,
People Made Machines,1,0,0,0,30.0,PEOPLE MADE MACHINES,,,
Peoplematters,1,0,0,0,19.0,PEOPLEMATTERS,,,
Peoples Republic,1,0,0,0,15.0,PEOPLES REPUBLIC,,,
PepsiCo,1,0,0,0,32.0,PEPSICO,,,
Performa_IT,1,0,0,0,25.0,PERFORMA_IT,,,
Periferia IT Group,1,0,0,0,22.0,PERIFERIA IT,,,
Peritus Partners,1,0,0,0,8.0,PERITUS PARTNERS,,,
"AQUA Information Systems, Inc",1,0,0,0,15.0,AQUA INFORMATION SYSTEMS,,,
PersonalGlobal,1,0,0,0,21.0,PERSONALGLOBAL,,,
Personalhaus Gruppe,1,0,0,0,12.0,PERSONALHAUS GRUPPE,,,
Perspective Dragon,1,0,0,0,16.0,PERSPECTIVE DRAGON,,,
Pertemps Network Group,1,0,0,0,15.0,PERTEMPS NETWORK,,,
Pessoa Jurídica,1,0,0,0,15.0,PESSOA JURÍDICA,,,
Peter Park,1,0,0,0,20.0,PETER PARK,,,
ARCA Mobility as a Service,1,0,0,0,32.0,ARCA MOBILITY AS A,,,
ARIMANY Selecció de Talent,1,0,0,0,15.0,ARIMANY SELECCIÓ DE TALENT,,,
"ARTE - Agência para a Reforma Tecnológica do Estado, IP",1,0,0,0,23.0,"ARTE - AGÊNCIA PARA A REFORMA TECNOLÓGICA DO ESTADO, IP",,,
Petz,1,0,0,0,21.0,PETZ,,,
Pharmacity,1,0,0,0,12.0,PHARMACITY,,,
Pharmbills,1,0,0,0,15.0,PHARMBILLS,,,
Phenom,1,0,0,0,21.0,PHENOM,,,
ARTEMIS Augenkliniken und med. Versorgungszentren,1,0,0,0,12.0,ARTEMIS AUGENKLINIKEN UND MED. VERSORGUNGSZENTREN,,,
ASHRAE Brasília Student Branch,1,0,0,0,8.0,ASHRAE BRASÍLIA STUDENT BRANCH,,,
PinkRoccade Local Government,1,0,0,0,8.0,PINKROCCADE LOCAL GOVERNMENT,,,
ASSA ABLOY Group,1,0,0,0,12.0,ASSA ABLOY,,,
Pipol | Recrutamento Industrial,1,0,0,0,12.0,PIPOL | RECRUTAMENTO INDUSTRIAL,,,
Pismo,1,0,0,0,18.0,PISMO,,,
Pitahaya Talent,1,0,0,0,25.0,PITAHAYA TALENT,,,
Pixida,1,0,0,0,22.0,PIXIDA,,,
Planet,1,0,0,0,29.0,PLANET,,,
Planet Earth,1,0,0,0,8.0,PLANET EARTH,,,
Planville GmbH,1,0,0,0,8.0,PLANVILLE,,,
Platonix AG,1,0,0,0,20.0,PLATONIX,,,
Playamp,1,0,0,0,21.0,PLAYAMP,,,
Pobre Juan,1,0,0,0,19.0,POBRE JUAN,,,
Polar,1,0,0,0,8.0,POLAR,,,
Polis Immobilien AG,1,0,0,0,12.0,POLIS IMMOBILIEN,,,
Polícia Militar do Distrito Federal - PMDF,1,0,0,0,12.0,POLÍCIA MILITAR DO DISTRITO FEDERAL - PMDF,,,
Pontifícia Universidade Católica do Rio Grande do Sul,1,0,0,0,12.0,PONTIFÍCIA UNIVERSIDADE CATÓLICA DO RIO GRANDE DO SUL,,,
PortX,1,0,0,0,52.0,PORTX,,,
Posedio GmbH,1,0,0,0,23.0,POSEDIO,,,
Positivo S+,1,0,0,0,8.0,POSITIVO S+,,,
ASSERTIZE,1,0,0,0,8.0,ASSERTIZE,,,
Postbeamtenkrankenkasse,1,0,0,0,8.0,POSTBEAMTENKRANKENKASSE,,,
Potencializando Talentos,1,0,0,0,8.0,POTENCIALIZANDO TALENTOS,,,
ATALIAN,1,0,0,0,15.0,ATALIAN,,,
PragetX,1,0,0,0,30.0,PRAGETX,,,
Praxis,1,0,0,0,8.0,PRAXIS,,,
PreVanta,1,0,0,0,12.0,PREVANTA,,,
Prefeitura Municipal de Aporé,1,0,0,0,8.0,PREFEITURA MUNICIPAL DE APORÉ,,,
Prefeitura Municipal de Entre Rios,1,0,0,0,8.0,PREFEITURA MUNICIPAL DE ENTRE RIOS,,,
Prefeitura Municipal de Gaspar,1,0,0,0,12.0,PREFEITURA MUNICIPAL DE GASPAR,,,
Prefeitura Municipal de Guarujá,1,0,0,0,8.0,PREFEITURA MUNICIPAL DE GUARUJÁ,,,
Prefeitura Municipal de Lauro de Freitas,1,0,0,0,9.0,PREFEITURA MUNICIPAL DE LAURO DE FREITAS,,,
Prefeitura Municipal de Poços de Caldas,1,0,0,0,19.0,PREFEITURA MUNICIPAL DE POÇOS DE CALDAS,,,
Prefeitura Municipal de Simão Pereira,1,0,0,0,8.0,PREFEITURA MUNICIPAL DE SIMÃO PEREIRA,,,
ATIVU Tecnologia | Gestão de Custos e Ativos de TI e Telecom,1,0,0,0,24.0,ATIVU TECNOLOGIA | GESTÃO DE CUSTOS E ATIVOS DE TI E TELECOM,,,
Presence Tecnologia,1,0,0,0,11.0,PRESENCE TECNOLOGIA,,,
Prevemt Medicina Do Trabalho,1,0,0,0,8.0,PREVEMT MEDICINA DO TRABALHO,,,
Primaprix,1,0,0,0,21.0,PRIMAPRIX,,,
PrimeHire,1,0,0,0,27.0,PRIMEHIRE,,,
Priner,1,0,0,0,7.0,PRINER,,,
Prisma People Strategy & Intelligence,1,0,0,0,12.0,PRISMA PEOPLE STRATEGY & INTELLIGENCE,,,
Privacy,1,0,0,0,19.0,PRIVACY,,,
Privado,1,0,0,0,12.0,PRIVADO,,,
Privat,1,0,0,0,8.0,PRIVAT,,,
ProLeads Company,1,0,0,0,21.0,PROLEADS COMPANY,,,
ProV International,1,0,0,0,21.0,PROV INTERNATIONAL,,,
Procuradoria Geral do Município de Niterói,1,0,0,0,12.0,PROCURADORIA GERAL DO MUNICÍPIO DE NITERÓI,,,
Prodezk,1,0,0,0,22.0,PRODEZK,,,
Productized,1,0,0,0,12.0,PRODUCTIZED,,,
Profesional Independiente,1,0,0,0,15.0,PROFESIONAL INDEPENDIENTE,,,
ATOMS,1,0,0,0,15.0,ATOMS,,,
Professor Particular,1,0,0,0,12.0,PROFESSOR PARTICULAR,,,
Profile,1,0,0,0,8.0,PROFILE,,,
AUMOVIO,1,0,0,0,21.0,AUMOVIO,,,
AUREN Uruguay,1,0,0,0,40.0,AUREN URUGUAY,,,
AVA Bioenergia,1,0,0,0,17.0,AVA BIOENERGIA,,,
Projeto Coragem Singular,1,0,0,0,8.0,PROJETO CORAGEM SINGULAR,,,
Projjetta Tecnologia em Dados,1,0,0,0,27.0,PROJJETTA TECNOLOGIA EM DADOS,,,
PropelPeople,1,0,0,0,34.0,PROPELPEOPLE,,,
Prosigliere,1,0,0,0,31.0,PROSIGLIERE,,,
Prospect Wallet,1,0,0,0,15.0,PROSPECT WALLET,,,
Prosperity Behavioral India Pvt Ltd,1,0,0,0,12.0,PROSPERITY BEHAVIORAL INDIA PVT,,,
Proxity,1,0,0,0,22.0,PROXITY,,,
Proyectos Engineering,1,0,0,0,22.0,PROYECTOS ENGINEERING,,,
Psicotran Avaliação Psicológica,1,0,0,0,8.0,PSICOTRAN AVALIAÇÃO PSICOLÓGICA,,,
Psicóloga Clínica Autônomo,1,0,0,0,12.0,PSICÓLOGA CLÍNICA AUTÔNOMO,,,
Psicóloga Maria Eduarda D' Errico,1,0,0,0,8.0,PSICÓLOGA MARIA EDUARDA D' ERRICO,,,
Psicóloga Mayara Carvalho,1,0,0,0,15.0,PSICÓLOGA MAYARA CARVALHO,,,
Publicis Groupe,1,0,0,0,18.0,PUBLICIS GROUPE,,,
Pythian,1,0,0,0,35.0,PYTHIAN,,,
Pyyne,1,0,0,0,25.0,PYYNE,,,
Pão da praça,1,0,0,0,8.0,PÃO DA PRAÇA,,,
Q-logic,1,0,0,0,8.0,Q-LOGIC,,,
QPC Engenharia,1,0,0,0,8.0,QPC ENGENHARIA,,,
AVEDIAN,1,0,0,0,18.0,AVEDIAN,,,
QUALIFICAR TI,1,0,0,0,12.0,QUALIFICAR TI,,,
Qive,1,0,0,0,27.0,QIVE,,,
"Qorvo, Inc",1,0,0,0,24.0,QORVO,,,
Quala,1,0,0,0,18.0,QUALA,,,
Qualitas Electronics Ltd,1,0,0,0,27.0,QUALITAS ELECTRONICS,,,
Qualitti Sviluppo Srl,1,0,0,0,12.0,QUALITTI SVILUPPO SRL,,,
Quality Temporal (ETT),1,0,0,0,15.0,QUALITY TEMPORAL (ETT),,,
AXA Global Business Services (AXA GBS),1,0,0,0,15.0,AXA BUSINESS (AXA GBS),,,
Quantum,1,0,0,0,21.0,QUANTUM,,,
Quantum Rise,1,0,0,0,12.0,QUANTUM RISE,,,
QuantumVoice,1,0,0,0,24.0,QUANTUMVOICE,,,
Aarin,1,0,0,0,11.0,AARIN,,,
Questrade Financial Group,1,0,0,0,23.0,QUESTRADE FINANCIAL,,,
Aays,1,0,0,0,20.0,AAYS,,,
R Systems,1,0,0,0,31.0,R SYSTEMS,,,
R+V Versicherung,1,0,0,0,8.0,R+V VERSICHERUNG,,,
R2D Top Talent,1,0,0,0,12.0,R2D TOP TALENT,,,
RB Recruitment,1,0,0,0,11.0,RB RECRUITMENT,,,
RB SOLUÇÕES EM CAPITAL HUMANO,1,0,0,0,19.0,RB SOLUÇÕES EM CAPITAL HUMANO,,,
RCI Latinoamérica,1,0,0,0,47.0,RCI LATINOAMÉRICA,,,
Abbott,1,0,0,0,22.0,ABBOTT,,,
RED Innovations,1,0,0,0,18.0,RED INNOVATIONS,,,
REF Uruguay,1,0,0,0,50.0,REF URUGUAY,,,
REP Seguros Corporativos,1,0,0,0,21.0,REP SEGUROS CORPORATIVOS,,,
RGM Tecnologia Inteligência e Processos,1,0,0,0,12.0,RGM TECNOLOGIA INTELIGÊNCIA E PROCESSOS,,,
RH Modo Atleta I VIK,1,0,0,0,18.0,RH MODO ATLETA I VIK,,,
RHGestor By Sólides,1,0,0,0,15.0,RHGESTOR BY SÓLIDES,,,
RL JOB SERVICES SRL,1,0,0,0,17.0,RL JOB SRL,,,
RM Gente e Gestão,1,0,0,0,30.0,RM GENTE E GESTÃO,,,
RMT Labs SA,1,0,0,0,12.0,RMT LABS,,,
ROCA Solidez en Recursos Humanos,1,0,0,0,27.0,ROCA SOLIDEZ EN RECURSOS HUMANOS,,,
ROCKSOLID Personalvermittlung GmbH,1,0,0,0,19.0,ROCKSOLID PERSONALVERMITTLUNG,,,
RSA Serviços Inteligentes,1,0,0,0,15.0,RSA SERVIÇOS INTELIGENTES,,,
RSC Comunicativa,1,0,0,0,12.0,RSC COMUNICATIVA,,,
RSM UY,1,0,0,0,31.0,RSM UY,,,
RankMyApp,1,0,0,0,24.0,RANKMYAPP,,,
RapidCanvas,1,0,0,0,26.0,RAPIDCANVAS,,,
Abercrombie & Fitch Co,1,0,0,0,28.0,ABERCROMBIE & FITCH CO,,,
RavenPack,1,0,0,0,34.0,RAVENPACK,,,
ReSus Consult GmbH,1,0,0,0,32.0,RESUS CONSULT,,,
Rebel Talent,1,0,0,0,28.0,REBEL TALENT,,,
Rebels,1,0,0,0,28.0,REBELS,,,
RecargaPay,1,0,0,0,30.0,RECARGAPAY,,,
Reclame AQUI,1,0,0,0,17.0,RECLAME AQUI,,,
Recruitment Circle,1,0,0,0,21.0,RECRUITMENT CIRCLE,,,
Abradi,1,0,0,0,8.0,ABRADI,,,
Red Hat,1,0,0,0,27.0,RED HAT,,,
Red Sea Global,1,0,0,0,11.0,RED SEA,,,
RedCLARA - Cooperación Latino Americana de Redes Avanzadas,1,0,0,0,46.0,REDCLARA - COOPERACIÓN LATINO AMERICANA DE REDES AVANZADAS,,,
RedScreen (Pty) Ltd,1,0,0,0,12.0,REDSCREEN (PTY),,,
Rede D'Or São Luiz,1,0,0,0,25.0,REDE D'OR SÃO LUIZ,,,
Rede de Farmácias São João,1,0,0,0,24.0,REDE DE FARMÁCIAS SÃO JOÃO,,,
Redux,1,0,0,0,24.0,REDUX,,,
Reed Recruitment Malta,1,0,0,0,19.0,REED RECRUITMENT MALTA,,,
Reed in Partnership,1,0,0,0,27.0,REED IN PARTNERSHIP,,,
Reflex Aerospace,1,0,0,0,18.0,REFLEX AEROSPACE,,,
Remote,1,0,0,0,29.0,REMOTE,,,
RemoteUp,1,0,0,0,25.0,REMOTEUP,,,
Renault,1,0,0,0,23.0,RENAULT,,,
Renta Nacional Seguros Generales,1,0,0,0,30.0,RENTA NACIONAL SEGUROS GENERALES,,,
Rentcars,1,0,0,0,19.0,RENTCARS,,,
Rentokil Initial,1,0,0,0,31.0,RENTOKIL INITIAL,,,
Academia do Dev,1,0,0,0,8.0,ACADEMIA DO DEV,,,
República Microfinanzas S.A,1,0,0,0,12.0,REPÚBLICA MICROFINANZAS,,,
Resend,1,0,0,0,15.0,RESEND,,,
Accelerant,1,0,0,0,32.0,ACCELERANT,,,
Ressignifique Núcleo de Psicologia,1,0,0,0,8.0,RESSIGNIFIQUE NÚCLEO DE PSICOLOGIA,,,
Access Bank Plc,1,0,0,0,27.0,ACCESS BANK,,,
Revent Labs,1,0,0,0,27.0,REVENT LABS,,,
Revenus,1,0,0,0,25.0,REVENUS,,,
Reward Gateway,1,0,0,0,15.0,REWARD GATEWAY,,,
Rh Ribeirão,1,0,0,0,12.0,RH RIBEIRÃO,,,
Right at Home,1,0,0,0,25.0,RIGHT AT HOME,,,
River,1,0,0,0,26.0,RIVER,,,
Achs,1,0,0,0,20.0,ACHS,,,
Rivia,1,0,0,0,19.0,RIVIA,,,
Achs Seguro Laboral,1,0,0,0,18.0,ACHS SEGURO LABORAL,,,
Robot.com,1,0,0,0,12.0,ROBOT.COM,,,
Robots & Pencils,1,0,0,0,23.0,ROBOTS & PENCILS,,,
Active Recruitment SEN Ltd,1,0,0,0,19.0,ACTIVE RECRUITMENT SEN,,,
Rodobens,1,0,0,0,12.0,RODOBENS,,,
Rogo,1,0,0,0,12.0,ROGO,,,
Roland Berger Strategy Consultants,1,0,0,0,18.0,ROLAND BERGER STRATEGY CONSULTANTS,,,
Romeu,1,0,0,0,8.0,ROMEU,,,
Rooftop.dev,1,0,0,0,15.0,ROOFTOP.DEV,,,
Rove,1,0,0,0,12.0,ROVE,,,
Activo.uy,1,0,0,0,32.0,ACTIVO.UY,,,
Roylo Partners,1,0,0,0,22.0,ROYLO PARTNERS,,,
Ruby Labs,1,0,0,0,27.0,RUBY LABS,,,
RulesIQ,1,0,0,0,12.0,RULESIQ,,,
Rumo,1,0,0,0,23.0,RUMO,,,
S-Communication Services GmbH,1,0,0,0,12.0,S-COMMUNICATION,,,
SAFR from RealNetworks,1,0,0,0,28.0,SAFR FROM REALNETWORKS,,,
SANDRO,1,0,0,0,12.0,SANDRO,,,
SARIA Group,1,0,0,0,20.0,SARIA,,,
Adalab,1,0,0,0,22.0,ADALAB,,,
SBB CFF FFS,1,0,0,0,12.0,SBB CFF FFS,,,
SBH Nordost GmbH,1,0,0,0,12.0,SBH NORDOST,,,
SCOH,1,0,0,0,8.0,SCOH,,,
SCP SINTERSA,1,0,0,0,12.0,SCP SINTERSA,,,
SCUBE,1,0,0,0,15.0,SCUBE,,,
SD Consultora de Empresas Familiares,1,0,0,0,19.0,SD CONSULTORA DE EMPRESAS FAMILIARES,,,
SD Worx,1,0,0,0,24.0,SD WORX,,,
SE Mentor Solutions,1,0,0,0,27.0,SE MENTOR,,,
SEK Security Ecosystem Knowledge,1,0,0,0,37.0,SEK SECURITY ECOSYSTEM KNOWLEDGE,,,
SEO International Conference Karachi,1,0,0,0,29.0,SEO INTERNATIONAL CONFERENCE KARACHI,,,
SET University,1,0,0,0,20.0,SET UNIVERSITY,,,
Addepto,1,0,0,0,15.0,ADDEPTO,,,
"SIMaP, Grenoble",1,0,0,0,8.0,"SIMAP, GRENOBLE",,,
SKF Group,1,0,0,0,17.0,SKF,,,
SLC Agrícola S/A,1,0,0,0,29.0,SLC AGRÍCOLA,,,
Addi,1,0,0,0,18.0,ADDI,,,
SOFTGAMES,1,0,0,0,29.0,SOFTGAMES,,,
SOLCOM GmbH,1,0,0,0,23.0,SOLCOM,,,
SOLVACE,1,0,0,0,21.0,SOLVACE,,,
Ademicon,1,0,0,0,22.0,ADEMICON,,,
SP+ Escolas,1,0,0,0,12.0,SP+ ESCOLAS,,,
SPRO,1,0,0,0,34.0,SPRO,,,
SQUARE CITY,1,0,0,0,15.0,SQUARE CITY,,,
SQUARERA,1,0,0,0,24.0,SQUARERA,,,
SRCon GmbH,1,0,0,0,19.0,SRCON,,,
SSR Mining Inc,1,0,0,0,18.0,SSR MINING,,,
ST Consultores,1,0,0,0,12.0,ST CONSULTORES,,,
STRONG Conveniada FGV,1,0,0,0,8.0,STRONG CONVENIADA FGV,,,
STX Next,1,0,0,0,20.0,STX NEXT,,,
Aden,1,0,0,0,12.0,ADEN,,,
SUSONITY,1,0,0,0,12.0,SUSONITY,,,
SVPM | Mineração Serra Verde,1,0,0,0,15.0,SVPM | MINERAÇÃO SERRA VERDE,,,
Safeguard Global,1,0,0,0,25.0,SAFEGUARD,,,
Safra,1,0,0,0,12.0,SAFRA,,,
Salas Montalvo,1,0,0,0,18.0,SALAS MONTALVO,,,
SaleStrategy.io,1,0,0,0,31.0,SALESTRATEGY.IO,,,
Salentus,1,0,0,0,8.0,SALENTUS,,,
SalesPoint Incorporation,1,0,0,0,27.0,SALESPOINT INCORPORATION,,,
SalesStar Recruitment Mx,1,0,0,0,30.0,SALESSTAR RECRUITMENT MX,,,
Sanar,1,0,0,0,20.0,SANAR,,,
Sancho BBDO,1,0,0,0,21.0,SANCHO BBDO,,,
Adm Moveis E Design,1,0,0,0,12.0,ADM MOVEIS E DESIGN,,,
Saturam,1,0,0,0,21.0,SATURAM,,,
Sauter,1,0,0,0,32.0,SAUTER,,,
Savant Network,1,0,0,0,12.0,SAVANT NETWORK,,,
Savener,1,0,0,0,28.0,SAVENER,,,
Savino Del Bene,1,0,0,0,52.0,SAVINO DEL BENE,,,
Scala,1,0,0,0,19.0,SCALA,,,
Scale Healthcare ( India ),1,0,0,0,13.0,SCALE HEALTHCARE ( INDIA ),,,
Scheer Group,1,0,0,0,12.0,SCHEER,,,
Scheidtweiler Strategie,1,0,0,0,8.0,SCHEIDTWEILER STRATEGIE,,,
Schneider Electric,1,0,0,0,18.0,SCHNEIDER ELECTRIC,,,
Scienza Uruguay,1,0,0,0,45.0,SCIENZA URUGUAY,,,
Scopic,1,0,0,0,11.0,SCOPIC,,,
Scotiabank,1,0,0,0,12.0,SCOTIABANK,,,
Scotiabank Uruguay,1,0,0,0,37.0,SCOTIABANK URUGUAY,,,
Scoular,1,0,0,0,37.0,SCOULAR,,,
Search Advise GmbH,1,0,0,0,22.0,SEARCH ADVISE,,,
Search Atlas,1,0,0,0,24.0,SEARCH ATLAS,,,
Search Engine Business,1,0,0,0,24.0,SEARCH ENGINE BUSINESS,,,
Search Latinoamérica,1,0,0,0,43.0,SEARCH LATINOAMÉRICA,,,
Search X Recruitment,1,0,0,0,23.0,SEARCH X RECRUITMENT,,,
Searchtalent GmbH,1,0,0,0,39.0,SEARCHTALENT,,,
Seatrium,1,0,0,0,8.0,SEATRIUM,,,
"Seguros, tendencias y riesgos SURA",1,0,0,0,13.0,"SEGUROS, TENDENCIAS Y RIESGOS SURA",,,
Advantest,1,0,0,0,21.0,ADVANTEST,,,
Selbständig,1,0,0,0,12.0,SELBSTÄNDIG,,,
Adylog S.A.S,1,0,0,0,12.0,ADYLOG,,,
Self-Employed / Independent Project,1,0,0,0,25.0,SELF-EMPLOYED / INDEPENDENT PROJECT,,,
SellCord,1,0,0,0,34.0,SELLCORD,,,
Selpe Gente e Gestão,1,0,0,0,24.0,SELPE GENTE E GESTÃO,,,
Adão Imóveis,1,0,0,0,17.0,ADÃO IMÓVEIS,,,
Seniorh,1,0,0,0,15.0,SENIORH,,,
Senovo IT Ltd,1,0,0,0,38.0,SENOVO IT,,,
Aegro,1,0,0,0,20.0,AEGRO,,,
Sentry,1,0,0,0,21.0,SENTRY,,,
Seprotec Multilingual Solutions,1,0,0,0,25.0,SEPROTEC MULTILINGUAL,,,
Serena,1,0,0,0,29.0,SERENA,,,
Serpro,1,0,0,0,27.0,SERPRO,,,
ServiceRocket,1,0,0,0,17.0,SERVICEROCKET,,,
Servicio de Salud Metropolitano Central,1,0,0,0,12.0,SERVICIO DE SALUD METROPOLITANO CENTRAL,,,
Sfera Legal,1,0,0,0,21.0,SFERA LEGAL,,,
Shape,1,0,0,0,27.0,SHAPE,,,
Aerospace,1,0,0,0,8.0,AEROSPACE,,,
ShareCV,1,0,0,0,31.0,SHARECV,,,
SharePrime,1,0,0,0,17.0,SHAREPRIME,,,
Shell,1,0,0,0,35.0,SHELL,,,
Shell Energy,1,0,0,0,52.0,SHELL ENERGY,,,
Shift,1,0,0,0,49.0,SHIFT,,,
Aggreko,1,0,0,0,23.0,AGGREKO,,,
SiDi,1,0,0,0,32.0,SIDI,,,
Sicoob Confederação,1,0,0,0,35.0,SICOOB CONFEDERAÇÃO,,,
Silicon,1,0,0,0,8.0,SILICON,,,
Simon-Kucher,1,0,0,0,23.0,SIMON-KUCHER,,,
Simplest.guru,1,0,0,0,32.0,SIMPLEST.GURU,,,
Simpress,1,0,0,0,24.0,SIMPRESS,,,
Singit,1,0,0,0,34.0,SINGIT,,,
Sistema FIERGS,1,0,0,0,12.0,SISTEMA FIERGS,,,
Sitel Panamá,1,0,0,0,12.0,SITEL PANAMÁ,,,
Sixtema,1,0,0,0,30.0,SIXTEMA,,,
Skalbach GmbH,1,0,0,0,8.0,SKALBACH,,,
Skyone,1,0,0,0,27.0,SKYONE,,,
Skyway Equities,1,0,0,0,28.0,SKYWAY EQUITIES,,,
Slyng,1,0,0,0,15.0,SLYNG,,,
Smart Fit,1,0,0,0,22.0,SMART FIT,,,
SmartChoice International Limited,1,0,0,0,31.0,SMARTCHOICE INTERNATIONAL,,,
SmartSites 💡,1,0,0,0,18.0,SMARTSITES 💡,,,
Smarthis,1,0,0,0,27.0,SMARTHIS,,,
Smartsheet,1,0,0,0,12.0,SMARTSHEET,,,
"SnapDragon Associates, LLC",1,0,0,0,13.0,SNAPDRAGON ASSOCIATES,,,
SoEnergy International,1,0,0,0,28.0,SOENERGY INTERNATIONAL,,,
Social Bloom,1,0,0,0,22.0,SOCIAL BLOOM,,,
Sociedade Beneficência e Caridade Lajeado - Hospital Bruno Born (HBB),1,0,0,0,8.0,SOCIEDADE BENEFICÊNCIA E CARIDADE LAJEADO - HOSPITAL BRUNO BORN (HBB),,,
Agile Inc,1,0,0,0,12.0,AGILE,,,
SoftProject,1,0,0,0,16.0,SOFTPROJECT,,,
SoftSystem IT,1,0,0,0,24.0,SOFTSYSTEM IT,,,
Softonic,1,0,0,0,12.0,SOFTONIC,,,
Agile Lab,1,0,0,0,23.0,AGILE LAB,,,
Agir,1,0,0,0,18.0,AGIR,,,
Sogeti,1,0,0,0,15.0,SOGETI,,,
Sokobox,1,0,0,0,12.0,SOKOBOX,,,
Solar Coca-Cola,1,0,0,0,18.0,SOLAR COCA-COLA,,,
SolvePlan,1,0,0,0,23.0,SOLVEPLAN,,,
Solventum,1,0,0,0,18.0,SOLVENTUM,,,
Solvex Solutions,1,0,0,0,30.0,SOLVEX,,,
Somos 360 SAS,1,0,0,0,23.0,SOMOS 360,,,
Sonae,1,0,0,0,31.0,SONAE,,,
Sonde3,1,0,0,0,34.0,SONDE3,,,
Sopra Steria,1,0,0,0,24.0,SOPRA STERIA,,,
Sorenson Communications,1,0,0,0,33.0,SORENSON COMMUNICATIONS,,,
Sotreq S/A,1,0,0,0,15.0,SOTREQ,,,
Source Resources Pvt. Limited,1,0,0,0,15.0,SOURCE RESOURCES PVT,,,
Sourcicle,1,0,0,0,15.0,SOURCICLE,,,
Southeastern Integrated Care,1,0,0,0,8.0,SOUTHEASTERN INTEGRATED CARE,,,
Sozial-Konzept AG,1,0,0,0,8.0,SOZIAL-KONZEPT,,,
SpaceDev,1,0,0,0,12.0,SPACEDEV,,,
Spark,1,0,0,0,18.0,SPARK,,,
Sparkasse Hannover,1,0,0,0,8.0,SPARKASSE HANNOVER,,,
Agro Pitangueira,1,0,0,0,15.0,AGRO PITANGUEIRA,,,
Spassu,1,0,0,0,18.0,SPASSU,,,
SpeedMart,1,0,0,0,31.0,SPEEDMART,,,
Spencer Ogden,1,0,0,0,21.0,SPENCER OGDEN,,,
Spilberg,1,0,0,0,22.0,SPILBERG,,,
Spilberg IT Dev Careers,1,0,0,0,25.0,SPILBERG IT DEV CAREERS,,,
Spinomenal,1,0,0,0,21.0,SPINOMENAL,,,
Agência FG,1,0,0,0,8.0,AGÊNCIA FG,,,
Spread Tecnologia,1,0,0,0,42.0,SPREAD TECNOLOGIA,,,
SprintHub,1,0,0,0,12.0,SPRINTHUB,,,
Squaredev,1,0,0,0,35.0,SQUAREDEV,,,
Squash Apps,1,0,0,0,35.0,SQUASH APPS,,,
Agência LK,1,0,0,0,20.0,AGÊNCIA LK,,,
Stadt Essen,1,0,0,0,12.0,STADT ESSEN,,,
Stadt Lünen,1,0,0,0,12.0,STADT LÜNEN,,,
Ahmedia,1,0,0,0,22.0,AHMEDIA,,,
Stahlhart Recruiting GmbH,1,0,0,0,18.0,STAHLHART RECRUITING,,,
Standard Chartered,1,0,0,0,8.0,STANDARD CHARTERED,,,
Ajuntament de Palma,1,0,0,0,8.0,AJUNTAMENT DE PALMA,,,
Stark Medien GmbH,1,0,0,0,8.0,STARK MEDIEN,,,
Statista,1,0,0,0,23.0,STATISTA,,,
StepWise,1,0,0,0,24.0,STEPWISE,,,
Stolt-Nielsen,1,0,0,0,26.0,STOLT-NIELSEN,,,
Storware,1,0,0,0,23.0,STORWARE,,,
Strata Community Insurance,1,0,0,0,27.0,STRATA COMMUNITY INSURANCE,,,
Strategio,1,0,0,0,21.0,STRATEGIO,,,
Strategy Institute,1,0,0,0,27.0,STRATEGY INSTITUTE,,,
Stratis | Strategic Impact Solutions,1,0,0,0,18.0,STRATIS | STRATEGIC IMPACT,,,
Stratum Group,1,0,0,0,25.0,STRATUM,,,
Akad Seguros,1,0,0,0,8.0,AKAD SEGUROS,,,
Aktios,1,0,0,0,31.0,AKTIOS,,,
Strong Point,1,0,0,0,30.0,STRONG POINT,,,
Studio Lyra,1,0,0,0,15.0,STUDIO LYRA,,,
Studio7,1,0,0,0,23.0,STUDIO7,,,
Stylest Boutique,1,0,0,0,8.0,STYLEST BOUTIQUE,,,
Stückle-Druck,1,0,0,0,8.0,STÜCKLE-DRUCK,,,
SulAmérica,1,0,0,0,23.0,SULAMÉRICA,,,
SumUp,1,0,0,0,33.0,SUMUP,,,
Suma Soft Pvt Ltd,1,0,0,0,15.0,SUMA SOFT PVT,,,
SunBelle México,1,0,0,0,26.0,SUNBELLE MÉXICO,,,
SunDevs,1,0,0,0,26.0,SUNDEVS,,,
Sunbit,1,0,0,0,18.0,SUNBIT,,,
Suominen Corporation,1,0,0,0,31.0,SUOMINEN,,,
Superhuman,1,0,0,0,27.0,SUPERHUMAN,,,
Support Farma,1,0,0,0,15.0,SUPPORT FARMA,,,
"Akvelon, Inc",1,0,0,0,37.0,AKVELON,,,
SweatWorks,1,0,0,0,15.0,SWEATWORKS,,,
Sweetpad,1,0,0,0,8.0,SWEETPAD,,,
Swiftly,1,0,0,0,21.0,SWIFTLY,,,
Swiss Post,1,0,0,0,18.0,SWISS POST,,,
Swiss Re,1,0,0,0,21.0,SWISS RE,,,
SwitchUp,1,0,0,0,16.0,SWITCHUP,,,
Sylkane,1,0,0,0,37.0,SYLKANE,,,
SymBio,1,0,0,0,19.0,SYMBIO,,,
Synapri,1,0,0,0,22.0,SYNAPRI,,,
Syneos Health via AMS,1,0,0,0,20.0,SYNEOS HEALTH VIA AMS,,,
Synergie Executive,1,0,0,0,30.0,SYNERGIE EXECUTIVE,,,
AkzoNobel,1,0,0,0,18.0,AKZONOBEL,,,
Syone,1,0,0,0,18.0,SYONE,,,
Albert Heijn,1,0,0,0,8.0,ALBERT HEIJN,,,
Alerta Médica,1,0,0,0,24.0,ALERTA MÉDICA,,,
SysPay,1,0,0,0,22.0,SYSPAY,,,
TAKING,1,0,0,0,30.0,TAKING,,,
TALENTIZE Pro Result,1,0,0,0,19.0,TALENTIZE PRO RESULT,,,
TAREA,1,0,0,0,8.0,TAREA,,,
TBG | The Bachrach Group,1,0,0,0,18.0,TBG | THE BACHRACH,,,
TD SYNNEX Multi-Country Area (Español),1,0,0,0,24.0,TD SYNNEX MULTI-COUNTRY AREA (ESPAÑOL),,,
TECLA,1,0,0,0,12.0,TECLA,,,
TECLAB,1,0,0,0,15.0,TECLAB,,,
Alexander Thamm [at],1,0,0,0,8.0,ALEXANDER THAMM [AT],,,
TEILOR,1,0,0,0,32.0,TEILOR,,,
TEMAK S.A,1,0,0,0,31.0,TEMAK,,,
TEN - Torres Eólicas do Nordeste,1,0,0,0,18.0,TEN - TORRES EÓLICAS DO NORDESTE,,,
TEN Information Management GmbH,1,0,0,0,8.0,TEN INFORMATION MANAGEMENT,,,
THACO Group,1,0,0,0,21.0,THACO,,,
THRYVE,1,0,0,0,18.0,THRYVE,,,
TI Automotive,1,0,0,0,15.0,TI AUTOMOTIVE,,,
TIMIA,1,0,0,0,27.0,TIMIA,,,
TITANS CZ,1,0,0,0,16.0,TITANS CZ,,,
TK Chauffeur-und Fahrservice GmbH,1,0,0,0,8.0,TK CHAUFFEUR-UND FAHRSERVICE,,,
TLNT Group,1,0,0,0,30.0,TLNT,,,
TLTD HR,1,0,0,0,21.0,TLTD HR,,,
TMF Group,1,0,0,0,33.0,TMF,,,
TMLabs,1,0,0,0,16.0,TMLABS,,,
TMT SA LLC,1,0,0,0,27.0,TMT,,,
TOP CABLE,1,0,0,0,18.0,TOP CABLE,,,
TOPBAND,1,0,0,0,25.0,TOPBAND,,,
TOPSTEP GmbH,1,0,0,0,25.0,TOPSTEP,,,
TORTORICI & PARTNERS,1,0,0,0,25.0,TORTORICI & PARTNERS,,,
TPC Logística Inteligente,1,0,0,0,8.0,TPC LOGÍSTICA INTELIGENTE,,,
TREND-IT,1,0,0,0,12.0,TREND-IT,,,
TRISUL VENDAS,1,0,0,0,12.0,TRISUL VENDAS,,,
TRIXXO Nederland,1,0,0,0,8.0,TRIXXO NEDERLAND,,,
TTB Board,1,0,0,0,12.0,TTB BOARD,,,
TWRT,1,0,0,0,34.0,TWRT,,,
Tabby,1,0,0,0,14.0,TABBY,,,
Taco Bell,1,0,0,0,9.0,TACO BELL,,,
AlfaPeople,1,0,0,0,17.0,ALFAPEOPLE,,,
TakenJobs,1,0,0,0,8.0,TAKENJOBS,,,
Talan Americas,1,0,0,0,8.0,TALAN AMERICAS,,,
Talando Recruitment,1,0,0,0,18.0,TALANDO RECRUITMENT,,,
Algar Telecom,1,0,0,0,33.0,ALGAR TELECOM,,,
Talent Match- Firma de Reclutamiento y selección,1,0,0,0,19.0,TALENT MATCH- FIRMA DE RECLUTAMIENTO Y SELECCIÓN,,,
Talent Nova,1,0,0,0,19.0,TALENT NOVA,,,
Talent Portus,1,0,0,0,22.0,TALENT PORTUS,,,
Talent Works RH,1,0,0,0,8.0,TALENT WORKS RH,,,
TalentCross,1,0,0,0,34.0,TALENTCROSS,,,
Algo,1,0,0,0,21.0,ALGO,,,
Talentfluss,1,0,0,0,12.0,TALENTFLUSS,,,
Talentful,1,0,0,0,12.0,TALENTFUL,,,
Algoworks,1,0,0,0,12.0,ALGOWORKS,,,
Alianzo,1,0,0,0,17.0,ALIANZO,,,
Talento,1,0,0,0,31.0,TALENTO,,,
Talento Humano Empresarial . Independent Professional,1,0,0,0,12.0,TALENTO HUMANO EMPRESARIAL . INDEPENDENT PROFESSIONAL,,,
Talento Incluir,1,0,0,0,30.0,TALENTO INCLUIR,,,
Talentschuppen,1,0,0,0,8.0,TALENTSCHUPPEN,,,
"Tanisha Systems, Inc",1,0,0,0,15.0,TANISHA SYSTEMS,,,
Tanta University,1,0,0,0,8.0,TANTA UNIVERSITY,,,
Tarco Aviation,1,0,0,0,11.0,TARCO AVIATION,,,
Tarento Group,1,0,0,0,23.0,TARENTO,,,
Target Recrutamento e Seleção,1,0,0,0,12.0,TARGET RECRUTAMENTO E SELEÇÃO,,,
Tarmac.IO,1,0,0,0,27.0,TARMAC.IO,,,
Alicorp,1,0,0,0,23.0,ALICORP,,,
Teachable,1,0,0,0,35.0,TEACHABLE,,,
Teal Talent,1,0,0,0,29.0,TEAL TALENT,,,
Team 1001,1,0,0,0,12.0,TEAM 1001,,,
Teamcore,1,0,0,0,27.0,TEAMCORE,,,
TekIntegral,1,0,0,0,22.0,TEKINTEGRAL,,,
Tekgence Inc,1,0,0,0,20.0,TEKGENCE,,,
Telasist,1,0,0,0,23.0,TELASIST,,,
Telefónica,1,0,0,0,34.0,TELEFÓNICA,,,
Teleios Recruitment Ltd,1,0,0,0,11.0,TELEIOS RECRUITMENT,,,
Alimentos Bloxom,1,0,0,0,28.0,ALIMENTOS BLOXOM,,,
Telespazio,1,0,0,0,8.0,TELESPAZIO,,,
Tempton,1,0,0,0,12.0,TEMPTON,,,
Tenaska,1,0,0,0,21.0,TENASKA,,,
Alium,1,0,0,0,19.0,ALIUM,,,
Tereos,1,0,0,0,23.0,TEREOS,,,
Allgemeine Rentenanstalt Pensionskasse,1,0,0,0,8.0,ALLGEMEINE RENTENANSTALT PENSIONSKASSE,,,
Terra,1,0,0,0,34.0,TERRA,,,
Texas Psychiatry Group,1,0,0,0,27.0,TEXAS PSYCHIATRY,,,
Texfyt | Nonwoven,1,0,0,0,31.0,TEXFYT | NONWOVEN,,,
The Champions Burger,1,0,0,0,31.0,THE CHAMPIONS BURGER,,,
The Chemours Company,1,0,0,0,24.0,THE CHEMOURS COMPANY,,,
The Citco Group Limited,1,0,0,0,22.0,THE CITCO,,,
The Electric Factory,1,0,0,0,34.0,THE ELECTRIC FACTORY,,,
Alliance Instalaciones y Mantenimientos,1,0,0,0,18.0,ALLIANCE INSTALACIONES Y MANTENIMIENTOS,,,
The Lubrizol Corporation,1,0,0,0,20.0,THE LUBRIZOL,,,
The Maxol Group,1,0,0,0,24.0,THE MAXOL,,,
The Play,1,0,0,0,18.0,THE PLAY,,,
The Squadron Israel - Hatayeset,1,0,0,0,15.0,THE SQUADRON ISRAEL - HATAYESET,,,
The Talent Care,1,0,0,0,12.0,THE TALENT CARE,,,
The University of Göttingen,1,0,0,0,8.0,THE UNIVERSITY OF GÖTTINGEN,,,
The University of Hong Kong,1,0,0,0,8.0,THE UNIVERSITY OF HONG KONG,,,
The University of Manchester,1,0,0,0,12.0,THE UNIVERSITY OF MANCHESTER,,,
The.NextGen GmbH,1,0,0,0,22.0,THE.NEXTGEN,,,
Thommes & Kollegen - Architekten und Ingenieur PartGmbB,1,0,0,0,8.0,THOMMES & KOLLEGEN - ARCHITEKTEN UND INGENIEUR PARTGMBB,,,
Thrivea,1,0,0,0,12.0,THRIVEA,,,
Tibber,1,0,0,0,19.0,TIBBER,,,
Tiendamia,1,0,0,0,22.0,TIENDAMIA,,,
Tiger Resourcing Group,1,0,0,0,15.0,TIGER RESOURCING,,,
Tigo Bolivia,1,0,0,0,19.0,TIGO BOLIVIA,,,
AllianceIT Inc,1,0,0,0,31.0,ALLIANCEIT,,,
Tikiwe® - Taschen aus Kork,1,0,0,0,8.0,TIKIWE® - TASCHEN AUS KORK,,,
Tilburg University,1,0,0,0,12.0,TILBURG UNIVERSITY,,,
Alliant Insurance Services,1,0,0,0,8.0,ALLIANT INSURANCE,,,
Timing,1,0,0,0,12.0,TIMING,,,
Tintschl Unternehmensgruppe,1,0,0,0,21.0,TINTSCHL UNTERNEHMENSGRUPPE,,,
Tismart,1,0,0,0,21.0,TISMART,,,
Tivia Tecnologia da Informação,1,0,0,0,18.0,TIVIA TECNOLOGIA DA INFORMAÇÃO,,,
Tivita,1,0,0,0,15.0,TIVITA,,,
To Do Green,1,0,0,0,12.0,TO DO GREEN,,,
To LEAD,1,0,0,0,30.0,TO LEAD,,,
Toledo Prudente Centro Universitário,1,0,0,0,8.0,TOLEDO PRUDENTE CENTRO UNIVERSITÁRIO,,,
Tontine Trust,1,0,0,0,23.0,TONTINE TRUST,,,
Top Management,1,0,0,0,19.0,TOP MANAGEMENT,,,
Allo Bank,1,0,0,0,24.0,ALLO BANK,,,
Toradex,1,0,0,0,14.0,TORADEX,,,
Torfresma,1,0,0,0,15.0,TORFRESMA,,,
Toss Bank(토스뱅크),1,0,0,0,12.0,TOSS BANK(토스뱅크),,,
Total Atacado,1,0,0,0,8.0,TOTAL ATACADO,,,
Toteat,1,0,0,0,25.0,TOTEAT,,,
Trade Republic,1,0,0,0,20.0,TRADE REPUBLIC,,,
Trading 212,1,0,0,0,14.0,TRADING 212,,,
TraffHub,1,0,0,0,16.0,TRAFFHUB,,,
Allstate,1,0,0,0,30.0,ALLSTATE,,,
Transbacini,1,0,0,0,8.0,TRANSBACINI,,,
Transcodezy IT Solutions Pvt. Ltd,1,0,0,0,28.0,TRANSCODEZY IT PVT,,,
Transportes Cavalinho,1,0,0,0,8.0,TRANSPORTES CAVALINHO,,,
Transsion,1,0,0,0,21.0,TRANSSION,,,
Travel Designer Group,1,0,0,0,21.0,TRAVEL DESIGNER,,,
Tredence Inc,1,0,0,0,39.0,TREDENCE,,,
Trend People,1,0,0,0,8.0,TREND PEOPLE,,,
Trendyol Group,1,0,0,0,23.0,TRENDYOL,,,
Tres Pi | Full-service Agency,1,0,0,0,25.0,TRES PI | FULL- AGENCY,,,
Tribanco,1,0,0,0,20.0,TRIBANCO,,,
TribuESK,1,0,0,0,18.0,TRIBUESK,,,
Tricura Insurance Group,1,0,0,0,26.0,TRICURA INSURANCE,,,
Almirall,1,0,0,0,35.0,ALMIRALL,,,
Trillion Health and Hormone,1,0,0,0,28.0,TRILLION HEALTH AND HORMONE,,,
Trimble Inc,1,0,0,0,19.0,TRIMBLE,,,
Troocoo,1,0,0,0,15.0,TROOCOO,,,
TrueNorth®,1,0,0,0,30.0,TRUENORTH®,,,
TruelyCrack,1,0,0,0,30.0,TRUELYCRACK,,,
Trupropel,1,0,0,0,31.0,TRUPROPEL,,,
TrustYou,1,0,0,0,20.0,TRUSTYOU,,,
Truviq Systems,1,0,0,0,18.0,TRUVIQ SYSTEMS,,,
TryHackMe,1,0,0,0,19.0,TRYHACKME,,,
Tu Terapia,1,0,0,0,8.0,TU TERAPIA,,,
TubeScience,1,0,0,0,8.0,TUBESCIENCE,,,
Tumodo,1,0,0,0,12.0,TUMODO,,,
Turivius,1,0,0,0,23.0,TURIVIUS,,,
Turn2C Consórcio Inteligente,1,0,0,0,11.0,TURN2C CONSÓRCIO INTELIGENTE,,,
Turner & Townsend,1,0,0,0,21.0,TURNER & TOWNSEND,,,
Türkerler Holding,1,0,0,0,12.0,TÜRKERLER,,,
"UNESP - Universidade Estadual Paulista ""Júlio de Mesquita Filho""",1,0,0,0,8.0,"UNESP - UNIVERSIDADE ESTADUAL PAULISTA ""JÚLIO DE MESQUITA FILHO""",,,
UNI7 - Centro Universitário 7 de Setembro,1,0,0,0,12.0,UNI7 - CENTRO UNIVERSITÁRIO 7 DE SETEMBRO,,,
UNITED MACHINING,1,0,0,0,28.0,UNITED MACHINING,,,
UPA 24H - Unidade de Pronto Atendimento,1,0,0,0,8.0,UPA 24H - UNIDADE DE PRONTO ATENDIMENTO,,,
UPS,1,0,0,0,42.0,UPS,,,
UPS Capital®,1,0,0,0,12.0,UPS CAPITAL®,,,
UPTURNco,1,0,0,0,25.0,UPTURNCO,,,
Ufes - Universidade Federal do Espírito Santo,1,0,0,0,8.0,UFES - UNIVERSIDADE FEDERAL DO ESPÍRITO SANTO,,,
Ultra,1,0,0,0,22.0,ULTRA,,,
Umbilical Advanced,1,0,0,0,22.0,UMBILICAL ADVANCED,,,
Aloft Hotels,1,0,0,0,40.0,ALOFT HOTELS,,,
Under Labz,1,0,0,0,19.0,UNDER LABZ,,,
Understanding Solutions,1,0,0,0,27.0,UNDERSTANDING,,,
UniFirst Corporation,1,0,0,0,24.0,UNIFIRST,,,
Unichristus,1,0,0,0,8.0,UNICHRISTUS,,,
Unico Skill,1,0,0,0,35.0,UNICO SKILL,,,
Unijorge,1,0,0,0,12.0,UNIJORGE,,,
Unilever,1,0,0,0,8.0,UNILEVER,,,
Unimad,1,0,0,0,23.0,UNIMAD,,,
Uniper,1,0,0,0,19.0,UNIPER,,,
Unit,1,0,0,0,8.0,UNIT,,,
Unite Talent,1,0,0,0,8.0,UNITE TALENT,,,
Unity,1,0,0,0,27.0,UNITY,,,
Universidad Católica del Uruguay,1,0,0,0,37.0,UNIVERSIDAD CATÓLICA DEL URUGUAY,,,
Universidad Mayor de San Simón,1,0,0,0,21.0,UNIVERSIDAD MAYOR DE SAN SIMÓN,,,
Universidad San Sebastián,1,0,0,0,12.0,UNIVERSIDAD SAN SEBASTIÁN,,,
Universidad de 'San Andrés',1,0,0,0,17.0,UNIVERSIDAD DE 'SAN ANDRÉS',,,
Universidad de los Andes (CL),1,0,0,0,21.0,UNIVERSIDAD DE LOS ANDES (CL),,,
Universidad del Alba,1,0,0,0,12.0,UNIVERSIDAD DEL ALBA,,,
Alpargatas S.A,1,0,0,0,11.0,ALPARGATAS,,,
Universidade Presbiteriana Mackenzie,1,0,0,0,8.0,UNIVERSIDADE PRESBITERIANA MACKENZIE,,,
Universitas Negeri Makassar,1,0,0,0,8.0,UNIVERSITAS NEGERI MAKASSAR,,,
Universitat Carlemany,1,0,0,0,8.0,UNIVERSITAT CARLEMANY,,,
University of Denver - Daniels College of Business,1,0,0,0,18.0,UNIVERSITY OF DENVER - DANIELS COLLEGE OF BUSINESS,,,
University of Luxembourg,1,0,0,0,12.0,UNIVERSITY OF LUXEMBOURG,,,
Upshifters,1,0,0,0,27.0,UPSHIFTERS,,,
Upstart 13,1,0,0,0,29.0,UPSTART 13,,,
Uptick,1,0,0,0,12.0,UPTICK,,,
Upwork,1,0,0,0,17.0,UPWORK,,,
Uscreen,1,0,0,0,20.0,USCREEN,,,
V.tal,1,0,0,0,24.0,V.TAL,,,
VARTEQ Inc,1,0,0,0,33.0,VARTEQ,,,
VBSO Advogados,1,0,0,0,27.0,VBSO ADVOGADOS,,,
VENTURIA LEGAL,1,0,0,0,18.0,VENTURIA LEGAL,,,
VExpenses,1,0,0,0,15.0,VEXPENSES,,,
VF Tecnologia e Inovação,1,0,0,0,20.0,VF TECNOLOGIA E INOVAÇÃO,,,
VFS Global,1,0,0,0,27.0,VFS,,,
VFX Financial,1,0,0,0,20.0,VFX FINANCIAL,,,
VINCI Energies,1,0,0,0,31.0,VINCI ENERGIES,,,
VMK Holding,1,0,0,0,12.0,VMK,,,
VORA,1,0,0,0,12.0,VORA,,,
VR,1,0,0,0,54.0,VR,,,
VR Bank Schleswig-Holstein Mitte,1,0,0,0,12.0,VR BANK SCHLESWIG-HOLSTEIN MITTE,,,
Valcon,1,0,0,0,21.0,VALCON,,,
Valense,1,0,0,0,21.0,VALENSE,,,
Valeria Industrióloga,1,0,0,0,28.0,VALERIA INDUSTRIÓLOGA,,,
Valero México,1,0,0,0,27.0,VALERO MÉXICO,,,
Valid,1,0,0,0,11.0,VALID,,,
Vallora Benefícios,1,0,0,0,12.0,VALLORA BENEFÍCIOS,,,
Valor Real Empreendimentos,1,0,0,0,8.0,VALOR REAL EMPREENDIMENTOS,,,
Valtre,1,0,0,0,28.0,VALTRE,,,
Value2Biz,1,0,0,0,31.0,VALUE2BIZ,,,
Alpha Only KLG,1,0,0,0,8.0,ALPHA ONLY KLG,,,
Van Hyde International,1,0,0,0,27.0,VAN HYDE INTERNATIONAL,,,
Van den Oudenrijn B.V,1,0,0,0,8.0,VAN DEN OUDENRIJN B.V,,,
VanesaRinaudo.HR,1,0,0,0,19.0,VANESARINAUDO.HR,,,
Vanguard,1,0,0,0,26.0,VANGUARD,,,
Varicent,1,0,0,0,18.0,VARICENT,,,
Various Companies,1,0,0,0,12.0,VARIOUS COMPANIES,,,
"Vasquez Law Firm, PLLC",1,0,0,0,27.0,"VASQUEZ LAW FIRM, PLLC",,,
Vehicle Certification Agency (VCA),1,0,0,0,24.0,VEHICLE CERTIFICATION AGENCY (VCA),,,
Veho,1,0,0,0,12.0,VEHO,,,
Veloe,1,0,0,0,27.0,VELOE,,,
Venfilter,1,0,0,0,27.0,VENFILTER,,,
Ventura TRAVEL,1,0,0,0,27.0,VENTURA TRAVEL,,,
Venture People,1,0,0,0,21.0,VENTURE PEOPLE,,,
VentureLink,1,0,0,0,25.0,VENTURELINK,,,
Venue GTM,1,0,0,0,20.0,VENUE GTM,,,
Verena Laumayer,1,0,0,0,12.0,VERENA LAUMAYER,,,
AlphaLit,1,0,0,0,29.0,ALPHALIT,,,
VeriiPro,1,0,0,0,22.0,VERIIPRO,,,
Verisure,1,0,0,0,21.0,VERISURE,,,
Verizon,1,0,0,0,27.0,VERIZON,,,
Vernalha Pereira,1,0,0,0,12.0,VERNALHA PEREIRA,,,
Veronezi Recursos Humanos,1,0,0,0,27.0,VERONEZI RECURSOS HUMANOS,,,
Vertex Agility Ltd,1,0,0,0,19.0,VERTEX AGILITY,,,
Vertical Falls LLC,1,0,0,0,23.0,VERTICAL FALLS,,,
AlphaSkill,1,0,0,0,25.0,ALPHASKILL,,,
Altare Servicios Profesionales,1,0,0,0,37.0,ALTARE SERVICIOS PROFESIONALES,,,
Vialaser Depilação,1,0,0,0,12.0,VIALASER DEPILAÇÃO,,,
Viamafia Fitness,1,0,0,0,18.0,VIAMAFIA FITNESS,,,
VinDynamics,1,0,0,0,31.0,VINDYNAMICS,,,
Vintelix,1,0,0,0,34.0,VINTELIX,,,
Viridien,1,0,0,0,12.0,VIRIDIEN,,,
Virtu GNL,1,0,0,0,25.0,VIRTU GNL,,,
Virtual Internships,1,0,0,0,15.0,VIRTUAL INTERNSHIPS,,,
Altus Engineering,1,0,0,0,24.0,ALTUS ENGINEERING,,,
Visible,1,0,0,0,15.0,VISIBLE,,,
Vision Cybersecurity,1,0,0,0,12.0,VISION CYBERSECURITY,,,
Visser & Van Baars,1,0,0,0,21.0,VISSER & VAN BAARS,,,
Visure Solutions,1,0,0,0,31.0,VISURE,,,
Vitoria - Recursos Humanos,1,0,0,0,30.0,VITORIA - RECURSOS HUMANOS,,,
Viva Republica (Toss),1,0,0,0,12.0,VIVA REPUBLICA (TOSS),,,
Viventium,1,0,0,0,31.0,VIVENTIUM,,,
Vocalis S.A.S,1,0,0,0,56.0,VOCALIS,,,
Volis,1,0,0,0,28.0,VOLIS,,,
Voltic Inc,1,0,0,0,27.0,VOLTIC,,,
Voluble Systems LLC,1,0,0,0,41.0,VOLUBLE SYSTEMS,,,
Alume,1,0,0,0,8.0,ALUME,,,
Vontier,1,0,0,0,28.0,VONTIER,,,
Vorbrix,1,0,0,0,27.0,VORBRIX,,,
Vp GmbH,1,0,0,0,28.0,VP,,,
WAGNER LIVING,1,0,0,0,12.0,WAGNER LIVING,,,
"WAN-IFRA, the World Association of News Publishers",1,0,0,0,12.0,"WAN-IFRA, THE WORLD ASSOCIATION OF NEWS PUBLISHERS",,,
WEBJUMP,1,0,0,0,8.0,WEBJUMP,,,
WEINIG HOLZ-HER Australia,1,0,0,0,18.0,WEINIG HOLZ-HER AUSTRALIA,,,
WIANCO OTT Robotics GmbH,1,0,0,0,23.0,WIANCO OTT ROBOTICS,,,
WIRTGEN GROUP,1,0,0,0,25.0,WIRTGEN,,,
WITHIN,1,0,0,0,28.0,WITHIN,,,
WK Personalberatung GmbH,1,0,0,0,12.0,WK PERSONALBERATUNG,,,
WM Gruppe,1,0,0,0,15.0,WM GRUPPE,,,
WP LAB,1,0,0,0,14.0,WP LAB,,,
WPP Media,1,0,0,0,22.0,WPP MEDIA,,,
WTime Business Intelligence,1,0,0,0,17.0,WTIME BUSINESS INTELLIGENCE,,,
WV Eventos LTDA,1,0,0,0,12.0,WV EVENTOS,,,
Wallpaper & Carpets Distributors (M) Sdn Bhd,1,0,0,0,27.0,WALLPAPER & CARPETS DISTRIBUTORS (M) SDN BHD,,,
Wand,1,0,0,0,32.0,WAND,,,
Warren Investimentos,1,0,0,0,30.0,WARREN INVESTIMENTOS,,,
Wazo International,1,0,0,0,18.0,WAZO INTERNATIONAL,,,
We Are Fiber,1,0,0,0,23.0,WE ARE FIBER,,,
We Are Pipol,1,0,0,0,21.0,WE ARE PIPOL,,,
WeCogno,1,0,0,0,18.0,WECOGNO,,,
Weatherford,1,0,0,0,8.0,WEATHERFORD,,,
Webmotors,1,0,0,0,21.0,WEBMOTORS,,,
WelHome,1,0,0,0,20.0,WELHOME,,,
Alvoar Lácteos,1,0,0,0,18.0,ALVOAR LÁCTEOS,,,
Wellz by Wellhub,1,0,0,0,12.0,WELLZ BY WELLHUB,,,
Wenger & Watson Inc,1,0,0,0,19.0,WENGER & WATSON,,,
Werving op Maat,1,0,0,0,21.0,WERVING OP MAAT,,,
West Monroe,1,0,0,0,15.0,WEST MONROE,,,
Westcoaching,1,0,0,0,8.0,WESTCOACHING,,,
Wheel the World,1,0,0,0,32.0,WHEEL THE WORLD,,,
WhyBrilliant,1,0,0,0,19.0,WHYBRILLIANT,,,
Always Fit Suplementos,1,0,0,0,25.0,ALWAYS FIT SUPLEMENTOS,,,
AmSpec Group,1,0,0,0,12.0,AMSPEC,,,
Amanda Figueira Ramos - Psicóloga CRP 08/39236,1,0,0,0,12.0,AMANDA FIGUEIRA RAMOS - PSICÓLOGA CRP 08/39236,,,
Wird,1,0,0,0,12.0,WIRD,,,
WirtschaftsTreuhand GmbH,1,0,0,0,31.0,WIRTSCHAFTSTREUHAND,,,
Wizards of the Coast,1,0,0,0,25.0,WIZARDS OF THE COAST,,,
Wizdaa,1,0,0,0,18.0,WIZDAA,,,
Wonga,1,0,0,0,12.0,WONGA,,,
Woodside Energy India,1,0,0,0,25.0,WOODSIDE ENERGY INDIA,,,
WorkIT,1,0,0,0,22.0,WORKIT,,,
Workstream,1,0,0,0,15.0,WORKSTREAM,,,
Woxer,1,0,0,0,20.0,WOXER,,,
Wylinka,1,0,0,0,21.0,WYLINKA,,,
Wyndham Garden,1,0,0,0,34.0,WYNDHAM GARDEN,,,
Württembergische Versicherung,1,0,0,0,12.0,WÜRTTEMBERGISCHE VERSICHERUNG,,,
XERIDIA,1,0,0,0,27.0,XERIDIA,,,
XRAYS TRADING,1,0,0,0,12.0,XRAYS TRADING,,,
XSITE Segurança da Informação,1,0,0,0,18.0,XSITE SEGURANÇA DA INFORMAÇÃO,,,
Xcellent Talents,1,0,0,0,8.0,XCELLENT TALENTS,,,
Xebia,1,0,0,0,33.0,XEBIA,,,
XentraView,1,0,0,0,15.0,XENTRAVIEW,,,
Amdocs,1,0,0,0,18.0,AMDOCS,,,
Xpantion,1,0,0,0,21.0,XPANTION,,,
Xperiun,1,0,0,0,34.0,XPERIUN,,,
XpertScout GmbH,1,0,0,0,25.0,XPERTSCOUT,,,
Xtedder,1,0,0,0,25.0,XTEDDER,,,
Amefruits,1,0,0,0,34.0,AMEFRUITS,,,
YHA Australia,1,0,0,0,22.0,YHA AUSTRALIA,,,
Yahoo,1,0,0,0,12.0,YAHOO,,,
Yalla Car - Aluguel de Carros,1,0,0,0,21.0,YALLA CAR - ALUGUEL DE CARROS,,,
Yaman,1,0,0,0,18.0,YAMAN,,,
Yara International,1,0,0,0,31.0,YARA INTERNATIONAL,,,
Yochana,1,0,0,0,44.0,YOCHANA,,,
Yochana IT Solutions INC,1,0,0,0,25.0,YOCHANA IT,,,
YouDare,1,0,0,0,8.0,YOUDARE,,,
Young Talents GmbH,1,0,0,0,15.0,YOUNG TALENTS,,,
ZAFIRO TELECOM,1,0,0,0,25.0,ZAFIRO TELECOM,,,
ZAGALABS,1,0,0,0,37.0,ZAGALABS,,,
ZAVAZ Media Group,1,0,0,0,25.0,ZAVAZ MEDIA,,,
ZEISS Group,1,0,0,0,22.0,ZEISS,,,
ZEROGATE,1,0,0,0,15.0,ZEROGATE,,,
ZF Group,1,0,0,0,11.0,ZF,,,
ZTRIC India Pvt Ltd,1,0,0,0,23.0,ZTRIC INDIA PVT,,,
Zaelot,1,0,0,0,26.0,ZAELOT,,,
ZapSign,1,0,0,0,21.0,ZAPSIGN,,,
Amenitiz,1,0,0,0,28.0,AMENITIZ,,,
Zenklub,1,0,0,0,12.0,ZENKLUB,,,
American Red Cross,1,0,0,0,23.0,AMERICAN RED CROSS,,,
Zeta Dados,1,0,0,0,25.0,ZETA DADOS,,,
ZeuZ,1,0,0,0,31.0,ZEUZ,,,
Zillow,1,0,0,0,28.0,ZILLOW,,,
Zinier,1,0,0,0,25.0,ZINIER,,,
Zixbe,1,0,0,0,19.0,ZIXBE,,,
Zocius Integración y Servicios,1,0,0,0,27.0,ZOCIUS INTEGRACIÓN Y SERVICIOS,,,
Zortify,1,0,0,0,25.0,ZORTIFY,,,
Zubale,1,0,0,0,13.0,ZUBALE,,,
abtis,1,0,0,0,25.0,ABTIS,,,
acaso,1,0,0,0,28.0,ACASO,,,
adaption,1,0,0,0,8.0,ADAPTION,,,
addendum Pro,1,0,0,0,24.0,ADDENDUM PRO,,,
adorsys,1,0,0,0,20.0,ADORSYS,,,
Amgen,1,0,0,0,18.0,AMGEN,,,
ambass GmbH,1,0,0,0,18.0,AMBASS,,,
apoprojekt,1,0,0,0,22.0,APOPROJEKT,,,
area51,1,0,0,0,22.0,AREA51,,,
artax,1,0,0,0,23.0,ARTAX,,,
Amherst,1,0,0,0,15.0,AMHERST,,,
astara,1,0,0,0,20.0,ASTARA,,,
atelier TILIJA,1,0,0,0,19.0,ATELIER TILIJA,,,
axity,1,0,0,0,37.0,AXITY,,,
bSide,1,0,0,0,12.0,BSIDE,,,
backlgrs,1,0,0,0,12.0,BACKLGRS,,,
Amicar,1,0,0,0,21.0,AMICAR,,,
barrahache,1,0,0,0,19.0,BARRAHACHE,,,
beecrowd,1,0,0,0,19.0,BEECROWD,,,
Amigo Cuida,1,0,0,0,8.0,AMIGO CUIDA,,,
bindan.group GmbH & Co. KG,1,0,0,0,12.0,BINDAN. & CO,,,
capacura,1,0,0,0,9.0,CAPACURA,,,
Amil,1,0,0,0,8.0,AMIL,,,
chreative,1,0,0,0,19.0,CHREATIVE,,,
comblack,1,0,0,0,22.0,COMBLACK,,,
connexta,1,0,0,0,12.0,CONNEXTA,,,
conrizon AG,1,0,0,0,21.0,CONRIZON,,,
contagi,1,0,0,0,14.0,CONTAGI,,,
coretress GmbH,1,0,0,0,8.0,CORETRESS,,,
cuBec,1,0,0,0,12.0,CUBEC,,,
Amoreza,1,0,0,0,20.0,AMOREZA,,,
dbm contact center,1,0,0,0,15.0,DBM CONTACT CENTER,,,
deRecruiters.com,1,0,0,0,24.0,DERECRUITERS.COM,,,
Amorix Alimentos,1,0,0,0,24.0,AMORIX ALIMENTOS,,,
descargo.es,1,0,0,0,18.0,DESCARGO.ES,,,
develop,1,0,0,0,19.0,DEVELOP,,,
dhauz,1,0,0,0,35.0,DHAUZ,,,
dnata,1,0,0,0,20.0,DNATA,,,
dr. Fuchs Personalberatung,1,0,0,0,31.0,DR. FUCHS PERSONALBERATUNG,,,
e-Safer,1,0,0,0,12.0,E-SAFER,,,
eleQtron GmbH,1,0,0,0,18.0,ELEQTRON,,,
emnify,1,0,0,0,35.0,EMNIFY,,,
Analítica Soluções Inovadoras,1,0,0,0,21.0,ANALÍTICA SOLUÇÕES INOVADORAS,,,
epostbox,1,0,0,0,19.0,EPOSTBOX,,,
finbyte,1,0,0,0,17.0,FINBYTE,,,
five degrees,1,0,0,0,12.0,FIVE DEGREES,,,
five5in GmbH,1,0,0,0,18.0,FIVE5IN,,,
foRHum,1,0,0,0,15.0,FORHUM,,,
freiberuflich tätig,1,0,0,0,40.0,FREIBERUFLICH TÄTIG,,,
fundcraft,1,0,0,0,23.0,FUNDCRAFT,,,
gente seguradora,1,0,0,0,18.0,GENTE SEGURADORA,,,
go2Win,1,0,0,0,17.0,GO2WIN,,,
hamrah mobin maham arvand,1,0,0,0,24.0,HAMRAH MOBIN MAHAM ARVAND,,,
harpix,1,0,0,0,27.0,HARPIX,,,
Ancar,1,0,0,0,27.0,ANCAR,,,
hyrUP GmbH,1,0,0,0,19.0,HYRUP,,,
i9edu,1,0,0,0,30.0,I9EDU,,,
iBASIS,1,0,0,0,27.0,IBASIS,,,
iBoost Talent Raleigh South,1,0,0,0,22.0,IBOOST TALENT RALEIGH SOUTH,,,
iCube - Direction informatique Castel,1,0,0,0,18.0,ICUBE - DIRECTION INFORMATIQUE CASTEL,,,
iU Corp,1,0,0,0,27.0,IU,,,
iUNGO,1,0,0,0,17.0,IUNGO,,,
ieTeam Consultores,1,0,0,0,15.0,IETEAM CONSULTORES,,,
ilegra,1,0,0,0,17.0,ILEGRA,,,
inVentiv,1,0,0,0,8.0,INVENTIV,,,
inovex GmbH,1,0,0,0,12.0,INOVEX,,,
interpool,1,0,0,0,25.0,INTERPOOL,,,
isolutions AG,1,0,0,0,20.0,ISOLUTIONS,,,
itscout365,1,0,0,0,12.0,ITSCOUT365,,,
iwantpro,1,0,0,0,25.0,IWANTPRO,,,
klavi,1,0,0,0,15.0,KLAVI,,,
knowmad mood,1,0,0,0,19.0,KNOWMAD MOOD,,,
latex,1,0,0,0,18.0,LATEX,,,
mSupply,1,0,0,0,18.0,MSUPPLY,,,
malomatia,1,0,0,0,25.0,MALOMATIA,,,
marco,1,0,0,0,21.0,MARCO,,,
mattilda,1,0,0,0,24.0,MATTILDA,,,
micro1,1,0,0,0,12.0,MICRO1,,,
moOngy,1,0,0,0,27.0,MOONGY,,,
n1co,1,0,0,0,12.0,N1CO,,,
nectar,1,0,0,0,30.0,NECTAR,,,
&V Recruitment,1,0,0,0,15.0,&V RECRUITMENT,,,
toom Baumarkt,1,0,0,0,8.0,TOOM BAUMARKT,,,
tweeaconnect,1,0,0,0,11.0,TWEEACONNECT,,,
univativ GmbH,1,0,0,0,25.0,UNIVATIV,,,
valantic,1,0,0,0,25.0,VALANTIC,,,
voize,1,0,0,0,12.0,VOIZE,,,
wehandle,1,0,0,0,26.0,WEHANDLE,,,
yampa - Gestão Financeira,1,0,0,0,8.0,YAMPA - GESTÃO FINANCEIRA,,,
yellow.rec,1,0,0,0,25.0,YELLOW.REC,,,
®CS Global IT ☁,1,0,0,0,43.0,®CS IT ☁,,,
Árbore Engenharia,1,0,0,0,20.0,ÁRBORE ENGENHARIA,,,
Самозайнятий,1,0,0,0,11.0,САМОЗАЙНЯТИЙ,,,
نشریه سامانه نو | New Samaneh Magazine,1,0,0,0,15.0,نشریه سامانه نو | NEW SAMANEH MAGAZINE,,,
金风科技,1,0,0,0,8.0,金风科技,,,
카카오픽코마 (kakaopiccoma),1,0,0,0,31.0,카카오픽코마 (KAKAOPICCOMA),,,
ADEPARA,1,0,0,0,12.0,ADEPARA,,,
nexwave,1,0,0,0,27.0,NEXWAVE,,,
200DEV,1,0,0,0,8.0,200DEV,,,
2a Vara civil do Foro da Comarca de Canela,1,0,0,0,12.0,2A VARA CIVIL DO FORO DA COMARCA DE CANELA,,,
3 Sixty Padel,1,0,0,0,34.0,3 SIXTY PADEL,,,
4sight Metrics,1,0,0,0,20.0,4SIGHT METRICS,,,
4zOOm - Business Solution,1,0,0,0,16.0,4ZOOM - BUSINESS SOLUTION,,,
500 Designs,1,0,0,0,18.0,500 DESIGNS,,,
7-Eleven,1,0,0,0,23.0,7-ELEVEN,,,
8020REI,1,0,0,0,18.0,8020REI,,,
@Hyatt Ziva Madeira Resort Spa & Marina,1,0,0,0,12.0,@HYATT ZIVA MADEIRA RESORT & MARINA,,,
Anhanguera Educacional,1,0,0,0,8.0,ANHANGUERA EDUCACIONAL,,,
AA Euro Group,1,0,0,0,15.0,AA EURO,,,
AB Mauri Uruguay (Fleischmann - Terry),1,0,0,0,56.0,AB MAURI URUGUAY (FLEISCHMANN - TERRY),,,
ACHS,1,0,0,0,12.0,ACHS,,,
"Anitec - Associação Nacional de Inovação, Trabalho e Educação Corporativa",1,0,0,0,12.0,"ANITEC - ASSOCIAÇÃO NACIONAL DE INOVAÇÃO, TRABALHO E EDUCAÇÃO CORPORATIVA",,,
tecmentor,1,0,0,0,46.0,TECMENTOR,,,
