company_name,normalized_company,current_bucket,suggested_bucket,suggested_category,confidence,manual_review_required,matched_connection_count,matched_recruiters,matched_talent_acquisition,matched_hiring_managers,matched_data_leaders,matched_top_contacts,matched_untapped_contacts,matched_lead_reactivation_contacts,matched_inbound_opportunities,matched_usd_crm_leads,matched_soft_closed_leads,followed_company_signal,recently_followed_signal,message_history_signal,opportunity_history_signal,usd_signal,latam_signal,us_canada_signal,spain_eu_signal,global_staffing_signal,global_consulting_signal,reason_short,impact_if_mapped,priority_score,yaml_suggestion
QuintoAndar,quintoandar,NEEDS_COMPANY_MAPPING,GLOBAL_OPPORTUNITY,,0.55,True,13,0,0,1,0,0,9,4,0,1,0,False,False,True,True,False,False,False,False,False,False,"recruiter/TA or opportunity-history signal present, region unresolved",10,125,"  ""quintoandar"": {market: GLOBAL_OPPORTUNITY_UNRESOLVED_REGION, category: GLOBAL_OPPORTUNITY}"
DIS AG,dis,NEEDS_COMPANY_MAPPING,GLOBAL_OPPORTUNITY,,0.55,True,10,1,0,0,0,0,8,2,0,0,0,False,False,True,True,False,False,False,False,False,False,"recruiter/TA or opportunity-history signal present, region unresolved",9,107,"  ""dis ag"": {market: GLOBAL_OPPORTUNITY_UNRESOLVED_REGION, category: GLOBAL_OPPORTUNITY}"
Shopee,shopee,NEEDS_COMPANY_MAPPING,GLOBAL_OPPORTUNITY,,0.55,True,10,0,0,0,1,0,7,3,0,1,0,False,False,True,True,False,False,False,False,False,False,"recruiter/TA or opportunity-history signal present, region unresolved",6,80,"  ""shopee"": {market: GLOBAL_OPPORTUNITY_UNRESOLVED_REGION, category: GLOBAL_OPPORTUNITY}"
SAUTER,sauter,NEEDS_COMPANY_MAPPING,GLOBAL_OPPORTUNITY,,0.55,True,6,0,1,0,0,0,1,5,0,4,0,False,False,True,True,False,False,False,False,False,False,"recruiter/TA or opportunity-history signal present, region unresolved",4,71,"  ""sauter"": {market: GLOBAL_OPPORTUNITY_UNRESOLVED_REGION, category: GLOBAL_OPPORTUNITY}
  ""sauter"": {market: GLOBAL_OPPORTUNITY_UNRESOLVED_REGION, category: GLOBAL_OPPORTUNITY}"
EloGroup,elogroup,NEEDS_COMPANY_MAPPING,GLOBAL_OPPORTUNITY,,0.55,True,10,0,0,0,1,0,8,2,0,0,0,False,False,True,True,False,False,False,False,False,False,"recruiter/TA or opportunity-history signal present, region unresolved",5,65,"  ""elogroup"": {market: GLOBAL_OPPORTUNITY_UNRESOLVED_REGION, category: GLOBAL_OPPORTUNITY}"
Cadastra,cadastra,NEEDS_COMPANY_MAPPING,GLOBAL_OPPORTUNITY,,0.55,True,9,0,2,0,0,0,8,1,0,1,0,False,False,True,True,False,False,False,False,False,False,"recruiter/TA or opportunity-history signal present, region unresolved",4,62,"  ""cadastra"": {market: GLOBAL_OPPORTUNITY_UNRESOLVED_REGION, category: GLOBAL_OPPORTUNITY}"
Grupo MAG,grupo mag,NEEDS_COMPANY_MAPPING,GLOBAL_OPPORTUNITY,,0.55,True,6,0,0,0,0,0,5,1,0,1,0,False,False,True,True,False,False,False,False,False,False,"recruiter/TA or opportunity-history signal present, region unresolved",5,61,"  ""grupo mag"": {market: GLOBAL_OPPORTUNITY_UNRESOLVED_REGION, category: GLOBAL_OPPORTUNITY}"
NUMEN,numen,NEEDS_COMPANY_MAPPING,GLOBAL_OPPORTUNITY,,0.55,True,6,0,0,0,0,0,3,3,0,0,0,False,False,True,True,False,False,False,False,False,False,"recruiter/TA or opportunity-history signal present, region unresolved",5,59,"  ""numen"": {market: GLOBAL_OPPORTUNITY_UNRESOLVED_REGION, category: GLOBAL_OPPORTUNITY}"
Datum,datum,NEEDS_COMPANY_MAPPING,GLOBAL_OPPORTUNITY,,0.55,True,11,0,1,0,1,0,8,3,0,2,0,False,False,True,True,False,False,False,False,False,False,"recruiter/TA or opportunity-history signal present, region unresolved",3,59,"  ""datum"": {market: GLOBAL_OPPORTUNITY_UNRESOLVED_REGION, category: GLOBAL_OPPORTUNITY}"
Progressive Recruitment,progressive recruitment,NEEDS_COMPANY_MAPPING,GLOBAL_STAFFING,GLOBAL_STAFFING,0.8,True,5,0,0,0,0,0,4,1,0,0,0,False,False,True,True,False,False,False,False,True,False,staffing/recruiting keyword in company name,5,56,"  ""progressive recruitment"": {market: GLOBAL_STAFFING, category: GLOBAL_STAFFING}"
Taylor Hopkinson | Powered by Brunel,taylor hopkinson | powered by brunel,NEEDS_COMPANY_MAPPING,NEEDS_COMPANY_MAPPING,,0.0,True,6,0,0,0,0,0,6,0,0,0,0,False,False,False,False,False,False,False,False,False,False,"no keyword, dictionary, persona, or message signal found — needs manual research",5,56,
Confidential,confidential,NEEDS_COMPANY_MAPPING,GLOBAL_OPPORTUNITY,,0.55,True,5,1,0,0,0,0,4,1,0,1,0,False,False,True,True,False,False,False,False,False,False,"recruiter/TA or opportunity-history signal present, region unresolved",4,55,"  ""confidential"": {market: GLOBAL_OPPORTUNITY_UNRESOLVED_REGION, category: GLOBAL_OPPORTUNITY}"
Neon,neon,NEEDS_COMPANY_MAPPING,GLOBAL_OPPORTUNITY,,0.55,True,4,0,0,0,0,0,1,3,0,2,0,False,False,True,True,False,False,False,False,False,False,"recruiter/TA or opportunity-history signal present, region unresolved",4,55,"  ""neon"": {market: GLOBAL_OPPORTUNITY_UNRESOLVED_REGION, category: GLOBAL_OPPORTUNITY}"
Hotmart,hotmart,NEEDS_COMPANY_MAPPING,GLOBAL_OPPORTUNITY,,0.55,True,7,0,0,1,1,0,6,1,0,0,0,False,False,True,True,False,False,False,False,False,False,"recruiter/TA or opportunity-history signal present, region unresolved",4,55,"  ""hotmart"": {market: GLOBAL_OPPORTUNITY_UNRESOLVED_REGION, category: GLOBAL_OPPORTUNITY}"
Compass UOL,compass uol,NEEDS_COMPANY_MAPPING,NEEDS_COMPANY_MAPPING,,0.0,True,10,0,0,0,1,0,9,1,0,0,0,False,False,True,False,False,False,False,False,False,False,"no keyword, dictionary, persona, or message signal found — needs manual research",4,54,
Maxxi,maxxi,NEEDS_COMPANY_MAPPING,GLOBAL_OPPORTUNITY,,0.55,True,6,1,0,0,1,0,2,4,0,4,0,False,False,True,True,False,False,False,False,False,False,"recruiter/TA or opportunity-history signal present, region unresolved",2,54,"  ""maxxi"": {market: GLOBAL_OPPORTUNITY_UNRESOLVED_REGION, category: GLOBAL_OPPORTUNITY}"
Selbstständig,selbstständig,NEEDS_COMPANY_MAPPING,GLOBAL_OPPORTUNITY,,0.55,True,5,1,0,0,0,0,3,2,0,0,0,False,False,True,True,False,False,False,False,False,False,"recruiter/TA or opportunity-history signal present, region unresolved",4,52,"  ""selbstständig"": {market: GLOBAL_OPPORTUNITY_UNRESOLVED_REGION, category: GLOBAL_OPPORTUNITY}"
Elevation Group,elevation,NEEDS_COMPANY_MAPPING,GLOBAL_OPPORTUNITY,,0.55,True,4,0,0,0,0,0,3,1,0,1,0,False,False,True,True,False,False,False,False,False,False,"recruiter/TA or opportunity-history signal present, region unresolved",4,49,"  ""elevation"": {market: GLOBAL_OPPORTUNITY_UNRESOLVED_REGION, category: GLOBAL_OPPORTUNITY}
  ""elevation group"": {market: GLOBAL_OPPORTUNITY_UNRESOLVED_REGION, category: GLOBAL_OPPORTUNITY}"
banco BV,banco,NEEDS_COMPANY_MAPPING,GLOBAL_OPPORTUNITY,,0.55,True,8,0,0,0,0,0,7,1,0,0,0,False,False,True,True,False,False,False,False,False,False,"recruiter/TA or opportunity-history signal present, region unresolved",4,49,"  ""banco bv"": {market: GLOBAL_OPPORTUNITY_UNRESOLVED_REGION, category: GLOBAL_OPPORTUNITY}"
Kienbaum,kienbaum,NEEDS_COMPANY_MAPPING,NEEDS_COMPANY_MAPPING,,0.0,True,5,0,0,0,1,0,5,0,0,0,0,False,False,False,False,False,False,False,False,False,False,"no keyword, dictionary, persona, or message signal found — needs manual research",4,48,
Xepelin,xepelin,NEEDS_COMPANY_MAPPING,GLOBAL_OPPORTUNITY,,0.55,True,3,0,0,0,0,0,0,3,0,3,0,False,False,True,True,False,False,False,False,False,False,"recruiter/TA or opportunity-history signal present, region unresolved",3,48,"  ""xepelin"": {market: GLOBAL_OPPORTUNITY_UNRESOLVED_REGION, category: GLOBAL_OPPORTUNITY}"
Brunel,brunel,NEEDS_COMPANY_MAPPING,GLOBAL_OPPORTUNITY,,0.55,True,4,0,0,0,0,0,2,2,0,0,0,False,False,True,True,False,False,False,False,False,False,"recruiter/TA or opportunity-history signal present, region unresolved",4,46,"  ""brunel"": {market: GLOBAL_OPPORTUNITY_UNRESOLVED_REGION, category: GLOBAL_OPPORTUNITY}"
WAYON IT Solutions,wayon it,NEEDS_COMPANY_MAPPING,GLOBAL_OPPORTUNITY,GLOBAL_CONSULTING,0.55,True,5,2,0,0,0,0,2,3,0,2,0,False,False,True,True,False,False,False,False,False,True,generic 'solutions' keyword in company name (weak signal),2,46,"  ""wayon it solutions"": {market: GLOBAL_OPPORTUNITY_UNRESOLVED_REGION, category: GLOBAL_CONSULTING}"
Wellhub,wellhub,NEEDS_COMPANY_MAPPING,NEEDS_COMPANY_MAPPING,,0.0,True,4,0,0,0,0,0,4,0,0,0,0,False,False,False,False,False,False,False,False,False,False,"no keyword, dictionary, persona, or message signal found — needs manual research",4,44,
SulAmérica,sulamérica,NEEDS_COMPANY_MAPPING,GLOBAL_OPPORTUNITY,,0.55,True,8,1,0,0,0,0,5,3,0,2,0,False,False,True,True,False,False,False,False,False,False,"recruiter/TA or opportunity-history signal present, region unresolved",2,44,"  ""sulamérica"": {market: GLOBAL_OPPORTUNITY_UNRESOLVED_REGION, category: GLOBAL_OPPORTUNITY}"
The HEINEKEN Company,the heineken company,NEEDS_COMPANY_MAPPING,NEEDS_COMPANY_MAPPING,,0.0,True,4,0,0,0,0,0,4,0,0,0,0,False,False,False,False,False,False,False,False,False,False,"no keyword, dictionary, persona, or message signal found — needs manual research",4,44,
Straumann Group,straumann,NEEDS_COMPANY_MAPPING,GLOBAL_OPPORTUNITY,,0.55,True,5,0,1,0,1,0,4,1,0,0,0,False,False,True,True,False,False,False,False,False,False,"recruiter/TA or opportunity-history signal present, region unresolved",3,43,"  ""straumann group"": {market: GLOBAL_OPPORTUNITY_UNRESOLVED_REGION, category: GLOBAL_OPPORTUNITY}"
Natura,natura,NEEDS_COMPANY_MAPPING,GLOBAL_OPPORTUNITY,,0.55,True,8,0,0,1,0,0,7,1,0,0,0,False,False,True,True,False,False,False,False,False,False,"recruiter/TA or opportunity-history signal present, region unresolved",3,43,"  ""natura"": {market: GLOBAL_OPPORTUNITY_UNRESOLVED_REGION, category: GLOBAL_OPPORTUNITY}"
AltoQi,altoqi,NEEDS_COMPANY_MAPPING,GLOBAL_OPPORTUNITY,,0.55,True,7,0,1,0,0,0,6,1,0,0,0,False,False,True,True,False,False,False,False,False,False,"recruiter/TA or opportunity-history signal present, region unresolved",3,42,"  ""altoqi"": {market: GLOBAL_OPPORTUNITY_UNRESOLVED_REGION, category: GLOBAL_OPPORTUNITY}"
BEES,bees,NEEDS_COMPANY_MAPPING,GLOBAL_OPPORTUNITY,,0.55,True,4,0,0,0,1,0,3,1,0,1,0,False,False,True,True,False,False,False,False,False,False,"recruiter/TA or opportunity-history signal present, region unresolved",3,42,"  ""bees"": {market: GLOBAL_OPPORTUNITY_UNRESOLVED_REGION, category: GLOBAL_OPPORTUNITY}"
Ratbacher GmbH,ratbacher,NEEDS_COMPANY_MAPPING,GLOBAL_OPPORTUNITY,,0.55,True,4,0,0,0,1,0,3,1,0,1,0,False,False,True,True,False,False,False,False,False,False,"recruiter/TA or opportunity-history signal present, region unresolved",3,42,"  ""ratbacher gmbh"": {market: GLOBAL_OPPORTUNITY_UNRESOLVED_REGION, category: GLOBAL_OPPORTUNITY}"
Nelson Wilians Advogados,nelson wilians advogados,NEEDS_COMPANY_MAPPING,GLOBAL_OPPORTUNITY,,0.55,True,3,0,1,0,0,0,0,3,0,3,0,False,False,True,True,False,False,False,False,False,False,"recruiter/TA or opportunity-history signal present, region unresolved",2,42,"  ""nelson wilians advogados"": {market: GLOBAL_OPPORTUNITY_UNRESOLVED_REGION, category: GLOBAL_OPPORTUNITY}"
Banco Bmg,banco bmg,NEEDS_COMPANY_MAPPING,GLOBAL_OPPORTUNITY,,0.55,True,6,0,1,0,0,0,5,1,0,0,0,False,False,True,True,False,False,False,False,False,False,"recruiter/TA or opportunity-history signal present, region unresolved",3,41,"  ""banco bmg"": {market: GLOBAL_OPPORTUNITY_UNRESOLVED_REGION, category: GLOBAL_OPPORTUNITY}"
PetroReconcavo,petroreconcavo,NEEDS_COMPANY_MAPPING,NEEDS_COMPANY_MAPPING,,0.0,True,11,0,0,0,0,0,10,0,0,0,0,False,False,False,False,False,False,False,False,False,False,"no keyword, dictionary, persona, or message signal found — needs manual research",3,40,
Equifax I BoaVista,equifax i boavista,NEEDS_COMPANY_MAPPING,GLOBAL_OPPORTUNITY,,0.55,True,5,0,0,0,1,0,4,1,0,0,0,False,False,True,True,False,False,False,False,False,False,"recruiter/TA or opportunity-history signal present, region unresolved",3,39,"  ""equifax i boavista"": {market: GLOBAL_OPPORTUNITY_UNRESOLVED_REGION, category: GLOBAL_OPPORTUNITY}"
FERCHAU,ferchau,NEEDS_COMPANY_MAPPING,GLOBAL_OPPORTUNITY,,0.55,True,4,0,1,0,0,0,3,1,0,0,0,False,False,True,True,False,False,False,False,False,False,"recruiter/TA or opportunity-history signal present, region unresolved",3,39,"  ""ferchau"": {market: GLOBAL_OPPORTUNITY_UNRESOLVED_REGION, category: GLOBAL_OPPORTUNITY}"
Autônoma,autônoma,NEEDS_COMPANY_MAPPING,GLOBAL_OPPORTUNITY,,0.55,True,4,0,0,0,0,0,3,1,0,1,0,False,False,True,True,False,False,False,False,False,False,"recruiter/TA or opportunity-history signal present, region unresolved",3,39,"  ""autônoma"": {market: GLOBAL_OPPORTUNITY_UNRESOLVED_REGION, category: GLOBAL_OPPORTUNITY}"
Kenvue,kenvue,NEEDS_COMPANY_MAPPING,GLOBAL_OPPORTUNITY,,0.55,True,4,0,0,0,0,0,3,1,0,1,0,False,False,True,True,False,False,False,False,False,False,"recruiter/TA or opportunity-history signal present, region unresolved",3,39,"  ""kenvue"": {market: GLOBAL_OPPORTUNITY_UNRESOLVED_REGION, category: GLOBAL_OPPORTUNITY}"
Vericode,vericode,NEEDS_COMPANY_MAPPING,GLOBAL_OPPORTUNITY,,0.55,True,3,1,0,0,0,0,1,2,0,2,0,False,False,True,True,False,False,False,False,False,False,"recruiter/TA or opportunity-history signal present, region unresolved",2,38,"  ""vericode"": {market: GLOBAL_OPPORTUNITY_UNRESOLVED_REGION, category: GLOBAL_OPPORTUNITY}"
Gupy,gupy,NEEDS_COMPANY_MAPPING,GLOBAL_OPPORTUNITY,,0.55,True,3,0,0,0,0,0,1,1,0,1,0,False,False,True,True,False,False,False,False,False,False,"recruiter/TA or opportunity-history signal present, region unresolved",3,37,"  ""gupy"": {market: GLOBAL_OPPORTUNITY_UNRESOLVED_REGION, category: GLOBAL_OPPORTUNITY}"
Vetta,vetta,NEEDS_COMPANY_MAPPING,GLOBAL_OPPORTUNITY,,0.55,True,4,0,0,0,0,0,2,2,0,0,0,False,False,True,True,False,False,False,False,False,False,"recruiter/TA or opportunity-history signal present, region unresolved",3,36,"  ""vetta"": {market: GLOBAL_OPPORTUNITY_UNRESOLVED_REGION, category: GLOBAL_OPPORTUNITY}"
artevie group,artevie,NEEDS_COMPANY_MAPPING,GLOBAL_OPPORTUNITY,,0.55,True,3,0,0,0,0,0,0,3,0,0,0,False,False,True,True,False,False,False,False,False,False,"recruiter/TA or opportunity-history signal present, region unresolved",3,36,"  ""artevie group"": {market: GLOBAL_OPPORTUNITY_UNRESOLVED_REGION, category: GLOBAL_OPPORTUNITY}"
Delfia S/A,delfia,NEEDS_COMPANY_MAPPING,GLOBAL_OPPORTUNITY,,0.55,True,6,1,1,0,0,0,4,2,0,2,0,False,False,True,True,False,False,False,False,False,False,"recruiter/TA or opportunity-history signal present, region unresolved",1,35,"  ""delfia s/a"": {market: GLOBAL_OPPORTUNITY_UNRESOLVED_REGION, category: GLOBAL_OPPORTUNITY}"
Customertimes,customertimes,NEEDS_COMPANY_MAPPING,LATAM_USD_LIKELY,,0.7,True,3,0,1,0,0,0,1,2,1,0,0,False,False,True,True,True,True,True,False,False,False,LATAM signal from message/opportunity history,2,35,"  ""customertimes"": {market: LATAM_USD, category: GLOBAL_OPPORTUNITY}"
Hitachi Energy,hitachi energy,NEEDS_COMPANY_MAPPING,GLOBAL_OPPORTUNITY,,0.55,True,4,0,0,0,0,0,3,1,0,0,0,False,False,True,True,False,False,False,False,False,False,"recruiter/TA or opportunity-history signal present, region unresolved",3,35,"  ""hitachi energy"": {market: GLOBAL_OPPORTUNITY_UNRESOLVED_REGION, category: GLOBAL_OPPORTUNITY}"
Caterpillar Inc,caterpillar,NEEDS_COMPANY_MAPPING,GLOBAL_OPPORTUNITY,,0.55,True,3,0,0,0,0,0,2,1,0,0,0,False,False,True,True,False,False,False,False,False,False,"recruiter/TA or opportunity-history signal present, region unresolved",3,34,"  ""caterpillar inc"": {market: GLOBAL_OPPORTUNITY_UNRESOLVED_REGION, category: GLOBAL_OPPORTUNITY}"
K&K Talents,k&k talents,NEEDS_COMPANY_MAPPING,NEEDS_COMPANY_MAPPING,,0.0,True,4,0,0,0,0,0,4,0,0,0,0,False,False,False,False,False,False,False,False,False,False,"no keyword, dictionary, persona, or message signal found — needs manual research",3,34,
change,change,NEEDS_COMPANY_MAPPING,GLOBAL_OPPORTUNITY,,0.55,True,3,0,0,0,0,0,2,1,0,0,0,False,False,True,True,False,False,False,False,False,False,"recruiter/TA or opportunity-history signal present, region unresolved",3,34,"  ""change"": {market: GLOBAL_OPPORTUNITY_UNRESOLVED_REGION, category: GLOBAL_OPPORTUNITY}"
SOUTH SYSTEM,south system,NEEDS_COMPANY_MAPPING,GLOBAL_OPPORTUNITY,,0.55,True,3,0,0,0,0,0,2,1,0,0,0,False,False,True,True,False,False,False,False,False,False,"recruiter/TA or opportunity-history signal present, region unresolved",3,34,"  ""south system"": {market: GLOBAL_OPPORTUNITY_UNRESOLVED_REGION, category: GLOBAL_OPPORTUNITY}"
Sem Parar Corpay,sem parar corpay,NEEDS_COMPANY_MAPPING,NEEDS_COMPANY_MAPPING,,0.0,True,4,0,0,0,0,0,4,0,0,0,0,False,False,False,False,False,False,False,False,False,False,"no keyword, dictionary, persona, or message signal found — needs manual research",3,34,
Advance Auto Parts,advance auto parts,NEEDS_COMPANY_MAPPING,GLOBAL_OPPORTUNITY,,0.55,True,3,0,0,0,0,0,2,1,0,0,0,False,False,True,True,False,False,False,False,False,False,"recruiter/TA or opportunity-history signal present, region unresolved",3,34,"  ""advance auto parts"": {market: GLOBAL_OPPORTUNITY_UNRESOLVED_REGION, category: GLOBAL_OPPORTUNITY}"
Visagio,visagio,NEEDS_COMPANY_MAPPING,GLOBAL_OPPORTUNITY,,0.55,True,3,0,0,0,0,0,2,1,0,0,0,False,False,True,True,False,False,False,False,False,False,"recruiter/TA or opportunity-history signal present, region unresolved",3,34,"  ""visagio"": {market: GLOBAL_OPPORTUNITY_UNRESOLVED_REGION, category: GLOBAL_OPPORTUNITY}"
AXS Logistiek,axs logistiek,NEEDS_COMPANY_MAPPING,GLOBAL_OPPORTUNITY,,0.55,True,3,0,0,0,0,0,2,1,0,0,0,False,False,True,True,False,False,False,False,False,False,"recruiter/TA or opportunity-history signal present, region unresolved",3,34,"  ""axs logistiek"": {market: GLOBAL_OPPORTUNITY_UNRESOLVED_REGION, category: GLOBAL_OPPORTUNITY}"
Power Tuning,power tuning,NEEDS_COMPANY_MAPPING,NEEDS_COMPANY_MAPPING,,0.0,True,4,0,0,0,0,0,4,0,0,0,0,False,False,False,False,False,False,False,False,False,False,"no keyword, dictionary, persona, or message signal found — needs manual research",3,34,
Fami Capital,fami capital,NEEDS_COMPANY_MAPPING,NEEDS_COMPANY_MAPPING,,0.0,True,3,0,0,0,0,0,3,0,0,0,0,False,False,False,False,False,False,False,False,False,False,"no keyword, dictionary, persona, or message signal found — needs manual research",3,33,
Staan,staan,NEEDS_COMPANY_MAPPING,NEEDS_COMPANY_MAPPING,,0.0,True,3,0,0,0,0,0,3,0,0,0,0,False,False,False,False,False,False,False,False,False,False,"no keyword, dictionary, persona, or message signal found — needs manual research",3,33,
Takeda,takeda,NEEDS_COMPANY_MAPPING,GLOBAL_OPPORTUNITY,,0.55,True,4,0,1,0,0,0,3,1,0,1,0,False,False,True,True,False,False,False,False,False,False,"recruiter/TA or opportunity-history signal present, region unresolved",2,33,"  ""takeda"": {market: GLOBAL_OPPORTUNITY_UNRESOLVED_REGION, category: GLOBAL_OPPORTUNITY}"
Stadtwerke München GmbH,stadtwerke münchen,NEEDS_COMPANY_MAPPING,NEEDS_COMPANY_MAPPING,,0.0,True,3,0,0,0,0,0,3,0,0,0,0,False,False,False,False,False,False,False,False,False,False,"no keyword, dictionary, persona, or message signal found — needs manual research",3,33,
Intellias,intellias,NEEDS_COMPANY_MAPPING,NEEDS_COMPANY_MAPPING,,0.0,True,3,0,0,0,0,0,3,0,0,0,0,False,False,False,False,False,False,False,False,False,False,"no keyword, dictionary, persona, or message signal found — needs manual research",3,33,
Talent Match,talent match,NEEDS_COMPANY_MAPPING,GLOBAL_STAFFING,GLOBAL_STAFFING,0.8,True,3,0,0,0,0,0,3,0,0,0,0,False,False,False,False,False,False,False,False,True,False,staffing/recruiting keyword in company name,3,33,"  ""talent match"": {market: GLOBAL_STAFFING, category: GLOBAL_STAFFING}"
TPC Logística Inteligente,tpc logística inteligente,NEEDS_COMPANY_MAPPING,GLOBAL_OPPORTUNITY,,0.55,True,8,0,0,0,0,0,7,1,0,1,0,False,False,True,True,False,False,False,False,False,False,"recruiter/TA or opportunity-history signal present, region unresolved",2,33,"  ""tpc logística inteligente"": {market: GLOBAL_OPPORTUNITY_UNRESOLVED_REGION, category: GLOBAL_OPPORTUNITY}"
Tergos,tergos,NEEDS_COMPANY_MAPPING,NEEDS_COMPANY_MAPPING,,0.0,True,3,0,0,0,0,0,3,0,0,0,0,False,False,False,False,False,False,False,False,False,False,"no keyword, dictionary, persona, or message signal found — needs manual research",3,33,
Quartile,quartile,NEEDS_COMPANY_MAPPING,NEEDS_COMPANY_MAPPING,,0.0,True,3,0,0,0,0,0,3,0,0,0,0,False,False,False,False,False,False,False,False,False,False,"no keyword, dictionary, persona, or message signal found — needs manual research",3,33,
"ANP - Agência Nacional do Petróleo, Gás Natural e Biocombustíveis","anp - agência nacional do petróleo, gás natural e biocombustíveis",NEEDS_COMPANY_MAPPING,NEEDS_COMPANY_MAPPING,,0.0,True,3,0,0,0,0,0,3,0,0,0,0,False,False,False,False,False,False,False,False,False,False,"no keyword, dictionary, persona, or message signal found — needs manual research",3,33,
Azion,azion,NEEDS_COMPANY_MAPPING,GLOBAL_OPPORTUNITY,,0.55,True,4,0,2,0,0,0,1,3,0,2,0,False,False,True,True,False,False,False,False,False,False,"recruiter/TA or opportunity-history signal present, region unresolved",1,33,"  ""azion"": {market: GLOBAL_OPPORTUNITY_UNRESOLVED_REGION, category: GLOBAL_OPPORTUNITY}"
Aliare,aliare,NEEDS_COMPANY_MAPPING,NEEDS_COMPANY_MAPPING,,0.0,True,9,0,0,0,1,0,9,0,0,0,0,False,False,False,False,False,False,False,False,False,False,"no keyword, dictionary, persona, or message signal found — needs manual research",2,32,
LYNK Human Capital,lynk human capital,NEEDS_COMPANY_MAPPING,GLOBAL_OPPORTUNITY,,0.55,True,2,0,0,0,0,0,0,2,0,2,0,False,False,True,True,False,False,False,False,False,False,"recruiter/TA or opportunity-history signal present, region unresolved",2,32,"  ""lynk human capital"": {market: GLOBAL_OPPORTUNITY_UNRESOLVED_REGION, category: GLOBAL_OPPORTUNITY}"
Landeshauptstadt München,landeshauptstadt münchen,NEEDS_COMPANY_MAPPING,NEEDS_COMPANY_MAPPING,,0.0,True,3,0,0,0,0,0,2,0,0,0,0,False,False,False,False,False,False,False,False,False,False,"no keyword, dictionary, persona, or message signal found — needs manual research",3,32,
dLocal,dlocal,NEEDS_COMPANY_MAPPING,GLOBAL_OPPORTUNITY,,0.55,True,3,0,1,0,0,0,2,1,0,1,0,False,False,True,True,False,False,False,False,False,False,"recruiter/TA or opportunity-history signal present, region unresolved",2,32,"  ""dlocal"": {market: GLOBAL_OPPORTUNITY_UNRESOLVED_REGION, category: GLOBAL_OPPORTUNITY}"
Zensy,zensy,NEEDS_COMPANY_MAPPING,GLOBAL_OPPORTUNITY,,0.55,True,2,0,0,0,0,0,0,2,0,2,0,False,False,True,True,False,False,False,False,False,False,"recruiter/TA or opportunity-history signal present, region unresolved",2,32,"  ""zensy"": {market: GLOBAL_OPPORTUNITY_UNRESOLVED_REGION, category: GLOBAL_OPPORTUNITY}"
Sofist,sofist,NEEDS_COMPANY_MAPPING,GLOBAL_OPPORTUNITY,,0.55,True,2,0,0,0,0,0,0,2,0,2,0,False,False,True,True,False,False,False,False,False,False,"recruiter/TA or opportunity-history signal present, region unresolved",2,32,"  ""sofist"": {market: GLOBAL_OPPORTUNITY_UNRESOLVED_REGION, category: GLOBAL_OPPORTUNITY}"
A-Players,a-players,NEEDS_COMPANY_MAPPING,GLOBAL_OPPORTUNITY,,0.55,True,2,0,0,0,0,0,0,2,0,2,0,False,False,True,True,False,False,False,False,False,False,"recruiter/TA or opportunity-history signal present, region unresolved",2,32,"  ""a-players"": {market: GLOBAL_OPPORTUNITY_UNRESOLVED_REGION, category: GLOBAL_OPPORTUNITY}"
Empacar S.A,empacar,NEEDS_COMPANY_MAPPING,GLOBAL_OPPORTUNITY,,0.55,True,2,0,0,0,0,0,0,2,0,2,0,False,False,True,True,False,False,False,False,False,False,"recruiter/TA or opportunity-history signal present, region unresolved",2,32,"  ""empacar s.a"": {market: GLOBAL_OPPORTUNITY_UNRESOLVED_REGION, category: GLOBAL_OPPORTUNITY}"
Imperial Brands PLC,imperial brands,NEEDS_COMPANY_MAPPING,GLOBAL_OPPORTUNITY,,0.55,True,2,0,0,0,0,0,0,2,0,2,0,False,False,True,True,False,False,False,False,False,False,"recruiter/TA or opportunity-history signal present, region unresolved",2,32,"  ""imperial brands plc"": {market: GLOBAL_OPPORTUNITY_UNRESOLVED_REGION, category: GLOBAL_OPPORTUNITY}"
QUALIFICAR TI,qualificar ti,NEEDS_COMPANY_MAPPING,GLOBAL_OPPORTUNITY,,0.55,True,5,2,0,0,0,0,3,2,0,1,0,False,False,True,True,False,False,False,False,False,False,"recruiter/TA or opportunity-history signal present, region unresolved",1,31,"  ""qualificar ti"": {market: GLOBAL_OPPORTUNITY_UNRESOLVED_REGION, category: GLOBAL_OPPORTUNITY}"
Deel,deel,NEEDS_COMPANY_MAPPING,GLOBAL_OPPORTUNITY,,0.55,True,4,0,0,0,1,0,2,1,0,1,0,False,False,True,True,False,False,False,False,False,False,"recruiter/TA or opportunity-history signal present, region unresolved",2,31,"  ""deel"": {market: GLOBAL_OPPORTUNITY_UNRESOLVED_REGION, category: GLOBAL_OPPORTUNITY}"
Montreal Oficial,montreal oficial,NEEDS_COMPANY_MAPPING,GLOBAL_OPPORTUNITY,,0.55,True,3,1,0,0,0,1,1,2,0,2,0,False,False,True,True,False,False,False,False,False,False,"recruiter/TA or opportunity-history signal present, region unresolved",1,31,"  ""montreal oficial"": {market: GLOBAL_OPPORTUNITY_UNRESOLVED_REGION, category: GLOBAL_OPPORTUNITY}"
Caveo,caveo,NEEDS_COMPANY_MAPPING,GLOBAL_OPPORTUNITY,,0.55,True,4,0,0,0,0,0,2,2,0,1,0,False,False,True,True,False,False,False,False,False,False,"recruiter/TA or opportunity-history signal present, region unresolved",2,30,"  ""caveo"": {market: GLOBAL_OPPORTUNITY_UNRESOLVED_REGION, category: GLOBAL_OPPORTUNITY}"
Spassu,spassu,NEEDS_COMPANY_MAPPING,GLOBAL_OPPORTUNITY,,0.55,True,4,2,0,0,0,0,2,2,0,1,0,False,False,True,True,False,False,False,False,False,False,"recruiter/TA or opportunity-history signal present, region unresolved",1,30,"  ""spassu"": {market: GLOBAL_OPPORTUNITY_UNRESOLVED_REGION, category: GLOBAL_OPPORTUNITY}"
MATH Group,math,NEEDS_COMPANY_MAPPING,GLOBAL_OPPORTUNITY,,0.55,True,4,1,0,0,0,0,3,1,0,0,0,False,False,True,True,False,False,False,False,False,False,"recruiter/TA or opportunity-history signal present, region unresolved",2,30,"  ""math group"": {market: GLOBAL_OPPORTUNITY_UNRESOLVED_REGION, category: GLOBAL_OPPORTUNITY}
  ""math"": {market: GLOBAL_OPPORTUNITY_UNRESOLVED_REGION, category: GLOBAL_OPPORTUNITY}"
Horizontal Talent,horizontal talent,NEEDS_COMPANY_MAPPING,GLOBAL_STAFFING,GLOBAL_STAFFING,0.8,True,3,1,0,0,0,0,2,1,0,0,0,False,False,True,True,False,False,False,False,True,False,staffing/recruiting keyword in company name,2,29,"  ""horizontal talent"": {market: GLOBAL_STAFFING, category: GLOBAL_STAFFING}"
GlobalLogic,globallogic,NEEDS_COMPANY_MAPPING,LATAM_USD_LIKELY,,0.7,True,4,1,1,0,0,0,2,2,0,1,0,False,False,True,True,False,True,False,False,False,False,LATAM signal from message/opportunity history,1,29,"  ""globallogic"": {market: LATAM_USD, category: GLOBAL_OPPORTUNITY}"
PROPOSITO Human Capital Solutions,proposito human capital,NEEDS_COMPANY_MAPPING,GLOBAL_OPPORTUNITY,GLOBAL_CONSULTING,0.55,True,3,0,0,0,0,0,1,2,0,1,0,False,False,True,True,False,False,False,False,False,True,generic 'solutions' keyword in company name (weak signal),2,29,"  ""proposito human capital solutions"": {market: GLOBAL_OPPORTUNITY_UNRESOLVED_REGION, category: GLOBAL_CONSULTING}"
Infleet - Gestão de Frotas,infleet - gestão de frotas,NEEDS_COMPANY_MAPPING,GLOBAL_OPPORTUNITY,,0.55,True,4,0,0,0,0,0,3,1,0,1,0,False,False,True,True,False,False,False,False,False,False,"recruiter/TA or opportunity-history signal present, region unresolved",2,29,"  ""infleet - gestão de frotas"": {market: GLOBAL_OPPORTUNITY_UNRESOLVED_REGION, category: GLOBAL_OPPORTUNITY}"
Positivo Tecnologia,positivo tecnologia,NEEDS_COMPANY_MAPPING,GLOBAL_OPPORTUNITY,,0.55,True,4,0,0,0,0,0,3,1,0,1,0,False,False,True,True,False,False,False,False,False,False,"recruiter/TA or opportunity-history signal present, region unresolved",2,29,"  ""positivo tecnologia"": {market: GLOBAL_OPPORTUNITY_UNRESOLVED_REGION, category: GLOBAL_OPPORTUNITY}"
Ipiranga,ipiranga,NEEDS_COMPANY_MAPPING,NEEDS_COMPANY_MAPPING,,0.0,True,6,0,0,0,1,0,6,0,0,0,0,False,False,False,False,False,False,False,False,False,False,"no keyword, dictionary, persona, or message signal found — needs manual research",2,29,
Escola da Nuvem,escola da nuvem,NEEDS_COMPANY_MAPPING,GLOBAL_OPPORTUNITY,,0.55,True,3,0,0,0,0,0,2,1,0,1,0,False,False,True,True,False,False,False,False,False,False,"recruiter/TA or opportunity-history signal present, region unresolved",2,28,"  ""escola da nuvem"": {market: GLOBAL_OPPORTUNITY_UNRESOLVED_REGION, category: GLOBAL_OPPORTUNITY}"
Escale,escale,NEEDS_COMPANY_MAPPING,GLOBAL_OPPORTUNITY,,0.55,True,3,0,0,1,0,0,2,1,0,0,0,False,False,True,True,False,False,False,False,False,False,"recruiter/TA or opportunity-history signal present, region unresolved",2,28,"  ""escale"": {market: GLOBAL_OPPORTUNITY_UNRESOLVED_REGION, category: GLOBAL_OPPORTUNITY}"
amaxo GmbH,amaxo,NEEDS_COMPANY_MAPPING,GLOBAL_OPPORTUNITY,,0.55,True,3,0,0,0,1,0,1,2,0,0,0,False,False,True,True,False,False,False,False,False,False,"recruiter/TA or opportunity-history signal present, region unresolved",2,28,"  ""amaxo gmbh"": {market: GLOBAL_OPPORTUNITY_UNRESOLVED_REGION, category: GLOBAL_OPPORTUNITY}"
Projective Talent | Part of Projective Group,projective talent | part of projective,NEEDS_COMPANY_MAPPING,GLOBAL_STAFFING,GLOBAL_STAFFING,0.8,True,3,1,0,0,0,0,3,0,0,0,0,False,False,False,False,False,False,False,False,True,False,staffing/recruiting keyword in company name,2,28,"  ""projective talent | part of projective group"": {market: GLOBAL_STAFFING, category: GLOBAL_STAFFING}"
Lighthouse,lighthouse,NEEDS_COMPANY_MAPPING,GLOBAL_OPPORTUNITY,,0.55,True,3,1,0,0,0,0,3,0,0,0,0,False,False,False,False,False,False,False,False,False,False,"recruiter/TA or opportunity-history signal present, region unresolved",2,28,"  ""lighthouse"": {market: GLOBAL_OPPORTUNITY_UNRESOLVED_REGION, category: GLOBAL_OPPORTUNITY}"
Nordex Group,nordex,NEEDS_COMPANY_MAPPING,GLOBAL_OPPORTUNITY,,0.55,True,3,0,0,0,0,0,2,1,0,1,0,False,False,True,True,False,False,False,False,False,False,"recruiter/TA or opportunity-history signal present, region unresolved",2,28,"  ""nordex group"": {market: GLOBAL_OPPORTUNITY_UNRESOLVED_REGION, category: GLOBAL_OPPORTUNITY}"
Nortrez,nortrez,NEEDS_COMPANY_MAPPING,GLOBAL_OPPORTUNITY,,0.55,True,2,0,0,0,0,0,0,2,0,1,0,False,False,True,True,False,False,False,False,False,False,"recruiter/TA or opportunity-history signal present, region unresolved",2,28,"  ""nortrez"": {market: GLOBAL_OPPORTUNITY_UNRESOLVED_REGION, category: GLOBAL_OPPORTUNITY}"
Agibank,agibank,NEEDS_COMPANY_MAPPING,GLOBAL_OPPORTUNITY,,0.55,True,3,0,0,0,0,0,2,1,0,1,0,False,False,True,True,False,False,False,False,False,False,"recruiter/TA or opportunity-history signal present, region unresolved",2,28,"  ""agibank"": {market: GLOBAL_OPPORTUNITY_UNRESOLVED_REGION, category: GLOBAL_OPPORTUNITY}"
CAST,cast,NEEDS_COMPANY_MAPPING,GLOBAL_OPPORTUNITY,,0.55,True,3,0,0,0,0,0,2,1,0,1,0,False,False,True,True,False,False,False,False,False,False,"recruiter/TA or opportunity-history signal present, region unresolved",2,28,"  ""cast"": {market: GLOBAL_OPPORTUNITY_UNRESOLVED_REGION, category: GLOBAL_OPPORTUNITY}"
NVB Innovation Business,nvb innovation business,NEEDS_COMPANY_MAPPING,GLOBAL_OPPORTUNITY,,0.55,True,2,0,0,0,0,0,0,2,0,1,0,False,False,True,True,False,False,False,False,False,False,"recruiter/TA or opportunity-history signal present, region unresolved",2,28,"  ""nvb innovation business"": {market: GLOBAL_OPPORTUNITY_UNRESOLVED_REGION, category: GLOBAL_OPPORTUNITY}"
Ana Gaming,ana gaming,NEEDS_COMPANY_MAPPING,GLOBAL_OPPORTUNITY,,0.55,True,2,0,0,0,0,0,1,1,0,1,0,False,False,True,True,False,False,False,False,False,False,"recruiter/TA or opportunity-history signal present, region unresolved",2,27,"  ""ana gaming"": {market: GLOBAL_OPPORTUNITY_UNRESOLVED_REGION, category: GLOBAL_OPPORTUNITY}"
Apter,apter,NEEDS_COMPANY_MAPPING,GLOBAL_OPPORTUNITY,,0.55,True,2,0,0,0,0,0,1,1,0,1,0,False,False,True,True,False,False,False,False,False,False,"recruiter/TA or opportunity-history signal present, region unresolved",2,27,"  ""apter"": {market: GLOBAL_OPPORTUNITY_UNRESOLVED_REGION, category: GLOBAL_OPPORTUNITY}"
Revelo,revelo,NEEDS_COMPANY_MAPPING,NEEDS_COMPANY_MAPPING,,0.0,True,3,0,0,1,0,0,3,0,0,0,0,False,False,False,False,False,False,False,False,False,False,"no keyword, dictionary, persona, or message signal found — needs manual research",2,27,
John Deere,john deere,NEEDS_COMPANY_MAPPING,NEEDS_COMPANY_MAPPING,,0.0,True,3,0,0,1,0,0,3,0,0,0,0,False,False,False,False,False,False,False,False,False,False,"no keyword, dictionary, persona, or message signal found — needs manual research",2,27,
Luby,luby,NEEDS_COMPANY_MAPPING,GLOBAL_OPPORTUNITY,,0.55,True,2,0,0,0,0,0,1,1,0,1,0,False,False,True,True,False,False,False,False,False,False,"recruiter/TA or opportunity-history signal present, region unresolved",2,27,"  ""luby"": {market: GLOBAL_OPPORTUNITY_UNRESOLVED_REGION, category: GLOBAL_OPPORTUNITY}"
KIS Solutions,kis,NEEDS_COMPANY_MAPPING,GLOBAL_OPPORTUNITY,GLOBAL_CONSULTING,0.55,True,2,0,0,0,0,0,1,1,0,1,0,False,False,True,True,False,False,False,False,False,True,generic 'solutions' keyword in company name (weak signal),2,27,"  ""kis solutions"": {market: GLOBAL_OPPORTUNITY_UNRESOLVED_REGION, category: GLOBAL_CONSULTING}"
bet365,bet365,NEEDS_COMPANY_MAPPING,GLOBAL_OPPORTUNITY,,0.55,True,2,0,0,0,0,0,1,1,0,1,0,False,False,True,True,False,False,False,False,False,False,"recruiter/TA or opportunity-history signal present, region unresolved",2,27,"  ""bet365"": {market: GLOBAL_OPPORTUNITY_UNRESOLVED_REGION, category: GLOBAL_OPPORTUNITY}"
ValueNet Group,valuenet,NEEDS_COMPANY_MAPPING,GLOBAL_OPPORTUNITY,,0.55,True,3,0,1,0,0,0,3,0,0,0,0,False,False,False,False,False,False,False,False,False,False,"recruiter/TA or opportunity-history signal present, region unresolved",2,27,"  ""valuenet group"": {market: GLOBAL_OPPORTUNITY_UNRESOLVED_REGION, category: GLOBAL_OPPORTUNITY}"
Tenth Revolution Group,tenth revolution,NEEDS_COMPANY_MAPPING,GLOBAL_OPPORTUNITY,,0.55,True,2,0,0,0,0,0,1,1,0,1,0,False,False,True,True,False,False,False,False,False,False,"recruiter/TA or opportunity-history signal present, region unresolved",2,27,"  ""tenth revolution group"": {market: GLOBAL_OPPORTUNITY_UNRESOLVED_REGION, category: GLOBAL_OPPORTUNITY}"
E-IT,e-it,NEEDS_COMPANY_MAPPING,GLOBAL_OPPORTUNITY,,0.55,True,2,0,0,0,0,0,1,1,0,1,0,False,False,True,True,False,False,False,False,False,False,"recruiter/TA or opportunity-history signal present, region unresolved",2,27,"  ""e-it"": {market: GLOBAL_OPPORTUNITY_UNRESOLVED_REGION, category: GLOBAL_OPPORTUNITY}"
FICO,fico,NEEDS_COMPANY_MAPPING,GLOBAL_OPPORTUNITY,,0.55,True,2,0,0,0,0,0,1,1,0,1,0,False,False,True,True,False,False,False,False,False,False,"recruiter/TA or opportunity-history signal present, region unresolved",2,27,"  ""fico"": {market: GLOBAL_OPPORTUNITY_UNRESOLVED_REGION, category: GLOBAL_OPPORTUNITY}"
Softys,softys,NEEDS_COMPANY_MAPPING,GLOBAL_OPPORTUNITY,,0.55,True,2,0,0,0,0,0,1,1,0,1,0,False,False,True,True,False,False,False,False,False,False,"recruiter/TA or opportunity-history signal present, region unresolved",2,27,"  ""softys"": {market: GLOBAL_OPPORTUNITY_UNRESOLVED_REGION, category: GLOBAL_OPPORTUNITY}"
Simpress,simpress,NEEDS_COMPANY_MAPPING,GLOBAL_OPPORTUNITY,,0.55,True,3,0,0,0,1,0,2,2,0,2,0,False,False,True,True,False,False,False,False,False,False,"recruiter/TA or opportunity-history signal present, region unresolved",1,27,"  ""simpress"": {market: GLOBAL_OPPORTUNITY_UNRESOLVED_REGION, category: GLOBAL_OPPORTUNITY}"
Loft,loft,NEEDS_COMPANY_MAPPING,GLOBAL_OPPORTUNITY,,0.55,True,3,0,1,0,0,0,3,0,0,0,0,False,False,False,False,False,False,False,False,False,False,"recruiter/TA or opportunity-history signal present, region unresolved",2,27,"  ""loft"": {market: GLOBAL_OPPORTUNITY_UNRESOLVED_REGION, category: GLOBAL_OPPORTUNITY}"
Weatherford,weatherford,NEEDS_COMPANY_MAPPING,GLOBAL_OPPORTUNITY,,0.55,True,2,0,0,0,0,0,1,1,0,1,0,False,False,True,True,False,False,False,False,False,False,"recruiter/TA or opportunity-history signal present, region unresolved",2,27,"  ""weatherford"": {market: GLOBAL_OPPORTUNITY_UNRESOLVED_REGION, category: GLOBAL_OPPORTUNITY}"
Nexer Enterprise Applications,nexer enterprise applications,NEEDS_COMPANY_MAPPING,GLOBAL_OPPORTUNITY,,0.55,True,2,0,0,0,0,0,1,1,0,1,0,False,False,True,True,False,False,False,False,False,False,"recruiter/TA or opportunity-history signal present, region unresolved",2,27,"  ""nexer enterprise applications"": {market: GLOBAL_OPPORTUNITY_UNRESOLVED_REGION, category: GLOBAL_OPPORTUNITY}"
Philip Morris International,philip morris international,NEEDS_COMPANY_MAPPING,GLOBAL_OPPORTUNITY,,0.55,True,3,0,1,0,0,0,3,0,0,0,0,False,False,False,False,False,False,False,False,False,False,"recruiter/TA or opportunity-history signal present, region unresolved",2,27,"  ""philip morris international"": {market: GLOBAL_OPPORTUNITY_UNRESOLVED_REGION, category: GLOBAL_OPPORTUNITY}"
RED Global,red,NEEDS_COMPANY_MAPPING,NEEDS_COMPANY_MAPPING,,0.0,True,3,0,0,0,1,0,3,0,0,0,0,False,False,False,False,False,False,False,False,False,False,"no keyword, dictionary, persona, or message signal found — needs manual research",2,26,
Danone,danone,NEEDS_COMPANY_MAPPING,NEEDS_COMPANY_MAPPING,,0.0,True,3,0,0,0,1,0,3,0,0,0,0,False,False,False,False,False,False,False,False,False,False,"no keyword, dictionary, persona, or message signal found — needs manual research",2,26,
BMNS,bmns,NEEDS_COMPANY_MAPPING,GLOBAL_OPPORTUNITY,,0.55,True,2,0,1,0,0,0,0,2,0,2,1,False,False,True,True,False,False,False,False,False,False,"recruiter/TA or opportunity-history signal present, region unresolved",1,26,"  ""bmns"": {market: GLOBAL_OPPORTUNITY_UNRESOLVED_REGION, category: GLOBAL_OPPORTUNITY}"
empiriecom,empiriecom,NEEDS_COMPANY_MAPPING,NEEDS_COMPANY_MAPPING,,0.0,True,3,0,0,0,1,0,3,0,0,0,0,False,False,False,False,False,False,False,False,False,False,"no keyword, dictionary, persona, or message signal found — needs manual research",2,26,
Banco Carrefour,banco carrefour,NEEDS_COMPANY_MAPPING,GLOBAL_OPPORTUNITY,,0.55,True,5,0,0,0,0,0,4,1,0,0,0,False,False,True,True,False,False,False,False,False,False,"recruiter/TA or opportunity-history signal present, region unresolved",2,26,"  ""banco carrefour"": {market: GLOBAL_OPPORTUNITY_UNRESOLVED_REGION, category: GLOBAL_OPPORTUNITY}"
Periferia IT Group,periferia it,NEEDS_COMPANY_MAPPING,LATAM_USD_LIKELY,,0.7,True,2,0,1,0,0,0,0,2,0,2,0,False,False,True,True,False,True,False,False,False,False,LATAM signal from message/opportunity history,1,26,"  ""periferia it group"": {market: LATAM_USD, category: GLOBAL_OPPORTUNITY}"
Multiplica,multiplica,NEEDS_COMPANY_MAPPING,GLOBAL_OPPORTUNITY,,0.55,True,2,0,1,0,0,0,0,2,0,2,0,False,False,True,True,False,False,False,False,False,False,"recruiter/TA or opportunity-history signal present, region unresolved",1,26,"  ""multiplica"": {market: GLOBAL_OPPORTUNITY_UNRESOLVED_REGION, category: GLOBAL_OPPORTUNITY}"
Flash,flash,NEEDS_COMPANY_MAPPING,GLOBAL_OPPORTUNITY,,0.55,True,5,1,1,0,0,0,4,1,0,0,0,False,False,True,True,False,False,False,False,False,False,"recruiter/TA or opportunity-history signal present, region unresolved",1,25,"  ""flash"": {market: GLOBAL_OPPORTUNITY_UNRESOLVED_REGION, category: GLOBAL_OPPORTUNITY}"
Driva,driva,NEEDS_COMPANY_MAPPING,GLOBAL_OPPORTUNITY,,0.55,True,4,0,0,0,0,0,1,3,0,2,0,False,False,True,True,False,False,False,False,False,False,"recruiter/TA or opportunity-history signal present, region unresolved",1,25,"  ""driva"": {market: GLOBAL_OPPORTUNITY_UNRESOLVED_REGION, category: GLOBAL_OPPORTUNITY}"
Softplan,softplan,NEEDS_COMPANY_MAPPING,GLOBAL_OPPORTUNITY,,0.55,True,4,0,0,0,0,0,3,1,0,0,0,False,False,True,True,False,False,False,False,False,False,"recruiter/TA or opportunity-history signal present, region unresolved",2,25,"  ""softplan"": {market: GLOBAL_OPPORTUNITY_UNRESOLVED_REGION, category: GLOBAL_OPPORTUNITY}"
Grupo Vorp,grupo vorp,NEEDS_COMPANY_MAPPING,GLOBAL_OPPORTUNITY,,0.55,True,4,0,0,0,0,0,3,1,0,0,0,False,False,True,True,False,False,False,False,False,False,"recruiter/TA or opportunity-history signal present, region unresolved",2,25,"  ""grupo vorp"": {market: GLOBAL_OPPORTUNITY_UNRESOLVED_REGION, category: GLOBAL_OPPORTUNITY}"
ilegra,ilegra,NEEDS_COMPANY_MAPPING,GLOBAL_OPPORTUNITY,,0.55,True,5,2,0,0,0,0,5,0,0,0,0,False,False,False,False,False,False,False,False,False,False,"recruiter/TA or opportunity-history signal present, region unresolved",1,25,"  ""ilegra"": {market: GLOBAL_OPPORTUNITY_UNRESOLVED_REGION, category: GLOBAL_OPPORTUNITY}"
Radix,radix,NEEDS_COMPANY_MAPPING,NEEDS_COMPANY_MAPPING,,0.0,True,5,0,0,0,0,0,5,0,0,0,0,False,False,False,False,False,False,False,False,False,False,"no keyword, dictionary, persona, or message signal found — needs manual research",2,25,
Petrobahia S.A,petrobahia,NEEDS_COMPANY_MAPPING,NEEDS_COMPANY_MAPPING,,0.0,True,4,0,0,0,0,0,4,0,0,0,0,False,False,False,False,False,False,False,False,False,False,"no keyword, dictionary, persona, or message signal found — needs manual research",2,24,
Ascentt,ascentt,NEEDS_COMPANY_MAPPING,GLOBAL_OPPORTUNITY,,0.55,True,1,0,0,0,0,0,0,1,0,1,0,True,True,True,True,False,False,False,False,False,False,"recruiter/TA or opportunity-history signal present, region unresolved",1,24,"  ""ascentt"": {market: GLOBAL_OPPORTUNITY_UNRESOLVED_REGION, category: GLOBAL_OPPORTUNITY}"
BM VAGAS,bm vagas,NEEDS_COMPANY_MAPPING,GLOBAL_OPPORTUNITY,,0.55,True,3,1,0,0,0,0,1,2,0,1,0,False,False,True,True,False,False,False,False,False,False,"recruiter/TA or opportunity-history signal present, region unresolved",1,24,"  ""bm vagas"": {market: GLOBAL_OPPORTUNITY_UNRESOLVED_REGION, category: GLOBAL_OPPORTUNITY}"
First Decision,first decision,NEEDS_COMPANY_MAPPING,GLOBAL_OPPORTUNITY,,0.55,True,4,0,0,0,0,0,2,2,0,2,0,False,False,True,True,False,False,False,False,False,False,"recruiter/TA or opportunity-history signal present, region unresolved",1,24,"  ""first decision"": {market: GLOBAL_OPPORTUNITY_UNRESOLVED_REGION, category: GLOBAL_OPPORTUNITY}"
SysManager,sysmanager,NEEDS_COMPANY_MAPPING,GLOBAL_OPPORTUNITY,,0.55,True,3,0,0,0,0,0,2,1,0,0,0,False,False,True,True,False,False,False,False,False,False,"recruiter/TA or opportunity-history signal present, region unresolved",2,24,"  ""sysmanager"": {market: GLOBAL_OPPORTUNITY_UNRESOLVED_REGION, category: GLOBAL_OPPORTUNITY}"
Sanofi,sanofi,NEEDS_COMPANY_MAPPING,GLOBAL_OPPORTUNITY,,0.55,True,2,0,0,0,0,0,0,2,0,0,0,False,False,True,True,False,False,False,False,False,False,"recruiter/TA or opportunity-history signal present, region unresolved",2,24,"  ""sanofi"": {market: GLOBAL_OPPORTUNITY_UNRESOLVED_REGION, category: GLOBAL_OPPORTUNITY}"
JLink connecting experts GmbH,jlink connecting experts,NEEDS_COMPANY_MAPPING,GLOBAL_OPPORTUNITY,,0.55,True,3,0,0,0,0,0,2,1,0,0,0,False,False,True,True,False,False,False,False,False,False,"recruiter/TA or opportunity-history signal present, region unresolved",2,24,"  ""jlink connecting experts gmbh"": {market: GLOBAL_OPPORTUNITY_UNRESOLVED_REGION, category: GLOBAL_OPPORTUNITY}"
Bracell,bracell,NEEDS_COMPANY_MAPPING,GLOBAL_OPPORTUNITY,,0.55,True,6,0,1,0,0,0,4,1,0,1,0,False,False,True,True,False,False,False,False,False,False,"recruiter/TA or opportunity-history signal present, region unresolved",1,24,"  ""bracell"": {market: GLOBAL_OPPORTUNITY_UNRESOLVED_REGION, category: GLOBAL_OPPORTUNITY}"
Pythian,pythian,NEEDS_COMPANY_MAPPING,GLOBAL_OPPORTUNITY,,0.55,True,2,0,0,0,0,0,1,1,0,0,0,False,False,True,True,False,False,False,False,False,False,"recruiter/TA or opportunity-history signal present, region unresolved",2,23,"  ""pythian"": {market: GLOBAL_OPPORTUNITY_UNRESOLVED_REGION, category: GLOBAL_OPPORTUNITY}"
Mondelēz International,mondelēz international,NEEDS_COMPANY_MAPPING,NEEDS_COMPANY_MAPPING,,0.0,True,3,0,0,0,0,0,3,0,0,0,0,False,False,False,False,False,False,False,False,False,False,"no keyword, dictionary, persona, or message signal found — needs manual research",2,23,
Mycon,mycon,NEEDS_COMPANY_MAPPING,GLOBAL_OPPORTUNITY,,0.55,True,2,0,0,0,0,0,1,1,0,0,0,False,False,True,True,False,False,False,False,False,False,"recruiter/TA or opportunity-history signal present, region unresolved",2,23,"  ""mycon"": {market: GLOBAL_OPPORTUNITY_UNRESOLVED_REGION, category: GLOBAL_OPPORTUNITY}"
Splash,splash,NEEDS_COMPANY_MAPPING,GLOBAL_OPPORTUNITY,,0.55,True,2,0,0,0,0,0,1,1,0,0,0,False,False,True,True,False,False,False,False,False,False,"recruiter/TA or opportunity-history signal present, region unresolved",2,23,"  ""splash"": {market: GLOBAL_OPPORTUNITY_UNRESOLVED_REGION, category: GLOBAL_OPPORTUNITY}"
Starian,starian,NEEDS_COMPANY_MAPPING,NEEDS_COMPANY_MAPPING,,0.0,True,3,0,0,0,0,0,3,0,0,0,0,False,False,False,False,False,False,False,False,False,False,"no keyword, dictionary, persona, or message signal found — needs manual research",2,23,
FYGI,fygi,NEEDS_COMPANY_MAPPING,GLOBAL_OPPORTUNITY,,0.55,True,2,0,0,0,0,0,1,1,0,0,0,False,False,True,True,False,False,False,False,False,False,"recruiter/TA or opportunity-history signal present, region unresolved",2,23,"  ""fygi"": {market: GLOBAL_OPPORTUNITY_UNRESOLVED_REGION, category: GLOBAL_OPPORTUNITY}"
Hand Talk by Sorenson,hand talk by sorenson,NEEDS_COMPANY_MAPPING,GLOBAL_OPPORTUNITY,,0.55,True,3,0,0,0,0,0,1,2,0,2,0,False,False,True,True,False,False,False,False,False,False,"recruiter/TA or opportunity-history signal present, region unresolved",1,23,"  ""hand talk by sorenson"": {market: GLOBAL_OPPORTUNITY_UNRESOLVED_REGION, category: GLOBAL_OPPORTUNITY}"
Royal Caribbean Group,royal caribbean,NEEDS_COMPANY_MAPPING,NEEDS_COMPANY_MAPPING,,0.0,True,3,0,0,0,0,0,3,0,0,0,0,False,False,False,False,False,False,False,False,False,False,"no keyword, dictionary, persona, or message signal found — needs manual research",2,23,
Rox Partner,rox partner,NEEDS_COMPANY_MAPPING,NEEDS_COMPANY_MAPPING,,0.0,True,3,0,0,0,0,0,3,0,0,0,0,False,False,False,False,False,False,False,False,False,False,"no keyword, dictionary, persona, or message signal found — needs manual research",2,23,
Neodent,neodent,NEEDS_COMPANY_MAPPING,GLOBAL_OPPORTUNITY,,0.55,True,3,0,1,0,0,0,1,2,0,1,0,False,False,True,True,False,False,False,False,False,False,"recruiter/TA or opportunity-history signal present, region unresolved",1,23,"  ""neodent"": {market: GLOBAL_OPPORTUNITY_UNRESOLVED_REGION, category: GLOBAL_OPPORTUNITY}"
Vestas,vestas,NEEDS_COMPANY_MAPPING,NEEDS_COMPANY_MAPPING,,0.0,True,3,0,0,0,0,0,3,0,0,0,0,False,False,False,False,False,False,False,False,False,False,"no keyword, dictionary, persona, or message signal found — needs manual research",2,23,
Palantec GmbH,palantec,NEEDS_COMPANY_MAPPING,GLOBAL_OPPORTUNITY,,0.55,True,2,0,0,0,0,0,1,1,0,0,0,False,False,True,True,False,False,False,False,False,False,"recruiter/TA or opportunity-history signal present, region unresolved",2,23,"  ""palantec gmbh"": {market: GLOBAL_OPPORTUNITY_UNRESOLVED_REGION, category: GLOBAL_OPPORTUNITY}"
Nomad,nomad,NEEDS_COMPANY_MAPPING,GLOBAL_OPPORTUNITY,,0.55,True,2,0,0,0,0,0,1,1,0,0,0,False,False,True,True,False,False,False,False,False,False,"recruiter/TA or opportunity-history signal present, region unresolved",2,23,"  ""nomad"": {market: GLOBAL_OPPORTUNITY_UNRESOLVED_REGION, category: GLOBAL_OPPORTUNITY}"
Paytrack,paytrack,NEEDS_COMPANY_MAPPING,NEEDS_COMPANY_MAPPING,,0.0,True,3,0,0,0,0,0,3,0,0,0,0,False,False,False,False,False,False,False,False,False,False,"no keyword, dictionary, persona, or message signal found — needs manual research",2,23,
CESAR,cesar,NEEDS_COMPANY_MAPPING,NEEDS_COMPANY_MAPPING,,0.0,True,3,0,0,0,0,0,3,0,0,0,0,False,False,False,False,False,False,False,False,False,False,"no keyword, dictionary, persona, or message signal found — needs manual research",2,23,
Involves,involves,NEEDS_COMPANY_MAPPING,GLOBAL_OPPORTUNITY,,0.55,True,3,0,0,0,1,0,2,1,1,0,0,False,False,True,True,False,False,False,False,False,False,"recruiter/TA or opportunity-history signal present, region unresolved",1,23,"  ""involves"": {market: GLOBAL_OPPORTUNITY_UNRESOLVED_REGION, category: GLOBAL_OPPORTUNITY}"
ALOIA AEROSPACE INC,aloia aerospace,NEEDS_COMPANY_MAPPING,GLOBAL_OPPORTUNITY,,0.55,True,2,0,0,0,0,0,1,1,1,1,0,False,False,True,True,False,False,False,False,False,False,"recruiter/TA or opportunity-history signal present, region unresolved",1,23,"  ""aloia aerospace inc"": {market: GLOBAL_OPPORTUNITY_UNRESOLVED_REGION, category: GLOBAL_OPPORTUNITY}"
Roche,roche,NEEDS_COMPANY_MAPPING,GLOBAL_OPPORTUNITY,,0.55,True,2,0,0,0,0,0,1,1,0,0,0,False,False,True,True,False,False,False,False,False,False,"recruiter/TA or opportunity-history signal present, region unresolved",2,23,"  ""roche"": {market: GLOBAL_OPPORTUNITY_UNRESOLVED_REGION, category: GLOBAL_OPPORTUNITY}"
HR Path,hr path,NEEDS_COMPANY_MAPPING,GLOBAL_OPPORTUNITY,,0.55,True,2,0,0,0,0,0,1,1,0,0,0,False,False,True,True,False,False,False,False,False,False,"recruiter/TA or opportunity-history signal present, region unresolved",2,23,"  ""hr path"": {market: GLOBAL_OPPORTUNITY_UNRESOLVED_REGION, category: GLOBAL_OPPORTUNITY}"
Talention,talention,NEEDS_COMPANY_MAPPING,GLOBAL_OPPORTUNITY,,0.55,True,2,0,0,0,0,0,1,1,0,0,0,False,False,True,True,False,False,False,False,False,False,"recruiter/TA or opportunity-history signal present, region unresolved",2,23,"  ""talention"": {market: GLOBAL_OPPORTUNITY_UNRESOLVED_REGION, category: GLOBAL_OPPORTUNITY}"
FALKEN Group Personalberatung GmbH,falken personalberatung,NEEDS_COMPANY_MAPPING,GLOBAL_OPPORTUNITY,,0.55,True,2,0,0,0,0,0,1,1,0,0,0,False,False,True,True,False,False,False,False,False,False,"recruiter/TA or opportunity-history signal present, region unresolved",2,23,"  ""falken group personalberatung gmbh"": {market: GLOBAL_OPPORTUNITY_UNRESOLVED_REGION, category: GLOBAL_OPPORTUNITY}"
Grupo 3corações,grupo 3corações,NEEDS_COMPANY_MAPPING,GLOBAL_OPPORTUNITY,,0.55,True,2,0,0,0,0,0,1,1,0,0,0,False,False,True,True,False,False,False,False,False,False,"recruiter/TA or opportunity-history signal present, region unresolved",2,23,"  ""grupo 3corações"": {market: GLOBAL_OPPORTUNITY_UNRESOLVED_REGION, category: GLOBAL_OPPORTUNITY}"
Bio-Rad Laboratories,bio-rad laboratories,NEEDS_COMPANY_MAPPING,NEEDS_COMPANY_MAPPING,,0.0,True,3,0,0,0,0,0,3,0,0,0,0,False,False,False,False,False,False,False,False,False,False,"no keyword, dictionary, persona, or message signal found — needs manual research",2,23,
Uncover,uncover,NEEDS_COMPANY_MAPPING,GLOBAL_OPPORTUNITY,,0.55,True,2,0,0,0,0,0,1,1,0,0,0,False,False,True,True,False,False,False,False,False,False,"recruiter/TA or opportunity-history signal present, region unresolved",2,23,"  ""uncover"": {market: GLOBAL_OPPORTUNITY_UNRESOLVED_REGION, category: GLOBAL_OPPORTUNITY}"
TikTok,tiktok,NEEDS_COMPANY_MAPPING,GLOBAL_OPPORTUNITY,,0.55,True,2,0,0,0,0,0,1,1,0,0,0,False,False,True,True,False,False,False,False,False,False,"recruiter/TA or opportunity-history signal present, region unresolved",2,23,"  ""tiktok"": {market: GLOBAL_OPPORTUNITY_UNRESOLVED_REGION, category: GLOBAL_OPPORTUNITY}"
YDUQS,yduqs,NEEDS_COMPANY_MAPPING,GLOBAL_OPPORTUNITY,,0.55,True,5,0,0,0,1,0,4,1,0,1,0,False,False,True,True,False,False,False,False,False,False,"recruiter/TA or opportunity-history signal present, region unresolved",1,23,"  ""yduqs"": {market: GLOBAL_OPPORTUNITY_UNRESOLVED_REGION, category: GLOBAL_OPPORTUNITY}"
ACTIEF Personalmanagement GmbH,actief personalmanagement,NEEDS_COMPANY_MAPPING,GLOBAL_OPPORTUNITY,,0.55,True,2,0,0,0,0,0,1,1,0,0,0,False,False,True,True,False,False,False,False,False,False,"recruiter/TA or opportunity-history signal present, region unresolved",2,23,"  ""actief personalmanagement gmbh"": {market: GLOBAL_OPPORTUNITY_UNRESOLVED_REGION, category: GLOBAL_OPPORTUNITY}"
El Corte Inglés,el corte inglés,NEEDS_COMPANY_MAPPING,NEEDS_COMPANY_MAPPING,,0.0,True,3,0,0,0,0,0,3,0,0,0,0,False,False,False,False,False,False,False,False,False,False,"no keyword, dictionary, persona, or message signal found — needs manual research",2,23,
FALKENHERZ Group,falkenherz,NEEDS_COMPANY_MAPPING,GLOBAL_OPPORTUNITY,,0.55,True,2,0,0,0,0,0,1,1,0,0,0,False,False,True,True,False,False,False,False,False,False,"recruiter/TA or opportunity-history signal present, region unresolved",2,23,"  ""falkenherz group"": {market: GLOBAL_OPPORTUNITY_UNRESOLVED_REGION, category: GLOBAL_OPPORTUNITY}"
Magnit Global,magnit,NEEDS_COMPANY_MAPPING,NEEDS_COMPANY_MAPPING,,0.0,True,2,0,0,0,0,0,2,0,0,0,0,False,False,False,False,False,False,False,False,False,False,"no keyword, dictionary, persona, or message signal found — needs manual research",2,22,
Autónomo,autónomo,NEEDS_COMPANY_MAPPING,GLOBAL_OPPORTUNITY,,0.55,True,3,1,0,0,0,0,1,1,0,1,0,False,False,True,True,False,False,False,False,False,False,"recruiter/TA or opportunity-history signal present, region unresolved",1,22,"  ""autónomo"": {market: GLOBAL_OPPORTUNITY_UNRESOLVED_REGION, category: GLOBAL_OPPORTUNITY}"
Justos,justos,NEEDS_COMPANY_MAPPING,NEEDS_COMPANY_MAPPING,,0.0,True,2,0,0,0,0,0,2,0,0,0,0,False,False,False,False,False,False,False,False,False,False,"no keyword, dictionary, persona, or message signal found — needs manual research",2,22,
Kanastra,kanastra,NEEDS_COMPANY_MAPPING,NEEDS_COMPANY_MAPPING,,0.0,True,2,0,0,0,0,0,2,0,0,0,0,False,False,False,False,False,False,False,False,False,False,"no keyword, dictionary, persona, or message signal found — needs manual research",2,22,
Kuehne+Nagel,kuehne+nagel,NEEDS_COMPANY_MAPPING,NEEDS_COMPANY_MAPPING,,0.0,True,2,0,0,0,0,0,2,0,0,0,0,False,False,False,False,False,False,False,False,False,False,"no keyword, dictionary, persona, or message signal found — needs manual research",2,22,
MadeinWeb,madeinweb,NEEDS_COMPANY_MAPPING,GLOBAL_OPPORTUNITY,,0.55,True,2,1,0,0,0,0,1,1,0,1,0,False,False,True,True,False,False,False,False,False,False,"recruiter/TA or opportunity-history signal present, region unresolved",1,22,"  ""madeinweb"": {market: GLOBAL_OPPORTUNITY_UNRESOLVED_REGION, category: GLOBAL_OPPORTUNITY}"
Novartis,novartis,NEEDS_COMPANY_MAPPING,NEEDS_COMPANY_MAPPING,,0.0,True,2,0,0,0,0,0,2,0,0,0,0,False,False,False,False,False,False,False,False,False,False,"no keyword, dictionary, persona, or message signal found — needs manual research",2,22,
QSOFT,qsoft,NEEDS_COMPANY_MAPPING,NEEDS_COMPANY_MAPPING,,0.0,True,2,0,0,0,0,0,2,0,0,0,0,False,False,False,False,False,False,False,False,False,False,"no keyword, dictionary, persona, or message signal found — needs manual research",2,22,
Amoria Bond,amoria bond,NEEDS_COMPANY_MAPPING,NEEDS_COMPANY_MAPPING,,0.0,True,2,0,0,0,0,0,2,0,0,0,0,False,False,False,False,False,False,False,False,False,False,"no keyword, dictionary, persona, or message signal found — needs manual research",2,22,
Pasquali Solution,pasquali solution,NEEDS_COMPANY_MAPPING,GLOBAL_OPPORTUNITY,,0.55,True,2,1,0,0,0,0,1,1,0,1,1,False,False,True,True,False,False,False,False,False,False,"recruiter/TA or opportunity-history signal present, region unresolved",1,22,"  ""pasquali solution"": {market: GLOBAL_OPPORTUNITY_UNRESOLVED_REGION, category: GLOBAL_OPPORTUNITY}"
CACEIS,caceis,NEEDS_COMPANY_MAPPING,NEEDS_COMPANY_MAPPING,,0.0,True,2,0,0,0,0,0,2,0,0,0,0,False,False,False,False,False,False,False,False,False,False,"no keyword, dictionary, persona, or message signal found — needs manual research",2,22,
Aptita,aptita,NEEDS_COMPANY_MAPPING,GLOBAL_OPPORTUNITY,,0.55,True,1,0,0,0,0,0,0,1,1,1,0,False,False,True,True,False,False,False,False,False,False,"recruiter/TA or opportunity-history signal present, region unresolved",1,22,"  ""aptita"": {market: GLOBAL_OPPORTUNITY_UNRESOLVED_REGION, category: GLOBAL_OPPORTUNITY}"
ClickHouse,clickhouse,NEEDS_COMPANY_MAPPING,NEEDS_COMPANY_MAPPING,,0.0,True,2,0,0,0,0,0,2,0,0,0,0,False,False,False,False,False,False,False,False,False,False,"no keyword, dictionary, persona, or message signal found — needs manual research",2,22,
MARS Solutions Group,mars,NEEDS_COMPANY_MAPPING,GLOBAL_OPPORTUNITY,GLOBAL_CONSULTING,0.55,True,2,0,0,0,0,0,2,0,0,0,0,False,False,False,False,False,False,False,False,False,True,generic 'solutions' keyword in company name (weak signal),2,22,"  ""mars solutions group"": {market: GLOBAL_OPPORTUNITY_UNRESOLVED_REGION, category: GLOBAL_CONSULTING}
  ""mars"": {market: GLOBAL_OPPORTUNITY_UNRESOLVED_REGION, category: GLOBAL_CONSULTING}"
Verisure,verisure,NEEDS_COMPANY_MAPPING,GLOBAL_OPPORTUNITY,,0.55,True,2,0,0,0,0,0,1,1,0,1,0,True,False,True,True,False,False,False,False,False,False,"recruiter/TA or opportunity-history signal present, region unresolved",1,22,"  ""verisure"": {market: GLOBAL_OPPORTUNITY_UNRESOLVED_REGION, category: GLOBAL_OPPORTUNITY}"
Wilson Sons,wilson sons,NEEDS_COMPANY_MAPPING,NEEDS_COMPANY_MAPPING,,0.0,True,2,0,0,0,0,0,2,0,0,0,0,False,False,False,False,False,False,False,False,False,False,"no keyword, dictionary, persona, or message signal found — needs manual research",2,22,
Volvo Group,volvo,NEEDS_COMPANY_MAPPING,NEEDS_COMPANY_MAPPING,,0.0,True,2,0,0,0,0,0,2,0,0,0,0,False,False,False,False,False,False,False,False,False,False,"no keyword, dictionary, persona, or message signal found — needs manual research",2,22,
Phiture,phiture,NEEDS_COMPANY_MAPPING,NEEDS_COMPANY_MAPPING,,0.0,True,2,0,0,0,0,0,2,0,0,0,0,False,False,False,False,False,False,False,False,False,False,"no keyword, dictionary, persona, or message signal found — needs manual research",2,22,
Computer Futures,computer futures,NEEDS_COMPANY_MAPPING,NEEDS_COMPANY_MAPPING,,0.0,True,2,0,0,0,0,0,2,0,0,0,0,False,False,False,False,False,False,False,False,False,False,"no keyword, dictionary, persona, or message signal found — needs manual research",2,22,
Consultora Citrino,consultora citrino,NEEDS_COMPANY_MAPPING,GLOBAL_OPPORTUNITY,,0.55,True,2,0,0,0,0,0,0,2,0,2,0,False,False,True,True,False,False,False,False,False,False,"recruiter/TA or opportunity-history signal present, region unresolved",1,22,"  ""consultora citrino"": {market: GLOBAL_OPPORTUNITY_UNRESOLVED_REGION, category: GLOBAL_OPPORTUNITY}"
BredenMaster,bredenmaster,NEEDS_COMPANY_MAPPING,GLOBAL_OPPORTUNITY,,0.55,True,2,0,0,0,0,0,0,2,0,2,0,False,False,True,True,False,False,False,False,False,False,"recruiter/TA or opportunity-history signal present, region unresolved",1,22,"  ""bredenmaster"": {market: GLOBAL_OPPORTUNITY_UNRESOLVED_REGION, category: GLOBAL_OPPORTUNITY}"
Bosonit,bosonit,NEEDS_COMPANY_MAPPING,GLOBAL_OPPORTUNITY,,0.55,True,2,1,0,0,0,0,1,1,0,1,0,False,False,True,True,False,False,False,False,False,False,"recruiter/TA or opportunity-history signal present, region unresolved",1,22,"  ""bosonit"": {market: GLOBAL_OPPORTUNITY_UNRESOLVED_REGION, category: GLOBAL_OPPORTUNITY}"
Doctolib GmbH,doctolib,NEEDS_COMPANY_MAPPING,GLOBAL_OPPORTUNITY,,0.55,True,2,1,0,0,0,0,1,1,0,1,0,False,False,True,True,False,False,False,False,False,False,"recruiter/TA or opportunity-history signal present, region unresolved",1,22,"  ""doctolib gmbh"": {market: GLOBAL_OPPORTUNITY_UNRESOLVED_REGION, category: GLOBAL_OPPORTUNITY}"
Aegea Saneamento,aegea saneamento,NEEDS_COMPANY_MAPPING,NEEDS_COMPANY_MAPPING,,0.0,True,3,0,0,0,0,0,2,0,0,0,0,False,False,False,False,False,False,False,False,False,False,"no keyword, dictionary, persona, or message signal found — needs manual research",2,22,
Friedman,friedman,NEEDS_COMPANY_MAPPING,GLOBAL_OPPORTUNITY,,0.55,True,2,0,0,0,0,0,0,2,0,2,0,False,False,True,True,False,False,False,False,False,False,"recruiter/TA or opportunity-history signal present, region unresolved",1,22,"  ""friedman"": {market: GLOBAL_OPPORTUNITY_UNRESOLVED_REGION, category: GLOBAL_OPPORTUNITY}"
TimePartner Personalmanagement GmbH,timepartner personalmanagement,NEEDS_COMPANY_MAPPING,NEEDS_COMPANY_MAPPING,,0.0,True,2,0,0,0,0,0,2,0,0,0,0,False,False,False,False,False,False,False,False,False,False,"no keyword, dictionary, persona, or message signal found — needs manual research",2,22,
Econosoft Inc,econosoft,NEEDS_COMPANY_MAPPING,GLOBAL_OPPORTUNITY,,0.55,True,1,0,0,0,0,0,0,1,1,1,0,False,False,True,True,False,False,False,False,False,False,"recruiter/TA or opportunity-history signal present, region unresolved",1,22,"  ""econosoft inc"": {market: GLOBAL_OPPORTUNITY_UNRESOLVED_REGION, category: GLOBAL_OPPORTUNITY}"
Unimad,unimad,NEEDS_COMPANY_MAPPING,GLOBAL_OPPORTUNITY,,0.55,True,1,0,0,0,0,0,0,1,1,1,0,False,False,True,True,False,False,False,False,False,False,"recruiter/TA or opportunity-history signal present, region unresolved",1,22,"  ""unimad"": {market: GLOBAL_OPPORTUNITY_UNRESOLVED_REGION, category: GLOBAL_OPPORTUNITY}"
Talando Recruitment,talando recruitment,NEEDS_COMPANY_MAPPING,GLOBAL_STAFFING,GLOBAL_STAFFING,0.8,True,1,0,0,0,0,0,0,1,1,1,0,False,False,True,True,False,False,False,False,True,False,staffing/recruiting keyword in company name,1,22,"  ""talando recruitment"": {market: GLOBAL_STAFFING, category: GLOBAL_STAFFING}"
Tarmac.IO,tarmac.io,NEEDS_COMPANY_MAPPING,GLOBAL_OPPORTUNITY,,0.55,True,2,1,0,0,0,0,1,1,0,1,0,False,False,True,True,False,False,False,False,False,False,"recruiter/TA or opportunity-history signal present, region unresolved",1,22,"  ""tarmac.io"": {market: GLOBAL_OPPORTUNITY_UNRESOLVED_REGION, category: GLOBAL_OPPORTUNITY}"
TECNOMEC ENGINEERING SRL,tecnomec engineering srl,NEEDS_COMPANY_MAPPING,NEEDS_COMPANY_MAPPING,,0.0,True,2,0,0,0,0,0,2,0,0,0,0,False,False,False,False,False,False,False,False,False,False,"no keyword, dictionary, persona, or message signal found — needs manual research",2,22,
Equinix,equinix,NEEDS_COMPANY_MAPPING,NEEDS_COMPANY_MAPPING,,0.0,True,2,0,0,0,0,0,2,0,0,0,0,False,False,False,False,False,False,False,False,False,False,"no keyword, dictionary, persona, or message signal found — needs manual research",2,22,
Forward,forward,NEEDS_COMPANY_MAPPING,NEEDS_COMPANY_MAPPING,,0.0,True,2,0,0,0,0,0,2,0,0,0,0,False,False,False,False,False,False,False,False,False,False,"no keyword, dictionary, persona, or message signal found — needs manual research",2,22,
Tekgence Inc,tekgence,NEEDS_COMPANY_MAPPING,GLOBAL_OPPORTUNITY,,0.55,True,2,1,0,0,0,0,1,1,0,1,0,False,False,True,True,False,False,False,False,False,False,"recruiter/TA or opportunity-history signal present, region unresolved",1,22,"  ""tekgence inc"": {market: GLOBAL_OPPORTUNITY_UNRESOLVED_REGION, category: GLOBAL_OPPORTUNITY}"
F1RST Tecnologia,f1rst tecnologia,NEEDS_COMPANY_MAPPING,NEEDS_COMPANY_MAPPING,,0.0,True,2,0,0,0,0,0,2,0,0,0,0,False,False,False,False,False,False,False,False,False,False,"no keyword, dictionary, persona, or message signal found — needs manual research",2,22,
Flow,flow,NEEDS_COMPANY_MAPPING,GLOBAL_OPPORTUNITY,,0.55,True,2,0,0,0,0,0,0,2,0,2,0,False,False,True,True,False,False,False,False,False,False,"recruiter/TA or opportunity-history signal present, region unresolved",1,22,"  ""flow"": {market: GLOBAL_OPPORTUNITY_UNRESOLVED_REGION, category: GLOBAL_OPPORTUNITY}"
Falconi,falconi,NEEDS_COMPANY_MAPPING,NEEDS_COMPANY_MAPPING,,0.0,True,2,0,0,0,0,0,2,0,0,0,0,False,False,False,False,False,False,False,False,False,False,"no keyword, dictionary, persona, or message signal found — needs manual research",2,22,
Etteplan,etteplan,NEEDS_COMPANY_MAPPING,NEEDS_COMPANY_MAPPING,,0.0,True,2,0,0,0,0,0,2,0,0,0,0,False,False,False,False,False,False,False,False,False,False,"no keyword, dictionary, persona, or message signal found — needs manual research",2,22,
IBGE,ibge,NEEDS_COMPANY_MAPPING,NEEDS_COMPANY_MAPPING,,0.0,True,2,0,0,0,0,0,2,0,0,0,0,False,False,False,False,False,False,False,False,False,False,"no keyword, dictionary, persona, or message signal found — needs manual research",2,22,
Gravitas Recruitment Group (Global) Ltd,gravitas recruitment (),NEEDS_COMPANY_MAPPING,GLOBAL_STAFFING,GLOBAL_STAFFING,0.8,True,2,0,0,0,0,0,2,0,0,0,0,False,False,False,False,False,False,False,False,True,False,staffing/recruiting keyword in company name,2,22,"  ""gravitas recruitment group (global) ltd"": {market: GLOBAL_STAFFING, category: GLOBAL_STAFFING}"
GM Financial,gm financial,NEEDS_COMPANY_MAPPING,NEEDS_COMPANY_MAPPING,,0.0,True,2,0,0,0,0,0,2,0,0,0,0,False,False,False,False,False,False,False,False,False,False,"no keyword, dictionary, persona, or message signal found — needs manual research",2,22,
Mirante Tecnologia,mirante tecnologia,NEEDS_COMPANY_MAPPING,GLOBAL_OPPORTUNITY,,0.55,True,4,1,0,0,1,0,4,0,0,0,0,False,False,False,False,False,False,False,False,False,False,"recruiter/TA or opportunity-history signal present, region unresolved",1,22,"  ""mirante tecnologia"": {market: GLOBAL_OPPORTUNITY_UNRESOLVED_REGION, category: GLOBAL_OPPORTUNITY}"
Peak One GmbH,peak one,NEEDS_COMPANY_MAPPING,NEEDS_COMPANY_MAPPING,,0.0,True,2,0,0,0,0,0,2,0,0,0,0,False,False,False,False,False,False,False,False,False,False,"no keyword, dictionary, persona, or message signal found — needs manual research",2,22,
Prefeitura de Cubatão,prefeitura de cubatão,NEEDS_COMPANY_MAPPING,NEEDS_COMPANY_MAPPING,,0.0,True,2,0,0,0,0,0,2,0,0,0,0,False,False,False,False,False,False,False,False,False,False,"no keyword, dictionary, persona, or message signal found — needs manual research",2,22,
hub xp,hub xp,NEEDS_COMPANY_MAPPING,NEEDS_COMPANY_MAPPING,,0.0,True,2,0,0,0,0,0,2,0,0,0,0,False,False,False,False,False,False,False,False,False,False,"no keyword, dictionary, persona, or message signal found — needs manual research",2,22,
Infinite Computer Solutions,infinite computer,NEEDS_COMPANY_MAPPING,GLOBAL_OPPORTUNITY,GLOBAL_CONSULTING,0.55,True,2,0,0,0,0,0,2,0,0,0,0,False,False,False,False,False,False,False,False,False,True,generic 'solutions' keyword in company name (weak signal),2,22,"  ""infinite computer solutions"": {market: GLOBAL_OPPORTUNITY_UNRESOLVED_REGION, category: GLOBAL_CONSULTING}"
SiDi,sidi,NEEDS_COMPANY_MAPPING,NEEDS_COMPANY_MAPPING,,0.0,True,2,0,0,0,0,0,2,0,0,0,0,False,False,False,False,False,False,False,False,False,False,"no keyword, dictionary, persona, or message signal found — needs manual research",2,22,
HSystem,hsystem,NEEDS_COMPANY_MAPPING,NEEDS_COMPANY_MAPPING,,0.0,True,2,0,0,0,0,0,2,0,0,0,0,False,False,False,False,False,False,False,False,False,False,"no keyword, dictionary, persona, or message signal found — needs manual research",2,22,
InSync Jobs,insync jobs,NEEDS_COMPANY_MAPPING,GLOBAL_OPPORTUNITY,,0.55,True,2,1,0,0,0,0,1,1,0,1,0,False,False,True,True,False,False,False,False,False,False,"recruiter/TA or opportunity-history signal present, region unresolved",1,22,"  ""insync jobs"": {market: GLOBAL_OPPORTUNITY_UNRESOLVED_REGION, category: GLOBAL_OPPORTUNITY}"
Investigo,investigo,NEEDS_COMPANY_MAPPING,NEEDS_COMPANY_MAPPING,,0.0,True,2,0,0,0,0,0,2,0,0,0,0,False,False,False,False,False,False,False,False,False,False,"no keyword, dictionary, persona, or message signal found — needs manual research",2,22,
SUBSCRIBE,subscribe,NEEDS_COMPANY_MAPPING,NEEDS_COMPANY_MAPPING,,0.0,True,2,0,0,0,0,0,2,0,0,0,0,False,False,False,False,False,False,False,False,False,False,"no keyword, dictionary, persona, or message signal found — needs manual research",2,22,
Sparkassen-Personalberatung GmbH,sparkassen-personalberatung,NEEDS_COMPANY_MAPPING,NEEDS_COMPANY_MAPPING,,0.0,True,2,0,0,0,0,0,2,0,0,0,0,False,False,False,False,False,False,False,False,False,False,"no keyword, dictionary, persona, or message signal found — needs manual research",2,22,
Swap,swap,NEEDS_COMPANY_MAPPING,NEEDS_COMPANY_MAPPING,,0.0,True,2,0,0,0,0,0,2,0,0,0,0,False,False,False,False,False,False,False,False,False,False,"no keyword, dictionary, persona, or message signal found — needs manual research",2,22,
GP JOULE Gruppe,gp joule gruppe,NEEDS_COMPANY_MAPPING,NEEDS_COMPANY_MAPPING,,0.0,True,2,0,0,0,0,0,2,0,0,0,0,False,False,False,False,False,False,False,False,False,False,"no keyword, dictionary, persona, or message signal found — needs manual research",2,22,
Horatio,horatio,NEEDS_COMPANY_MAPPING,NEEDS_COMPANY_MAPPING,,0.0,True,2,0,0,0,0,0,2,0,0,0,0,False,False,False,False,False,False,False,False,False,False,"no keyword, dictionary, persona, or message signal found — needs manual research",2,22,
Bankaool,bankaool,NEEDS_COMPANY_MAPPING,GLOBAL_OPPORTUNITY,,0.55,True,2,0,0,0,0,0,0,2,0,2,0,False,False,True,True,False,False,False,False,False,False,"recruiter/TA or opportunity-history signal present, region unresolved",1,22,"  ""bankaool"": {market: GLOBAL_OPPORTUNITY_UNRESOLVED_REGION, category: GLOBAL_OPPORTUNITY}"
Grupo Orbenk,grupo orbenk,NEEDS_COMPANY_MAPPING,GLOBAL_OPPORTUNITY,,0.55,True,2,0,0,0,0,0,0,2,0,2,0,False,False,True,True,False,False,False,False,False,False,"recruiter/TA or opportunity-history signal present, region unresolved",1,22,"  ""grupo orbenk"": {market: GLOBAL_OPPORTUNITY_UNRESOLVED_REGION, category: GLOBAL_OPPORTUNITY}"
HRA Solutions,hra,NEEDS_COMPANY_MAPPING,GLOBAL_OPPORTUNITY,GLOBAL_CONSULTING,0.55,True,2,0,0,0,0,0,2,0,0,0,0,False,False,False,False,False,False,False,False,False,True,generic 'solutions' keyword in company name (weak signal),2,22,"  ""hra solutions"": {market: GLOBAL_OPPORTUNITY_UNRESOLVED_REGION, category: GLOBAL_CONSULTING}"
Benner,benner,NEEDS_COMPANY_MAPPING,NEEDS_COMPANY_MAPPING,,0.0,True,2,0,0,0,0,0,2,0,0,0,0,False,False,False,False,False,False,False,False,False,False,"no keyword, dictionary, persona, or message signal found — needs manual research",2,22,
Travel Designer Group,travel designer,NEEDS_COMPANY_MAPPING,GLOBAL_OPPORTUNITY,,0.55,True,1,0,0,0,0,0,0,1,1,1,0,False,False,True,True,False,False,False,False,False,False,"recruiter/TA or opportunity-history signal present, region unresolved",1,22,"  ""travel designer group"": {market: GLOBAL_OPPORTUNITY_UNRESOLVED_REGION, category: GLOBAL_OPPORTUNITY}"
CPqD,cpqd,NEEDS_COMPANY_MAPPING,NEEDS_COMPANY_MAPPING,,0.0,True,2,0,0,0,0,0,2,0,0,0,0,False,False,False,False,False,False,False,False,False,False,"no keyword, dictionary, persona, or message signal found — needs manual research",2,22,
Bosch Rexroth,bosch rexroth,NEEDS_COMPANY_MAPPING,GLOBAL_OPPORTUNITY,,0.55,True,2,0,0,0,0,0,0,2,0,2,0,False,False,True,True,False,False,False,False,False,False,"recruiter/TA or opportunity-history signal present, region unresolved",1,22,"  ""bosch rexroth"": {market: GLOBAL_OPPORTUNITY_UNRESOLVED_REGION, category: GLOBAL_OPPORTUNITY}"
The Maxol Group,the maxol,NEEDS_COMPANY_MAPPING,GLOBAL_OPPORTUNITY,,0.55,True,1,0,0,0,0,0,0,1,1,1,0,False,False,True,True,False,False,False,False,False,False,"recruiter/TA or opportunity-history signal present, region unresolved",1,22,"  ""the maxol group"": {market: GLOBAL_OPPORTUNITY_UNRESOLVED_REGION, category: GLOBAL_OPPORTUNITY}"
Trillia,trillia,NEEDS_COMPANY_MAPPING,NEEDS_COMPANY_MAPPING,,0.0,True,2,0,0,0,0,0,2,0,0,0,0,False,False,False,False,False,False,False,False,False,False,"no keyword, dictionary, persona, or message signal found — needs manual research",2,22,
Elevation Partners,elevation partners,NEEDS_COMPANY_MAPPING,NEEDS_COMPANY_MAPPING,,0.0,True,2,0,0,0,0,0,2,0,0,0,0,False,False,False,False,False,False,False,False,False,False,"no keyword, dictionary, persona, or message signal found — needs manual research",2,22,
Riverstate Premium Recruiting,riverstate premium recruiting,NEEDS_COMPANY_MAPPING,GLOBAL_STAFFING,GLOBAL_STAFFING,0.8,True,2,0,0,0,0,0,2,0,0,0,0,False,False,False,False,False,False,False,False,True,False,staffing/recruiting keyword in company name,2,22,"  ""riverstate premium recruiting"": {market: GLOBAL_STAFFING, category: GLOBAL_STAFFING}"
Ball Corporation,ball,NEEDS_COMPANY_MAPPING,NEEDS_COMPANY_MAPPING,,0.0,True,2,0,0,0,0,0,2,0,0,0,0,False,False,False,False,False,False,False,False,False,False,"no keyword, dictionary, persona, or message signal found — needs manual research",2,22,
Renault,renault,NEEDS_COMPANY_MAPPING,GLOBAL_OPPORTUNITY,,0.55,True,2,0,0,0,0,0,0,2,0,2,0,False,False,True,True,False,False,False,False,False,False,"recruiter/TA or opportunity-history signal present, region unresolved",1,22,"  ""renault"": {market: GLOBAL_OPPORTUNITY_UNRESOLVED_REGION, category: GLOBAL_OPPORTUNITY}"
RecargaPay,recargapay,NEEDS_COMPANY_MAPPING,NEEDS_COMPANY_MAPPING,,0.0,True,2,0,0,0,0,0,2,0,0,0,0,False,False,False,False,False,False,False,False,False,False,"no keyword, dictionary, persona, or message signal found — needs manual research",2,22,
Independiente (freelance),independiente (freelance),NEEDS_COMPANY_MAPPING,GLOBAL_OPPORTUNITY,,0.55,True,2,1,0,0,0,0,1,1,0,1,0,False,False,True,True,False,False,False,False,False,False,"recruiter/TA or opportunity-history signal present, region unresolved",1,22,"  ""independiente (freelance)"": {market: GLOBAL_OPPORTUNITY_UNRESOLVED_REGION, category: GLOBAL_OPPORTUNITY}"
Infraspeak,infraspeak,NEEDS_COMPANY_MAPPING,GLOBAL_OPPORTUNITY,,0.55,True,2,0,0,0,0,0,0,2,0,2,0,False,False,True,True,False,False,False,False,False,False,"recruiter/TA or opportunity-history signal present, region unresolved",1,22,"  ""infraspeak"": {market: GLOBAL_OPPORTUNITY_UNRESOLVED_REGION, category: GLOBAL_OPPORTUNITY}"
Influur,influur,NEEDS_COMPANY_MAPPING,GLOBAL_OPPORTUNITY,,0.55,True,2,0,0,0,0,0,0,2,0,2,0,False,False,True,True,False,False,False,False,False,False,"recruiter/TA or opportunity-history signal present, region unresolved",1,22,"  ""influur"": {market: GLOBAL_OPPORTUNITY_UNRESOLVED_REGION, category: GLOBAL_OPPORTUNITY}"
Innova-tsn,innova-tsn,NEEDS_COMPANY_MAPPING,NEEDS_COMPANY_MAPPING,,0.0,True,2,0,0,0,0,0,2,0,0,0,0,False,False,False,False,False,False,False,False,False,False,"no keyword, dictionary, persona, or message signal found — needs manual research",2,22,
Grupo Barigui,grupo barigui,NEEDS_COMPANY_MAPPING,GLOBAL_OPPORTUNITY,,0.55,True,2,0,0,0,0,0,0,2,0,2,0,False,False,True,True,False,False,False,False,False,False,"recruiter/TA or opportunity-history signal present, region unresolved",1,22,"  ""grupo barigui"": {market: GLOBAL_OPPORTUNITY_UNRESOLVED_REGION, category: GLOBAL_OPPORTUNITY}"
OneSource,onesource,NEEDS_COMPANY_MAPPING,GLOBAL_CONSULTING,,0.55,True,2,0,1,0,0,0,1,1,0,1,0,False,False,True,True,False,False,False,False,False,False,existing company category (GLOBAL_CONSULTING),1,21,"  ""onesource"": {market: GLOBAL_CONSULTING, category: GLOBAL_OPPORTUNITY}"
Nova,nova,NEEDS_COMPANY_MAPPING,GLOBAL_OPPORTUNITY,,0.55,True,2,0,1,0,0,0,1,1,0,1,0,False,False,True,True,False,False,False,False,False,False,"recruiter/TA or opportunity-history signal present, region unresolved",1,21,"  ""nova"": {market: GLOBAL_OPPORTUNITY_UNRESOLVED_REGION, category: GLOBAL_OPPORTUNITY}"
Vontier,vontier,NEEDS_COMPANY_MAPPING,GLOBAL_OPPORTUNITY,,0.55,True,2,0,1,0,0,0,1,1,0,1,0,False,False,True,True,False,False,False,False,False,False,"recruiter/TA or opportunity-history signal present, region unresolved",1,21,"  ""vontier"": {market: GLOBAL_OPPORTUNITY_UNRESOLVED_REGION, category: GLOBAL_OPPORTUNITY}"
COCUS,cocus,NEEDS_COMPANY_MAPPING,GLOBAL_OPPORTUNITY,,0.55,True,2,0,1,0,0,0,1,1,0,1,0,False,False,True,True,False,False,False,False,False,False,"recruiter/TA or opportunity-history signal present, region unresolved",1,21,"  ""cocus"": {market: GLOBAL_OPPORTUNITY_UNRESOLVED_REGION, category: GLOBAL_OPPORTUNITY}"
Acid Labs,acid labs,NEEDS_COMPANY_MAPPING,GLOBAL_OPPORTUNITY,,0.55,True,2,0,1,0,0,0,1,1,0,1,0,False,False,True,True,False,False,False,False,False,False,"recruiter/TA or opportunity-history signal present, region unresolved",1,21,"  ""acid labs"": {market: GLOBAL_OPPORTUNITY_UNRESOLVED_REGION, category: GLOBAL_OPPORTUNITY}"
VINCI Energies,vinci energies,NEEDS_COMPANY_MAPPING,GLOBAL_OPPORTUNITY,,0.55,True,3,0,0,0,1,0,2,1,0,1,0,False,False,True,True,False,False,False,False,False,False,"recruiter/TA or opportunity-history signal present, region unresolved",1,21,"  ""vinci energies"": {market: GLOBAL_OPPORTUNITY_UNRESOLVED_REGION, category: GLOBAL_OPPORTUNITY}"
We Are Fiber,we are fiber,NEEDS_COMPANY_MAPPING,GLOBAL_OPPORTUNITY,,0.55,True,1,0,0,0,0,0,0,1,0,1,0,True,False,True,True,False,False,False,False,False,False,"recruiter/TA or opportunity-history signal present, region unresolved",1,21,"  ""we are fiber"": {market: GLOBAL_OPPORTUNITY_UNRESOLVED_REGION, category: GLOBAL_OPPORTUNITY}"
Prosigliere,prosigliere,NEEDS_COMPANY_MAPPING,GLOBAL_OPPORTUNITY,,0.55,True,2,0,1,0,0,0,1,1,0,1,0,False,False,True,True,False,False,False,False,False,False,"recruiter/TA or opportunity-history signal present, region unresolved",1,21,"  ""prosigliere"": {market: GLOBAL_OPPORTUNITY_UNRESOLVED_REGION, category: GLOBAL_OPPORTUNITY}"
Fast Dolphin,fast dolphin,NEEDS_COMPANY_MAPPING,GLOBAL_OPPORTUNITY,,0.55,True,2,0,1,0,0,0,1,1,0,1,0,False,False,True,True,False,False,False,False,False,False,"recruiter/TA or opportunity-history signal present, region unresolved",1,21,"  ""fast dolphin"": {market: GLOBAL_OPPORTUNITY_UNRESOLVED_REGION, category: GLOBAL_OPPORTUNITY}"
Fadel Transportes e Logística,fadel transportes e logística,NEEDS_COMPANY_MAPPING,GLOBAL_OPPORTUNITY,,0.55,True,2,0,0,0,0,0,1,0,0,0,0,False,False,False,True,False,False,False,False,False,False,"recruiter/TA or opportunity-history signal present, region unresolved",2,21,"  ""fadel transportes e logística"": {market: GLOBAL_OPPORTUNITY_UNRESOLVED_REGION, category: GLOBAL_OPPORTUNITY}"
remoti,remoti,NEEDS_COMPANY_MAPPING,GLOBAL_OPPORTUNITY,,0.55,True,1,0,0,0,0,0,0,1,0,1,0,True,False,True,True,False,False,False,False,False,False,"recruiter/TA or opportunity-history signal present, region unresolved",1,21,"  ""remoti"": {market: GLOBAL_OPPORTUNITY_UNRESOLVED_REGION, category: GLOBAL_OPPORTUNITY}"
Almirall,almirall,NEEDS_COMPANY_MAPPING,GLOBAL_OPPORTUNITY,,0.55,True,2,0,1,0,0,0,1,1,0,1,0,False,False,True,True,False,False,False,False,False,False,"recruiter/TA or opportunity-history signal present, region unresolved",1,21,"  ""almirall"": {market: GLOBAL_OPPORTUNITY_UNRESOLVED_REGION, category: GLOBAL_OPPORTUNITY}"
SCUBE,scube,NEEDS_COMPANY_MAPPING,GLOBAL_OPPORTUNITY,,0.55,True,2,0,1,0,0,0,1,1,0,1,0,False,False,True,True,False,False,False,False,False,False,"recruiter/TA or opportunity-history signal present, region unresolved",1,21,"  ""scube"": {market: GLOBAL_OPPORTUNITY_UNRESOLVED_REGION, category: GLOBAL_OPPORTUNITY}"
Amenitiz,amenitiz,NEEDS_COMPANY_MAPPING,GLOBAL_OPPORTUNITY,,0.55,True,2,0,0,1,0,0,1,1,0,1,0,False,False,True,True,False,False,False,False,False,False,"recruiter/TA or opportunity-history signal present, region unresolved",1,21,"  ""amenitiz"": {market: GLOBAL_OPPORTUNITY_UNRESOLVED_REGION, category: GLOBAL_OPPORTUNITY}"
Talentful,talentful,NEEDS_COMPANY_MAPPING,GLOBAL_OPPORTUNITY,,0.55,True,1,0,0,0,0,0,0,1,0,1,0,True,False,True,True,False,False,False,False,False,False,"recruiter/TA or opportunity-history signal present, region unresolved",1,21,"  ""talentful"": {market: GLOBAL_OPPORTUNITY_UNRESOLVED_REGION, category: GLOBAL_OPPORTUNITY}"
Talento,talento,NEEDS_COMPANY_MAPPING,GLOBAL_OPPORTUNITY,,0.55,True,1,0,0,0,0,0,0,1,0,1,0,True,False,True,True,False,False,False,False,False,False,"recruiter/TA or opportunity-history signal present, region unresolved",1,21,"  ""talento"": {market: GLOBAL_OPPORTUNITY_UNRESOLVED_REGION, category: GLOBAL_OPPORTUNITY}"
Kyndryl,kyndryl,NEEDS_COMPANY_MAPPING,GLOBAL_OPPORTUNITY,,0.55,True,2,0,1,0,0,0,1,1,0,1,0,False,False,True,True,False,False,False,False,False,False,"recruiter/TA or opportunity-history signal present, region unresolved",1,21,"  ""kyndryl"": {market: GLOBAL_OPPORTUNITY_UNRESOLVED_REGION, category: GLOBAL_OPPORTUNITY}"
Beach Bum,beach bum,NEEDS_COMPANY_MAPPING,GLOBAL_OPPORTUNITY,,0.55,True,2,0,0,0,1,0,1,1,0,1,0,False,False,True,True,False,False,False,False,False,False,"recruiter/TA or opportunity-history signal present, region unresolved",1,20,"  ""beach bum"": {market: GLOBAL_OPPORTUNITY_UNRESOLVED_REGION, category: GLOBAL_OPPORTUNITY}"
Scotiabank,scotiabank,NEEDS_COMPANY_MAPPING,GLOBAL_OPPORTUNITY,,0.55,True,2,0,0,0,1,0,1,1,0,1,0,False,False,True,True,False,False,False,False,False,False,"recruiter/TA or opportunity-history signal present, region unresolved",1,20,"  ""scotiabank"": {market: GLOBAL_OPPORTUNITY_UNRESOLVED_REGION, category: GLOBAL_OPPORTUNITY}"
Clara,clara,NEEDS_COMPANY_MAPPING,GLOBAL_OPPORTUNITY,,0.55,True,2,0,0,0,1,0,1,1,0,1,0,False,False,True,True,False,False,False,False,False,False,"recruiter/TA or opportunity-history signal present, region unresolved",1,20,"  ""clara"": {market: GLOBAL_OPPORTUNITY_UNRESOLVED_REGION, category: GLOBAL_OPPORTUNITY}"
Petlove,petlove,NEEDS_COMPANY_MAPPING,GLOBAL_OPPORTUNITY,,0.55,True,5,0,0,0,0,0,4,1,0,1,0,False,False,True,True,False,False,False,False,False,False,"recruiter/TA or opportunity-history signal present, region unresolved",1,20,"  ""petlove"": {market: GLOBAL_OPPORTUNITY_UNRESOLVED_REGION, category: GLOBAL_OPPORTUNITY}"
Cargill,cargill,NEEDS_COMPANY_MAPPING,GLOBAL_OPPORTUNITY,,0.55,True,2,0,0,0,1,0,1,1,0,1,0,False,False,True,True,False,False,False,False,False,False,"recruiter/TA or opportunity-history signal present, region unresolved",1,20,"  ""cargill"": {market: GLOBAL_OPPORTUNITY_UNRESOLVED_REGION, category: GLOBAL_OPPORTUNITY}"
Bullla,bullla,NEEDS_COMPANY_MAPPING,GLOBAL_OPPORTUNITY,,0.55,True,2,0,0,0,1,0,1,1,0,1,0,False,False,True,True,False,False,False,False,False,False,"recruiter/TA or opportunity-history signal present, region unresolved",1,20,"  ""bullla"": {market: GLOBAL_OPPORTUNITY_UNRESOLVED_REGION, category: GLOBAL_OPPORTUNITY}"
Grupo Panvel,grupo panvel,NEEDS_COMPANY_MAPPING,GLOBAL_OPPORTUNITY,,0.55,True,4,0,0,0,0,0,2,2,0,1,0,False,False,True,True,False,False,False,False,False,False,"recruiter/TA or opportunity-history signal present, region unresolved",1,20,"  ""grupo panvel"": {market: GLOBAL_OPPORTUNITY_UNRESOLVED_REGION, category: GLOBAL_OPPORTUNITY}"
Cresol Cooperativa,cresol cooperativa,NEEDS_COMPANY_MAPPING,GLOBAL_OPPORTUNITY,,0.55,True,5,0,0,0,0,0,4,1,0,1,0,False,False,True,True,False,False,False,False,False,False,"recruiter/TA or opportunity-history signal present, region unresolved",1,20,"  ""cresol cooperativa"": {market: GLOBAL_OPPORTUNITY_UNRESOLVED_REGION, category: GLOBAL_OPPORTUNITY}"
EssilorLuxottica,essilorluxottica,NEEDS_COMPANY_MAPPING,GLOBAL_OPPORTUNITY,,0.55,True,2,0,1,0,0,0,0,1,0,1,0,False,False,True,True,False,False,False,False,False,False,"recruiter/TA or opportunity-history signal present, region unresolved",1,20,"  ""essilorluxottica"": {market: GLOBAL_OPPORTUNITY_UNRESOLVED_REGION, category: GLOBAL_OPPORTUNITY}"
Afya,afya,NEEDS_COMPANY_MAPPING,GLOBAL_OPPORTUNITY,,0.55,True,4,0,0,0,0,0,3,1,0,1,0,False,False,True,True,False,False,False,False,False,False,"recruiter/TA or opportunity-history signal present, region unresolved",1,19,"  ""afya"": {market: GLOBAL_OPPORTUNITY_UNRESOLVED_REGION, category: GLOBAL_OPPORTUNITY}"
Tintschl Unternehmensgruppe,tintschl unternehmensgruppe,NEEDS_COMPANY_MAPPING,GLOBAL_OPPORTUNITY,,0.55,True,2,1,0,0,0,0,0,2,0,0,0,False,False,True,True,False,False,False,False,False,False,"recruiter/TA or opportunity-history signal present, region unresolved",1,19,"  ""tintschl unternehmensgruppe"": {market: GLOBAL_OPPORTUNITY_UNRESOLVED_REGION, category: GLOBAL_OPPORTUNITY}"
Compass.uol,compass.uol,NEEDS_COMPANY_MAPPING,GLOBAL_OPPORTUNITY,,0.55,True,4,1,0,0,0,0,4,0,0,0,0,False,False,False,False,False,False,False,False,False,False,"recruiter/TA or opportunity-history signal present, region unresolved",1,19,"  ""compass.uol"": {market: GLOBAL_OPPORTUNITY_UNRESOLVED_REGION, category: GLOBAL_OPPORTUNITY}"
HVAR,hvar,NEEDS_COMPANY_MAPPING,GLOBAL_CONSULTING,,0.55,True,2,0,0,0,0,0,0,2,0,1,0,False,False,True,True,False,False,False,False,False,False,existing company category (GLOBAL_CONSULTING),1,18,"  ""hvar"": {market: GLOBAL_CONSULTING, category: GLOBAL_OPPORTUNITY}"
backlgrs,backlgrs,NEEDS_COMPANY_MAPPING,GLOBAL_OPPORTUNITY,,0.55,True,2,1,0,0,0,0,1,1,0,0,0,False,False,True,True,False,False,False,False,False,False,"recruiter/TA or opportunity-history signal present, region unresolved",1,18,"  ""backlgrs"": {market: GLOBAL_OPPORTUNITY_UNRESOLVED_REGION, category: GLOBAL_OPPORTUNITY}"
Monest,monest,NEEDS_COMPANY_MAPPING,GLOBAL_OPPORTUNITY,,0.55,True,2,0,0,0,0,0,0,2,0,1,0,False,False,True,True,False,False,False,False,False,False,"recruiter/TA or opportunity-history signal present, region unresolved",1,18,"  ""monest"": {market: GLOBAL_OPPORTUNITY_UNRESOLVED_REGION, category: GLOBAL_OPPORTUNITY}"
Volis,volis,NEEDS_COMPANY_MAPPING,GLOBAL_OPPORTUNITY,,0.55,True,3,0,0,0,0,0,2,1,0,1,0,False,False,True,True,False,False,False,False,False,False,"recruiter/TA or opportunity-history signal present, region unresolved",1,18,"  ""volis"": {market: GLOBAL_OPPORTUNITY_UNRESOLVED_REGION, category: GLOBAL_OPPORTUNITY}"
Koda Staff,koda staff,NEEDS_COMPANY_MAPPING,GLOBAL_OPPORTUNITY,,0.55,True,2,1,0,0,0,0,1,1,0,0,0,False,False,True,True,False,False,False,False,False,False,"recruiter/TA or opportunity-history signal present, region unresolved",1,18,"  ""koda staff"": {market: GLOBAL_OPPORTUNITY_UNRESOLVED_REGION, category: GLOBAL_OPPORTUNITY}"
Smarthis,smarthis,NEEDS_COMPANY_MAPPING,GLOBAL_OPPORTUNITY,,0.55,True,3,0,0,0,0,0,2,1,0,1,0,False,False,True,True,False,False,False,False,False,False,"recruiter/TA or opportunity-history signal present, region unresolved",1,18,"  ""smarthis"": {market: GLOBAL_OPPORTUNITY_UNRESOLVED_REGION, category: GLOBAL_OPPORTUNITY}"
Grupo JCA,grupo jca,NEEDS_COMPANY_MAPPING,GLOBAL_OPPORTUNITY,,0.55,True,3,0,1,0,0,0,2,1,0,0,0,False,False,True,True,False,False,False,False,False,False,"recruiter/TA or opportunity-history signal present, region unresolved",1,18,"  ""grupo jca"": {market: GLOBAL_OPPORTUNITY_UNRESOLVED_REGION, category: GLOBAL_OPPORTUNITY}"
Arvenda LLC,arvenda,NEEDS_COMPANY_MAPPING,GLOBAL_OPPORTUNITY,,0.55,True,2,0,0,0,0,0,0,2,0,1,0,False,False,True,True,False,False,False,False,False,False,"recruiter/TA or opportunity-history signal present, region unresolved",1,18,"  ""arvenda llc"": {market: GLOBAL_OPPORTUNITY_UNRESOLVED_REGION, category: GLOBAL_OPPORTUNITY}"
Clarios,clarios,NEEDS_COMPANY_MAPPING,GLOBAL_OPPORTUNITY,,0.55,True,3,0,1,0,0,0,3,0,0,0,0,False,False,False,False,False,False,False,False,False,False,"recruiter/TA or opportunity-history signal present, region unresolved",1,17,"  ""clarios"": {market: GLOBAL_OPPORTUNITY_UNRESOLVED_REGION, category: GLOBAL_OPPORTUNITY}"
Cayena,cayena,NEEDS_COMPANY_MAPPING,GLOBAL_OPPORTUNITY,,0.55,True,2,1,0,0,0,0,2,0,0,0,0,False,False,False,False,False,False,False,False,False,False,"recruiter/TA or opportunity-history signal present, region unresolved",1,17,"  ""cayena"": {market: GLOBAL_OPPORTUNITY_UNRESOLVED_REGION, category: GLOBAL_OPPORTUNITY}"
Cecotec,cecotec,NEEDS_COMPANY_MAPPING,GLOBAL_OPPORTUNITY,,0.55,True,2,0,0,0,0,0,1,1,0,1,0,False,False,True,True,False,False,False,False,False,False,"recruiter/TA or opportunity-history signal present, region unresolved",1,17,"  ""cecotec"": {market: GLOBAL_OPPORTUNITY_UNRESOLVED_REGION, category: GLOBAL_OPPORTUNITY}"
Juvo,juvo,NEEDS_COMPANY_MAPPING,GLOBAL_OPPORTUNITY,,0.55,True,3,0,0,0,1,0,2,1,0,0,0,False,False,True,True,False,False,False,False,False,False,"recruiter/TA or opportunity-history signal present, region unresolved",1,17,"  ""juvo"": {market: GLOBAL_OPPORTUNITY_UNRESOLVED_REGION, category: GLOBAL_OPPORTUNITY}"
Associação Comercial do Paraná,associação comercial do paraná,NEEDS_COMPANY_MAPPING,GLOBAL_OPPORTUNITY,,0.55,True,2,0,0,0,0,0,1,1,0,1,0,False,False,True,True,False,False,False,False,False,False,"recruiter/TA or opportunity-history signal present, region unresolved",1,17,"  ""associação comercial do paraná"": {market: GLOBAL_OPPORTUNITY_UNRESOLVED_REGION, category: GLOBAL_OPPORTUNITY}"
Optum,optum,NEEDS_COMPANY_MAPPING,GLOBAL_OPPORTUNITY,,0.55,True,2,0,1,0,0,0,1,1,0,0,0,False,False,True,True,False,False,False,False,False,False,"recruiter/TA or opportunity-history signal present, region unresolved",1,17,"  ""optum"": {market: GLOBAL_OPPORTUNITY_UNRESOLVED_REGION, category: GLOBAL_OPPORTUNITY}"
Gedanken - GCertifica,gedanken - gcertifica,NEEDS_COMPANY_MAPPING,GLOBAL_OPPORTUNITY,,0.55,True,2,0,0,0,0,0,1,1,0,1,1,False,False,True,True,False,False,False,False,False,False,"recruiter/TA or opportunity-history signal present, region unresolved",1,17,"  ""gedanken - gcertifica"": {market: GLOBAL_OPPORTUNITY_UNRESOLVED_REGION, category: GLOBAL_OPPORTUNITY}"
Solar Coca-Cola,solar coca-cola,NEEDS_COMPANY_MAPPING,NEEDS_COMPANY_MAPPING,,0.0,True,4,0,0,0,1,0,4,0,0,0,0,False,False,False,False,False,False,False,False,False,False,"no keyword, dictionary, persona, or message signal found — needs manual research",1,17,
Grupo AG,grupo,NEEDS_COMPANY_MAPPING,GLOBAL_OPPORTUNITY,,0.55,True,2,1,0,0,0,0,2,0,0,0,0,False,False,False,False,False,False,False,False,False,False,"recruiter/TA or opportunity-history signal present, region unresolved",1,17,"  ""grupo ag"": {market: GLOBAL_OPPORTUNITY_UNRESOLVED_REGION, category: GLOBAL_OPPORTUNITY}"
GCB Investimentos,gcb investimentos,NEEDS_COMPANY_MAPPING,GLOBAL_OPPORTUNITY,,0.55,True,2,0,0,0,0,0,1,1,0,1,0,False,False,True,True,False,False,False,False,False,False,"recruiter/TA or opportunity-history signal present, region unresolved",1,17,"  ""gcb investimentos"": {market: GLOBAL_OPPORTUNITY_UNRESOLVED_REGION, category: GLOBAL_OPPORTUNITY}"
Shift,shift,NEEDS_COMPANY_MAPPING,NEEDS_COMPANY_MAPPING,,0.0,True,2,0,0,0,0,0,1,1,0,1,0,False,False,True,False,False,False,False,False,False,False,"no keyword, dictionary, persona, or message signal found — needs manual research",1,17,
IntelliPro,intellipro,NEEDS_COMPANY_MAPPING,GLOBAL_OPPORTUNITY,,0.55,True,2,1,0,0,0,0,2,0,0,0,0,False,False,False,False,False,False,False,False,False,False,"recruiter/TA or opportunity-history signal present, region unresolved",1,17,"  ""intellipro"": {market: GLOBAL_OPPORTUNITY_UNRESOLVED_REGION, category: GLOBAL_OPPORTUNITY}"
RAFATELLA INVESTIMENTOS,rafatella investimentos,NEEDS_COMPANY_MAPPING,GLOBAL_OPPORTUNITY,,0.55,True,2,0,0,0,0,0,1,1,0,1,0,False,False,True,True,False,False,False,False,False,False,"recruiter/TA or opportunity-history signal present, region unresolved",1,17,"  ""rafatella investimentos"": {market: GLOBAL_OPPORTUNITY_UNRESOLVED_REGION, category: GLOBAL_OPPORTUNITY}"
Smart Fit,smart fit,NEEDS_COMPANY_MAPPING,GLOBAL_OPPORTUNITY,,0.55,True,2,0,0,0,0,0,1,1,0,1,0,False,False,True,True,False,False,False,False,False,False,"recruiter/TA or opportunity-history signal present, region unresolved",1,17,"  ""smart fit"": {market: GLOBAL_OPPORTUNITY_UNRESOLVED_REGION, category: GLOBAL_OPPORTUNITY}"
RM Gente e Gestão,rm gente e gestão,NEEDS_COMPANY_MAPPING,GLOBAL_OPPORTUNITY,,0.55,True,2,0,0,0,0,0,1,1,0,1,0,False,False,True,True,False,False,False,False,False,False,"recruiter/TA or opportunity-history signal present, region unresolved",1,17,"  ""rm gente e gestão"": {market: GLOBAL_OPPORTUNITY_UNRESOLVED_REGION, category: GLOBAL_OPPORTUNITY}"
Grupo Terra Firme,grupo terra firme,NEEDS_COMPANY_MAPPING,GLOBAL_OPPORTUNITY,,0.55,True,2,0,0,0,0,0,1,1,0,1,0,False,False,True,True,False,False,False,False,False,False,"recruiter/TA or opportunity-history signal present, region unresolved",1,17,"  ""grupo terra firme"": {market: GLOBAL_OPPORTUNITY_UNRESOLVED_REGION, category: GLOBAL_OPPORTUNITY}"
AMEWAS,amewas,NEEDS_COMPANY_MAPPING,GLOBAL_OPPORTUNITY,,0.55,True,2,1,0,0,0,0,2,0,0,0,0,False,False,False,False,False,False,False,False,False,False,"recruiter/TA or opportunity-history signal present, region unresolved",1,17,"  ""amewas"": {market: GLOBAL_OPPORTUNITY_UNRESOLVED_REGION, category: GLOBAL_OPPORTUNITY}"
Grupo Petrópolis,grupo petrópolis,NEEDS_COMPANY_MAPPING,GLOBAL_OPPORTUNITY,,0.55,True,3,0,1,0,0,0,3,0,0,0,0,False,False,False,False,False,False,False,False,False,False,"recruiter/TA or opportunity-history signal present, region unresolved",1,17,"  ""grupo petrópolis"": {market: GLOBAL_OPPORTUNITY_UNRESOLVED_REGION, category: GLOBAL_OPPORTUNITY}"
Bettermile,bettermile,NEEDS_COMPANY_MAPPING,GLOBAL_OPPORTUNITY,,0.55,True,2,0,1,0,0,0,1,1,0,0,0,False,False,True,True,False,False,False,False,False,False,"recruiter/TA or opportunity-history signal present, region unresolved",1,17,"  ""bettermile"": {market: GLOBAL_OPPORTUNITY_UNRESOLVED_REGION, category: GLOBAL_OPPORTUNITY}"
"Tanisha Systems, Inc",tanisha systems,NEEDS_COMPANY_MAPPING,GLOBAL_OPPORTUNITY,,0.55,True,2,1,0,0,0,0,2,0,0,0,0,False,False,False,False,False,False,False,False,False,False,"recruiter/TA or opportunity-history signal present, region unresolved",1,17,"  ""tanisha systems, inc"": {market: GLOBAL_OPPORTUNITY_UNRESOLVED_REGION, category: GLOBAL_OPPORTUNITY}"
Empresa Confidencial,empresa confidencial,NEEDS_COMPANY_MAPPING,GLOBAL_OPPORTUNITY,,0.55,True,3,1,0,0,0,0,2,0,0,0,0,False,False,False,True,False,False,False,False,False,False,"recruiter/TA or opportunity-history signal present, region unresolved",1,17,"  ""empresa confidencial"": {market: GLOBAL_OPPORTUNITY_UNRESOLVED_REGION, category: GLOBAL_OPPORTUNITY}"
Escola Conquer,escola conquer,NEEDS_COMPANY_MAPPING,GLOBAL_OPPORTUNITY,,0.55,True,2,0,0,0,0,0,1,1,0,1,0,False,False,True,True,False,False,False,False,False,False,"recruiter/TA or opportunity-history signal present, region unresolved",1,17,"  ""escola conquer"": {market: GLOBAL_OPPORTUNITY_UNRESOLVED_REGION, category: GLOBAL_OPPORTUNITY}"
Telespazio,telespazio,NEEDS_COMPANY_MAPPING,GLOBAL_OPPORTUNITY,,0.55,True,2,0,1,0,0,0,1,1,0,0,0,False,False,True,True,False,False,False,False,False,False,"recruiter/TA or opportunity-history signal present, region unresolved",1,17,"  ""telespazio"": {market: GLOBAL_OPPORTUNITY_UNRESOLVED_REGION, category: GLOBAL_OPPORTUNITY}"
AGCO Corporation,agco,NEEDS_COMPANY_MAPPING,GLOBAL_OPPORTUNITY,,0.55,True,2,1,0,0,0,0,2,0,0,0,0,False,False,False,False,False,False,False,False,False,False,"recruiter/TA or opportunity-history signal present, region unresolved",1,17,"  ""agco corporation"": {market: GLOBAL_OPPORTUNITY_UNRESOLVED_REGION, category: GLOBAL_OPPORTUNITY}"
FITZ,fitz,NEEDS_COMPANY_MAPPING,GLOBAL_OPPORTUNITY,,0.55,True,2,1,0,0,0,0,2,0,0,0,0,False,False,False,False,False,False,False,False,False,False,"recruiter/TA or opportunity-history signal present, region unresolved",1,17,"  ""fitz"": {market: GLOBAL_OPPORTUNITY_UNRESOLVED_REGION, category: GLOBAL_OPPORTUNITY}"
Finch | Simplificando o mundo jurídico,finch | simplificando o mundo jurídico,NEEDS_COMPANY_MAPPING,GLOBAL_OPPORTUNITY,,0.55,True,2,0,0,0,0,0,1,1,0,1,0,False,False,True,True,False,False,False,False,False,False,"recruiter/TA or opportunity-history signal present, region unresolved",1,17,"  ""finch | simplificando o mundo jurídico"": {market: GLOBAL_OPPORTUNITY_UNRESOLVED_REGION, category: GLOBAL_OPPORTUNITY}"
eleQtron GmbH,eleqtron,NEEDS_COMPANY_MAPPING,GLOBAL_OPPORTUNITY,,0.55,True,2,1,0,0,0,0,2,0,0,0,0,False,False,False,False,False,False,False,False,False,False,"recruiter/TA or opportunity-history signal present, region unresolved",1,17,"  ""eleqtron gmbh"": {market: GLOBAL_OPPORTUNITY_UNRESOLVED_REGION, category: GLOBAL_OPPORTUNITY}"
Van Hyde International,van hyde international,NEEDS_COMPANY_MAPPING,GLOBAL_OPPORTUNITY,,0.55,True,2,0,0,0,0,0,1,1,0,1,0,False,False,True,True,False,False,False,False,False,False,"recruiter/TA or opportunity-history signal present, region unresolved",1,17,"  ""van hyde international"": {market: GLOBAL_OPPORTUNITY_UNRESOLVED_REGION, category: GLOBAL_OPPORTUNITY}"
Deal,deal,NEEDS_COMPANY_MAPPING,GLOBAL_OPPORTUNITY,,0.55,True,2,1,0,0,0,0,2,0,0,0,0,False,False,False,False,False,False,False,False,False,False,"recruiter/TA or opportunity-history signal present, region unresolved",1,17,"  ""deal"": {market: GLOBAL_OPPORTUNITY_UNRESOLVED_REGION, category: GLOBAL_OPPORTUNITY}"
Veho,veho,NEEDS_COMPANY_MAPPING,GLOBAL_OPPORTUNITY,,0.55,True,2,1,0,0,0,0,2,0,0,0,0,False,False,False,False,False,False,False,False,False,False,"recruiter/TA or opportunity-history signal present, region unresolved",1,17,"  ""veho"": {market: GLOBAL_OPPORTUNITY_UNRESOLVED_REGION, category: GLOBAL_OPPORTUNITY}"
Addi,addi,NEEDS_COMPANY_MAPPING,GLOBAL_OPPORTUNITY,,0.55,True,2,1,0,0,0,0,2,0,0,0,0,False,False,False,False,False,False,False,False,False,False,"recruiter/TA or opportunity-history signal present, region unresolved",1,17,"  ""addi"": {market: GLOBAL_OPPORTUNITY_UNRESOLVED_REGION, category: GLOBAL_OPPORTUNITY}"
CyberHULL,cyberhull,NEEDS_COMPANY_MAPPING,GLOBAL_OPPORTUNITY,,0.55,True,2,1,0,0,0,0,2,0,0,0,0,False,False,False,False,False,False,False,False,False,False,"recruiter/TA or opportunity-history signal present, region unresolved",1,17,"  ""cyberhull"": {market: GLOBAL_OPPORTUNITY_UNRESOLVED_REGION, category: GLOBAL_OPPORTUNITY}"
Brightman. IT Recruiting Agency,brightman. it recruiting agency,NEEDS_COMPANY_MAPPING,GLOBAL_STAFFING,GLOBAL_STAFFING,0.8,True,2,1,0,0,0,0,2,0,0,0,0,False,False,False,False,False,False,False,False,True,False,staffing/recruiting keyword in company name,1,17,"  ""brightman. it recruiting agency"": {market: GLOBAL_STAFFING, category: GLOBAL_STAFFING}"
CredAluga,credaluga,NEEDS_COMPANY_MAPPING,GLOBAL_OPPORTUNITY,,0.55,True,2,0,0,0,0,0,1,1,0,1,0,False,False,True,True,False,False,False,False,False,False,"recruiter/TA or opportunity-history signal present, region unresolved",1,17,"  ""credaluga"": {market: GLOBAL_OPPORTUNITY_UNRESOLVED_REGION, category: GLOBAL_OPPORTUNITY}"
ZF Group,zf,NEEDS_COMPANY_MAPPING,GLOBAL_OPPORTUNITY,,0.55,True,2,1,0,0,0,0,2,0,0,0,0,False,False,False,False,False,False,False,False,False,False,"recruiter/TA or opportunity-history signal present, region unresolved",1,17,"  ""zf group"": {market: GLOBAL_OPPORTUNITY_UNRESOLVED_REGION, category: GLOBAL_OPPORTUNITY}"
카카오픽코마 (kakaopiccoma),카카오픽코마 (kakaopiccoma),NEEDS_COMPANY_MAPPING,GLOBAL_OPPORTUNITY,,0.55,True,1,0,0,0,0,0,0,1,0,1,0,False,False,True,True,False,False,False,False,False,False,"recruiter/TA or opportunity-history signal present, region unresolved",1,16,"  ""카카오픽코마 (kakaopiccoma)"": {market: GLOBAL_OPPORTUNITY_UNRESOLVED_REGION, category: GLOBAL_OPPORTUNITY}"
"""Uzbek Industrial and Construction Bank"" JSCB","""uzbek industrial and construction bank"" jscb",NEEDS_COMPANY_MAPPING,GLOBAL_OPPORTUNITY,,0.55,True,1,0,0,0,0,0,0,1,0,1,0,False,False,True,True,False,False,False,False,False,False,"recruiter/TA or opportunity-history signal present, region unresolved",1,16,"  ""'uzbek industrial and construction bank' jscb"": {market: GLOBAL_OPPORTUNITY_UNRESOLVED_REGION, category: GLOBAL_OPPORTUNITY}"
Xpantion,xpantion,NEEDS_COMPANY_MAPPING,GLOBAL_OPPORTUNITY,,0.55,True,1,0,0,0,0,0,0,1,0,1,0,False,False,True,True,False,False,False,False,False,False,"recruiter/TA or opportunity-history signal present, region unresolved",1,16,"  ""xpantion"": {market: GLOBAL_OPPORTUNITY_UNRESOLVED_REGION, category: GLOBAL_OPPORTUNITY}"
Xeridia,xeridia,NEEDS_COMPANY_MAPPING,GLOBAL_OPPORTUNITY,,0.55,True,1,0,0,0,0,0,0,1,0,1,0,False,False,True,True,False,False,False,False,False,False,"recruiter/TA or opportunity-history signal present, region unresolved",1,16,"  ""xeridia"": {market: GLOBAL_OPPORTUNITY_UNRESOLVED_REGION, category: GLOBAL_OPPORTUNITY}"
Adalab,adalab,NEEDS_COMPANY_MAPPING,GLOBAL_OPPORTUNITY,,0.55,True,1,0,0,0,0,0,0,1,0,1,0,False,False,True,True,False,False,False,False,False,False,"recruiter/TA or opportunity-history signal present, region unresolved",1,16,"  ""adalab"": {market: GLOBAL_OPPORTUNITY_UNRESOLVED_REGION, category: GLOBAL_OPPORTUNITY}"
Activo.uy,activo.uy,NEEDS_COMPANY_MAPPING,GLOBAL_OPPORTUNITY,,0.55,True,1,0,0,0,0,0,0,1,0,1,0,False,False,True,True,False,False,False,False,False,False,"recruiter/TA or opportunity-history signal present, region unresolved",1,16,"  ""activo.uy"": {market: GLOBAL_OPPORTUNITY_UNRESOLVED_REGION, category: GLOBAL_OPPORTUNITY}"
Achs Seguro Laboral,achs seguro laboral,NEEDS_COMPANY_MAPPING,GLOBAL_OPPORTUNITY,,0.55,True,1,0,0,0,0,0,0,1,0,1,0,False,False,True,True,False,False,False,False,False,False,"recruiter/TA or opportunity-history signal present, region unresolved",1,16,"  ""achs seguro laboral"": {market: GLOBAL_OPPORTUNITY_UNRESOLVED_REGION, category: GLOBAL_OPPORTUNITY}"
Access Bank Plc,access bank,NEEDS_COMPANY_MAPPING,GLOBAL_OPPORTUNITY,,0.55,True,1,0,0,0,0,0,0,1,0,1,0,False,False,True,True,False,False,False,False,False,False,"recruiter/TA or opportunity-history signal present, region unresolved",1,16,"  ""access bank plc"": {market: GLOBAL_OPPORTUNITY_UNRESOLVED_REGION, category: GLOBAL_OPPORTUNITY}"
Accelerant,accelerant,NEEDS_COMPANY_MAPPING,GLOBAL_OPPORTUNITY,,0.55,True,1,0,0,0,0,0,0,1,0,1,0,False,False,True,True,False,False,False,False,False,False,"recruiter/TA or opportunity-history signal present, region unresolved",1,16,"  ""accelerant"": {market: GLOBAL_OPPORTUNITY_UNRESOLVED_REGION, category: GLOBAL_OPPORTUNITY}"
Academia do Dev,academia do dev,NEEDS_COMPANY_MAPPING,GLOBAL_OPPORTUNITY,,0.55,True,1,0,0,0,0,0,0,1,0,1,0,False,False,True,True,False,False,False,False,False,False,"recruiter/TA or opportunity-history signal present, region unresolved",1,16,"  ""academia do dev"": {market: GLOBAL_OPPORTUNITY_UNRESOLVED_REGION, category: GLOBAL_OPPORTUNITY}"
ZeuZ,zeuz,NEEDS_COMPANY_MAPPING,GLOBAL_OPPORTUNITY,,0.55,True,1,0,0,0,0,0,0,1,0,1,0,False,False,True,True,False,False,False,False,False,False,"recruiter/TA or opportunity-history signal present, region unresolved",1,16,"  ""zeuz"": {market: GLOBAL_OPPORTUNITY_UNRESOLVED_REGION, category: GLOBAL_OPPORTUNITY}"
ZEROGATE,zerogate,NEEDS_COMPANY_MAPPING,GLOBAL_OPPORTUNITY,,0.55,True,1,0,0,0,0,0,0,1,0,1,0,False,False,True,True,False,False,False,False,False,False,"recruiter/TA or opportunity-history signal present, region unresolved",1,16,"  ""zerogate"": {market: GLOBAL_OPPORTUNITY_UNRESOLVED_REGION, category: GLOBAL_OPPORTUNITY}"
ZAVAZ Media Group,zavaz media,NEEDS_COMPANY_MAPPING,GLOBAL_OPPORTUNITY,,0.55,True,1,0,0,0,0,0,0,1,0,1,0,False,False,True,True,False,False,False,False,False,False,"recruiter/TA or opportunity-history signal present, region unresolved",1,16,"  ""zavaz media group"": {market: GLOBAL_OPPORTUNITY_UNRESOLVED_REGION, category: GLOBAL_OPPORTUNITY}"
ZAFIRO TELECOM,zafiro telecom,NEEDS_COMPANY_MAPPING,GLOBAL_OPPORTUNITY,,0.55,True,1,0,0,0,0,0,0,1,0,1,0,False,False,True,True,False,False,False,False,False,False,"recruiter/TA or opportunity-history signal present, region unresolved",1,16,"  ""zafiro telecom"": {market: GLOBAL_OPPORTUNITY_UNRESOLVED_REGION, category: GLOBAL_OPPORTUNITY}"
AB Mauri Uruguay (Fleischmann - Terry),ab mauri uruguay (fleischmann - terry),NEEDS_COMPANY_MAPPING,GLOBAL_OPPORTUNITY,,0.55,True,1,0,0,0,0,0,0,1,0,1,0,False,False,True,True,False,False,False,False,False,False,"recruiter/TA or opportunity-history signal present, region unresolved",1,16,"  ""ab mauri uruguay (fleischmann - terry)"": {market: GLOBAL_OPPORTUNITY_UNRESOLVED_REGION, category: GLOBAL_OPPORTUNITY}"
Wyndham Garden,wyndham garden,NEEDS_COMPANY_MAPPING,GLOBAL_OPPORTUNITY,,0.55,True,1,0,0,0,0,0,0,1,0,1,0,False,False,True,True,False,False,False,False,False,False,"recruiter/TA or opportunity-history signal present, region unresolved",1,16,"  ""wyndham garden"": {market: GLOBAL_OPPORTUNITY_UNRESOLVED_REGION, category: GLOBAL_OPPORTUNITY}"
Wylinka,wylinka,NEEDS_COMPANY_MAPPING,GLOBAL_OPPORTUNITY,,0.55,True,1,0,0,0,0,0,0,1,0,1,0,False,False,True,True,False,False,False,False,False,False,"recruiter/TA or opportunity-history signal present, region unresolved",1,16,"  ""wylinka"": {market: GLOBAL_OPPORTUNITY_UNRESOLVED_REGION, category: GLOBAL_OPPORTUNITY}"
Woodside Energy India,woodside energy india,NEEDS_COMPANY_MAPPING,GLOBAL_OPPORTUNITY,,0.55,True,1,0,0,0,0,0,0,1,0,1,0,False,False,True,True,False,False,False,False,False,False,"recruiter/TA or opportunity-history signal present, region unresolved",1,16,"  ""woodside energy india"": {market: GLOBAL_OPPORTUNITY_UNRESOLVED_REGION, category: GLOBAL_OPPORTUNITY}"
Wizards of the Coast,wizards of the coast,NEEDS_COMPANY_MAPPING,GLOBAL_OPPORTUNITY,,0.55,True,1,0,0,0,0,0,0,1,0,1,0,False,False,True,True,False,False,False,False,False,False,"recruiter/TA or opportunity-history signal present, region unresolved",1,16,"  ""wizards of the coast"": {market: GLOBAL_OPPORTUNITY_UNRESOLVED_REGION, category: GLOBAL_OPPORTUNITY}"
Wird,wird,NEEDS_COMPANY_MAPPING,GLOBAL_OPPORTUNITY,,0.55,True,1,0,0,0,0,0,0,1,0,1,0,False,False,True,True,False,False,False,False,False,False,"recruiter/TA or opportunity-history signal present, region unresolved",1,16,"  ""wird"": {market: GLOBAL_OPPORTUNITY_UNRESOLVED_REGION, category: GLOBAL_OPPORTUNITY}"
William Alexander Recruitment,william alexander recruitment,NEEDS_COMPANY_MAPPING,GLOBAL_STAFFING,GLOBAL_STAFFING,0.8,True,1,0,0,0,0,0,0,1,0,1,0,False,False,True,True,False,False,False,False,True,False,staffing/recruiting keyword in company name,1,16,"  ""william alexander recruitment"": {market: GLOBAL_STAFFING, category: GLOBAL_STAFFING}"
Wheel the World,wheel the world,NEEDS_COMPANY_MAPPING,GLOBAL_OPPORTUNITY,,0.55,True,1,0,0,0,0,0,0,1,0,1,0,False,False,True,True,False,False,False,False,False,False,"recruiter/TA or opportunity-history signal present, region unresolved",1,16,"  ""wheel the world"": {market: GLOBAL_OPPORTUNITY_UNRESOLVED_REGION, category: GLOBAL_OPPORTUNITY}"
West Monroe,west monroe,NEEDS_COMPANY_MAPPING,GLOBAL_OPPORTUNITY,,0.55,True,1,0,0,0,0,0,0,1,0,1,0,False,False,True,True,False,False,False,False,False,False,"recruiter/TA or opportunity-history signal present, region unresolved",1,16,"  ""west monroe"": {market: GLOBAL_OPPORTUNITY_UNRESOLVED_REGION, category: GLOBAL_OPPORTUNITY}"
CARNES RIKATAS,carnes rikatas,NEEDS_COMPANY_MAPPING,GLOBAL_OPPORTUNITY,,0.55,True,1,0,0,0,0,0,0,1,0,1,0,False,False,True,True,False,False,False,False,False,False,"recruiter/TA or opportunity-history signal present, region unresolved",1,16,"  ""carnes rikatas"": {market: GLOBAL_OPPORTUNITY_UNRESOLVED_REGION, category: GLOBAL_OPPORTUNITY}"
Care&Co Uy,care&co uy,NEEDS_COMPANY_MAPPING,GLOBAL_OPPORTUNITY,,0.55,True,1,0,0,0,0,0,0,1,0,1,0,False,False,True,True,False,False,False,False,False,False,"recruiter/TA or opportunity-history signal present, region unresolved",1,16,"  ""care&co uy"": {market: GLOBAL_OPPORTUNITY_UNRESOLVED_REGION, category: GLOBAL_OPPORTUNITY}"
CaptivateIQ,captivateiq,NEEDS_COMPANY_MAPPING,GLOBAL_OPPORTUNITY,,0.55,True,2,0,0,0,1,0,1,1,0,0,0,False,False,True,True,False,False,False,False,False,False,"recruiter/TA or opportunity-history signal present, region unresolved",1,16,"  ""captivateiq"": {market: GLOBAL_OPPORTUNITY_UNRESOLVED_REGION, category: GLOBAL_OPPORTUNITY}"
CandyCo LLC,candyco,NEEDS_COMPANY_MAPPING,GLOBAL_OPPORTUNITY,,0.55,True,1,0,0,0,0,0,0,1,0,1,0,False,False,True,True,False,False,False,False,False,False,"recruiter/TA or opportunity-history signal present, region unresolved",1,16,"  ""candyco llc"": {market: GLOBAL_OPPORTUNITY_UNRESOLVED_REGION, category: GLOBAL_OPPORTUNITY}"
Weber Ambiental,weber ambiental,NEEDS_COMPANY_MAPPING,NEEDS_COMPANY_MAPPING,,0.0,True,1,0,0,0,0,0,0,1,0,1,0,False,False,True,False,False,False,False,False,False,False,"no keyword, dictionary, persona, or message signal found — needs manual research",1,16,
We Are Pipol,we are pipol,NEEDS_COMPANY_MAPPING,GLOBAL_OPPORTUNITY,,0.55,True,1,0,0,0,0,0,0,1,0,1,0,False,False,True,True,False,False,False,False,False,False,"recruiter/TA or opportunity-history signal present, region unresolved",1,16,"  ""we are pipol"": {market: GLOBAL_OPPORTUNITY_UNRESOLVED_REGION, category: GLOBAL_OPPORTUNITY}"
Viventium,viventium,NEEDS_COMPANY_MAPPING,GLOBAL_OPPORTUNITY,,0.55,True,1,0,0,0,0,0,0,1,0,1,0,False,False,True,True,False,False,False,False,False,False,"recruiter/TA or opportunity-history signal present, region unresolved",1,16,"  ""viventium"": {market: GLOBAL_OPPORTUNITY_UNRESOLVED_REGION, category: GLOBAL_OPPORTUNITY}"
Viva Republica (Toss),viva republica (toss),NEEDS_COMPANY_MAPPING,GLOBAL_OPPORTUNITY,,0.55,True,1,0,0,0,0,0,0,1,0,1,0,False,False,True,True,False,False,False,False,False,False,"recruiter/TA or opportunity-history signal present, region unresolved",1,16,"  ""viva republica (toss)"": {market: GLOBAL_OPPORTUNITY_UNRESOLVED_REGION, category: GLOBAL_OPPORTUNITY}"
Visure Solutions,visure,NEEDS_COMPANY_MAPPING,GLOBAL_OPPORTUNITY,GLOBAL_CONSULTING,0.55,True,1,0,0,0,0,0,0,1,0,1,0,False,False,True,True,False,False,False,False,False,True,generic 'solutions' keyword in company name (weak signal),1,16,"  ""visure solutions"": {market: GLOBAL_OPPORTUNITY_UNRESOLVED_REGION, category: GLOBAL_CONSULTING}"
virtual7 GmbH,virtual7,NEEDS_COMPANY_MAPPING,GLOBAL_OPPORTUNITY,,0.55,True,1,0,0,0,0,0,0,1,0,1,0,False,False,True,True,False,False,False,False,False,False,"recruiter/TA or opportunity-history signal present, region unresolved",1,16,"  ""virtual7 gmbh"": {market: GLOBAL_OPPORTUNITY_UNRESOLVED_REGION, category: GLOBAL_OPPORTUNITY}"
Virtual Internships,virtual internships,NEEDS_COMPANY_MAPPING,GLOBAL_OPPORTUNITY,,0.55,True,1,0,0,0,0,0,0,1,0,1,0,False,False,True,True,False,False,False,False,False,False,"recruiter/TA or opportunity-history signal present, region unresolved",1,16,"  ""virtual internships"": {market: GLOBAL_OPPORTUNITY_UNRESOLVED_REGION, category: GLOBAL_OPPORTUNITY}"
Vintelix,vintelix,NEEDS_COMPANY_MAPPING,GLOBAL_OPPORTUNITY,,0.55,True,1,0,0,0,0,0,0,1,0,1,0,False,False,True,True,False,False,False,False,False,False,"recruiter/TA or opportunity-history signal present, region unresolved",1,16,"  ""vintelix"": {market: GLOBAL_OPPORTUNITY_UNRESOLVED_REGION, category: GLOBAL_OPPORTUNITY}"
VinDynamics,vindynamics,NEEDS_COMPANY_MAPPING,GLOBAL_OPPORTUNITY,,0.55,True,1,0,0,0,0,0,0,1,0,1,0,False,False,True,True,False,False,False,False,False,False,"recruiter/TA or opportunity-history signal present, region unresolved",1,16,"  ""vindynamics"": {market: GLOBAL_OPPORTUNITY_UNRESOLVED_REGION, category: GLOBAL_OPPORTUNITY}"
Ceibo,ceibo,NEEDS_COMPANY_MAPPING,GLOBAL_OPPORTUNITY,,0.55,True,1,0,0,0,0,0,0,1,0,1,0,False,False,True,True,False,False,False,False,False,False,"recruiter/TA or opportunity-history signal present, region unresolved",1,16,"  ""ceibo"": {market: GLOBAL_OPPORTUNITY_UNRESOLVED_REGION, category: GLOBAL_OPPORTUNITY}"
Cegedim,cegedim,NEEDS_COMPANY_MAPPING,GLOBAL_OPPORTUNITY,,0.55,True,1,0,0,0,0,0,0,1,0,1,0,False,False,True,True,False,False,False,False,False,False,"recruiter/TA or opportunity-history signal present, region unresolved",1,16,"  ""cegedim"": {market: GLOBAL_OPPORTUNITY_UNRESOLVED_REGION, category: GLOBAL_OPPORTUNITY}"
Caru Moràlles | Gestão de Pessoas e Carreiras,caru moràlles | gestão de pessoas e carreiras,NEEDS_COMPANY_MAPPING,GLOBAL_OPPORTUNITY,,0.55,True,1,0,0,0,0,0,0,1,0,1,0,False,False,True,True,False,False,False,False,False,False,"recruiter/TA or opportunity-history signal present, region unresolved",1,16,"  ""caru moràlles | gestão de pessoas e carreiras"": {market: GLOBAL_OPPORTUNITY_UNRESOLVED_REGION, category: GLOBAL_OPPORTUNITY}"
VFS Global,vfs,NEEDS_COMPANY_MAPPING,NEEDS_COMPANY_MAPPING,,0.0,True,1,0,0,0,0,0,0,1,0,1,0,False,False,True,False,False,False,False,False,False,False,"no keyword, dictionary, persona, or message signal found — needs manual research",1,16,
VeriiPro,veriipro,NEEDS_COMPANY_MAPPING,GLOBAL_OPPORTUNITY,,0.55,True,1,0,0,0,0,0,0,1,0,1,0,False,False,True,True,False,False,False,False,False,False,"recruiter/TA or opportunity-history signal present, region unresolved",1,16,"  ""veriipro"": {market: GLOBAL_OPPORTUNITY_UNRESOLVED_REGION, category: GLOBAL_OPPORTUNITY}"
Venue GTM,venue gtm,NEEDS_COMPANY_MAPPING,GLOBAL_OPPORTUNITY,,0.55,True,1,0,0,0,0,0,0,1,0,1,0,False,False,True,True,False,False,False,False,False,False,"recruiter/TA or opportunity-history signal present, region unresolved",1,16,"  ""venue gtm"": {market: GLOBAL_OPPORTUNITY_UNRESOLVED_REGION, category: GLOBAL_OPPORTUNITY}"
VENTURIA LEGAL,venturia legal,NEEDS_COMPANY_MAPPING,GLOBAL_OPPORTUNITY,,0.55,True,1,0,0,0,0,0,0,1,0,1,0,False,False,True,True,False,False,False,False,False,False,"recruiter/TA or opportunity-history signal present, region unresolved",1,16,"  ""venturia legal"": {market: GLOBAL_OPPORTUNITY_UNRESOLVED_REGION, category: GLOBAL_OPPORTUNITY}"
Vanguard,vanguard,NEEDS_COMPANY_MAPPING,GLOBAL_OPPORTUNITY,,0.55,True,1,0,0,0,0,0,0,1,0,1,0,False,False,True,True,False,False,False,False,False,False,"recruiter/TA or opportunity-history signal present, region unresolved",1,16,"  ""vanguard"": {market: GLOBAL_OPPORTUNITY_UNRESOLVED_REGION, category: GLOBAL_OPPORTUNITY}"
VanesaRinaudo.HR,vanesarinaudo.hr,NEEDS_COMPANY_MAPPING,GLOBAL_OPPORTUNITY,,0.55,True,1,0,0,0,0,0,0,1,0,1,0,False,False,True,True,False,False,False,False,False,False,"recruiter/TA or opportunity-history signal present, region unresolved",1,16,"  ""vanesarinaudo.hr"": {market: GLOBAL_OPPORTUNITY_UNRESOLVED_REGION, category: GLOBAL_OPPORTUNITY}"
Adylog S.A.S,adylog,NEEDS_COMPANY_MAPPING,GLOBAL_OPPORTUNITY,,0.55,True,1,0,0,0,0,0,0,1,0,1,0,False,False,True,True,False,False,False,False,False,False,"recruiter/TA or opportunity-history signal present, region unresolved",1,16,"  ""adylog s.a.s"": {market: GLOBAL_OPPORTUNITY_UNRESOLVED_REGION, category: GLOBAL_OPPORTUNITY}"
ADVANCED SCHEMA,advanced schema,NEEDS_COMPANY_MAPPING,GLOBAL_OPPORTUNITY,,0.55,True,1,0,0,0,0,0,0,1,0,1,0,False,False,True,True,False,False,False,False,False,False,"recruiter/TA or opportunity-history signal present, region unresolved",1,16,"  ""advanced schema"": {market: GLOBAL_OPPORTUNITY_UNRESOLVED_REGION, category: GLOBAL_OPPORTUNITY}"
Value2Biz,value2biz,NEEDS_COMPANY_MAPPING,GLOBAL_OPPORTUNITY,,0.55,True,1,0,0,0,0,0,0,1,0,1,0,False,False,True,True,False,False,False,False,False,False,"recruiter/TA or opportunity-history signal present, region unresolved",1,16,"  ""value2biz"": {market: GLOBAL_OPPORTUNITY_UNRESOLVED_REGION, category: GLOBAL_OPPORTUNITY}"
Valeria Industrióloga,valeria industrióloga,NEEDS_COMPANY_MAPPING,GLOBAL_OPPORTUNITY,,0.55,True,1,0,0,0,0,0,0,1,0,1,0,False,False,True,True,False,False,False,False,False,False,"recruiter/TA or opportunity-history signal present, region unresolved",1,16,"  ""valeria industrióloga"": {market: GLOBAL_OPPORTUNITY_UNRESOLVED_REGION, category: GLOBAL_OPPORTUNITY}"
UPTURNco,upturnco,NEEDS_COMPANY_MAPPING,GLOBAL_OPPORTUNITY,,0.55,True,1,0,0,0,0,0,0,1,0,1,0,False,False,True,True,False,False,False,False,False,False,"recruiter/TA or opportunity-history signal present, region unresolved",1,16,"  ""upturnco"": {market: GLOBAL_OPPORTUNITY_UNRESOLVED_REGION, category: GLOBAL_OPPORTUNITY}"
Universidad San Sebastián,universidad san sebastián,NEEDS_COMPANY_MAPPING,GLOBAL_OPPORTUNITY,,0.55,True,1,0,0,0,0,0,0,1,0,1,0,False,False,True,True,False,False,False,False,False,False,"recruiter/TA or opportunity-history signal present, region unresolved",1,16,"  ""universidad san sebastián"": {market: GLOBAL_OPPORTUNITY_UNRESOLVED_REGION, category: GLOBAL_OPPORTUNITY}"
Universidad de los Andes (CL),universidad de los andes (cl),NEEDS_COMPANY_MAPPING,GLOBAL_OPPORTUNITY,,0.55,True,1,0,0,0,0,0,0,1,0,1,0,False,False,True,True,False,False,False,False,False,False,"recruiter/TA or opportunity-history signal present, region unresolved",1,16,"  ""universidad de los andes (cl)"": {market: GLOBAL_OPPORTUNITY_UNRESOLVED_REGION, category: GLOBAL_OPPORTUNITY}"
Ceox Services Ltd,ceox,NEEDS_COMPANY_MAPPING,GLOBAL_OPPORTUNITY,,0.55,True,1,0,0,0,0,0,0,1,0,1,0,False,False,True,True,False,False,False,False,False,False,"recruiter/TA or opportunity-history signal present, region unresolved",1,16,"  ""ceox services ltd"": {market: GLOBAL_OPPORTUNITY_UNRESOLVED_REGION, category: GLOBAL_OPPORTUNITY}"
CENTURY 21 Nações,century 21 nações,NEEDS_COMPANY_MAPPING,GLOBAL_OPPORTUNITY,,0.55,True,1,0,0,0,0,0,0,1,0,1,0,False,False,True,True,False,False,False,False,False,False,"recruiter/TA or opportunity-history signal present, region unresolved",1,16,"  ""century 21 nações"": {market: GLOBAL_OPPORTUNITY_UNRESOLVED_REGION, category: GLOBAL_OPPORTUNITY}"
Centro Médico Militar rimac,centro médico militar rimac,NEEDS_COMPANY_MAPPING,GLOBAL_OPPORTUNITY,,0.55,True,1,0,0,0,0,0,0,1,0,1,0,False,False,True,True,False,False,False,False,False,False,"recruiter/TA or opportunity-history signal present, region unresolved",1,16,"  ""centro médico militar rimac"": {market: GLOBAL_OPPORTUNITY_UNRESOLVED_REGION, category: GLOBAL_OPPORTUNITY}"
Centience,centience,NEEDS_COMPANY_MAPPING,GLOBAL_OPPORTUNITY,,0.55,True,1,0,0,0,0,0,0,1,0,1,0,False,False,True,True,False,False,False,False,False,False,"recruiter/TA or opportunity-history signal present, region unresolved",1,16,"  ""centience"": {market: GLOBAL_OPPORTUNITY_UNRESOLVED_REGION, category: GLOBAL_OPPORTUNITY}"
CEMPRE Uruguay,cempre uruguay,NEEDS_COMPANY_MAPPING,GLOBAL_OPPORTUNITY,,0.55,True,1,0,0,0,0,0,0,1,0,1,0,False,False,True,True,False,False,False,False,False,False,"recruiter/TA or opportunity-history signal present, region unresolved",1,16,"  ""cempre uruguay"": {market: GLOBAL_OPPORTUNITY_UNRESOLVED_REGION, category: GLOBAL_OPPORTUNITY}"
Universidad Católica del Uruguay,universidad católica del uruguay,NEEDS_COMPANY_MAPPING,GLOBAL_OPPORTUNITY,,0.55,True,1,0,0,0,0,0,0,1,0,1,0,False,False,True,True,False,False,False,False,False,False,"recruiter/TA or opportunity-history signal present, region unresolved",1,16,"  ""universidad católica del uruguay"": {market: GLOBAL_OPPORTUNITY_UNRESOLVED_REGION, category: GLOBAL_OPPORTUNITY}"
Unity,unity,NEEDS_COMPANY_MAPPING,GLOBAL_OPPORTUNITY,,0.55,True,1,0,0,0,0,0,0,1,0,1,0,False,False,True,True,False,False,False,False,False,False,"recruiter/TA or opportunity-history signal present, region unresolved",1,16,"  ""unity"": {market: GLOBAL_OPPORTUNITY_UNRESOLVED_REGION, category: GLOBAL_OPPORTUNITY}"
UniFirst Corporation,unifirst,NEEDS_COMPANY_MAPPING,GLOBAL_OPPORTUNITY,,0.55,True,1,0,0,0,0,0,0,1,0,1,0,False,False,True,True,False,False,False,False,False,False,"recruiter/TA or opportunity-history signal present, region unresolved",1,16,"  ""unifirst corporation"": {market: GLOBAL_OPPORTUNITY_UNRESOLVED_REGION, category: GLOBAL_OPPORTUNITY}"
Understanding Solutions,understanding,NEEDS_COMPANY_MAPPING,GLOBAL_OPPORTUNITY,GLOBAL_CONSULTING,0.55,True,1,0,0,0,0,0,0,1,0,1,0,False,False,True,True,False,False,False,False,False,True,generic 'solutions' keyword in company name (weak signal),1,16,"  ""understanding solutions"": {market: GLOBAL_OPPORTUNITY_UNRESOLVED_REGION, category: GLOBAL_CONSULTING}"
Truviq Systems,truviq systems,NEEDS_COMPANY_MAPPING,GLOBAL_OPPORTUNITY,,0.55,True,1,0,0,0,0,0,0,1,0,1,0,False,False,True,True,False,False,False,False,False,False,"recruiter/TA or opportunity-history signal present, region unresolved",1,16,"  ""truviq systems"": {market: GLOBAL_OPPORTUNITY_UNRESOLVED_REGION, category: GLOBAL_OPPORTUNITY}"
Trupropel,trupropel,NEEDS_COMPANY_MAPPING,GLOBAL_OPPORTUNITY,,0.55,True,1,0,0,0,0,0,0,1,0,1,0,False,False,True,True,False,False,False,False,False,False,"recruiter/TA or opportunity-history signal present, region unresolved",1,16,"  ""trupropel"": {market: GLOBAL_OPPORTUNITY_UNRESOLVED_REGION, category: GLOBAL_OPPORTUNITY}"
TruelyCrack,truelycrack,NEEDS_COMPANY_MAPPING,NEEDS_COMPANY_MAPPING,,0.0,True,1,0,0,0,0,0,0,1,0,1,0,False,False,True,False,False,False,False,False,False,False,"no keyword, dictionary, persona, or message signal found — needs manual research",1,16,
Tricura Insurance Group,tricura insurance,NEEDS_COMPANY_MAPPING,GLOBAL_OPPORTUNITY,,0.55,True,1,0,0,0,0,0,0,1,0,1,0,False,False,True,True,False,False,False,False,False,False,"recruiter/TA or opportunity-history signal present, region unresolved",1,16,"  ""tricura insurance group"": {market: GLOBAL_OPPORTUNITY_UNRESOLVED_REGION, category: GLOBAL_OPPORTUNITY}"
Trendyol Group,trendyol,NEEDS_COMPANY_MAPPING,GLOBAL_OPPORTUNITY,,0.55,True,1,0,0,0,0,0,0,1,0,1,0,False,False,True,True,False,False,False,False,False,False,"recruiter/TA or opportunity-history signal present, region unresolved",1,16,"  ""trendyol group"": {market: GLOBAL_OPPORTUNITY_UNRESOLVED_REGION, category: GLOBAL_OPPORTUNITY}"
Trafigura,trafigura,NEEDS_COMPANY_MAPPING,GLOBAL_OPPORTUNITY,,0.55,True,1,0,0,0,0,0,0,1,0,1,0,False,False,True,True,False,False,False,False,False,False,"recruiter/TA or opportunity-history signal present, region unresolved",1,16,"  ""trafigura"": {market: GLOBAL_OPPORTUNITY_UNRESOLVED_REGION, category: GLOBAL_OPPORTUNITY}"
CJ Recruitment,cj recruitment,NEEDS_COMPANY_MAPPING,GLOBAL_STAFFING,GLOBAL_STAFFING,0.8,True,1,0,0,0,0,0,0,1,0,1,0,False,False,True,True,False,False,False,False,True,False,staffing/recruiting keyword in company name,1,16,"  ""cj recruitment"": {market: GLOBAL_STAFFING, category: GLOBAL_STAFFING}"
Cisco,cisco,NEEDS_COMPANY_MAPPING,GLOBAL_OPPORTUNITY,,0.55,True,2,0,0,0,1,0,1,1,0,0,0,False,False,True,True,False,False,False,False,False,False,"recruiter/TA or opportunity-history signal present, region unresolved",1,16,"  ""cisco"": {market: GLOBAL_OPPORTUNITY_UNRESOLVED_REGION, category: GLOBAL_OPPORTUNITY}"
CHS América do Sul,chs américa do sul,NEEDS_COMPANY_MAPPING,GLOBAL_OPPORTUNITY,,0.55,True,1,0,0,0,0,0,0,1,0,1,0,False,False,True,True,False,False,False,False,False,False,"recruiter/TA or opportunity-history signal present, region unresolved",1,16,"  ""chs américa do sul"": {market: GLOBAL_OPPORTUNITY_UNRESOLVED_REGION, category: GLOBAL_OPPORTUNITY}"
Toteat,toteat,NEEDS_COMPANY_MAPPING,GLOBAL_OPPORTUNITY,,0.55,True,1,0,0,0,0,0,0,1,0,1,0,False,False,True,True,False,False,False,False,False,False,"recruiter/TA or opportunity-history signal present, region unresolved",1,16,"  ""toteat"": {market: GLOBAL_OPPORTUNITY_UNRESOLVED_REGION, category: GLOBAL_OPPORTUNITY}"
Toss Bank(토스뱅크),toss bank(토스뱅크),NEEDS_COMPANY_MAPPING,GLOBAL_OPPORTUNITY,,0.55,True,1,0,0,0,0,0,0,1,0,1,0,False,False,True,True,False,False,False,False,False,False,"recruiter/TA or opportunity-history signal present, region unresolved",1,16,"  ""toss bank(토스뱅크)"": {market: GLOBAL_OPPORTUNITY_UNRESOLVED_REGION, category: GLOBAL_OPPORTUNITY}"
TORTORICI & PARTNERS,tortorici & partners,NEEDS_COMPANY_MAPPING,GLOBAL_OPPORTUNITY,,0.55,True,1,0,0,0,0,0,0,1,0,1,0,False,False,True,True,False,False,False,False,False,False,"recruiter/TA or opportunity-history signal present, region unresolved",1,16,"  ""tortorici & partners"": {market: GLOBAL_OPPORTUNITY_UNRESOLVED_REGION, category: GLOBAL_OPPORTUNITY}"
Top Management,top management,NEEDS_COMPANY_MAPPING,GLOBAL_OPPORTUNITY,,0.55,True,1,0,0,0,0,0,0,1,0,1,0,False,False,True,True,False,False,False,False,False,False,"recruiter/TA or opportunity-history signal present, region unresolved",1,16,"  ""top management"": {market: GLOBAL_OPPORTUNITY_UNRESOLVED_REGION, category: GLOBAL_OPPORTUNITY}"
TOP CABLE,top cable,NEEDS_COMPANY_MAPPING,GLOBAL_OPPORTUNITY,,0.55,True,1,0,0,0,0,0,0,1,0,1,0,False,False,True,True,False,False,False,False,False,False,"recruiter/TA or opportunity-history signal present, region unresolved",1,16,"  ""top cable"": {market: GLOBAL_OPPORTUNITY_UNRESOLVED_REGION, category: GLOBAL_OPPORTUNITY}"
Global Titanio SPA,titanio,NEEDS_COMPANY_MAPPING,GLOBAL_OPPORTUNITY,,0.55,True,1,0,0,0,0,0,0,1,0,1,0,False,False,True,True,False,False,False,False,False,False,"recruiter/TA or opportunity-history signal present, region unresolved",1,16,"  ""global titanio spa"": {market: GLOBAL_OPPORTUNITY_UNRESOLVED_REGION, category: GLOBAL_OPPORTUNITY}"
Tismart,tismart,NEEDS_COMPANY_MAPPING,GLOBAL_OPPORTUNITY,,0.55,True,1,0,0,0,0,0,0,1,0,1,0,False,False,True,True,False,False,False,False,False,False,"recruiter/TA or opportunity-history signal present, region unresolved",1,16,"  ""tismart"": {market: GLOBAL_OPPORTUNITY_UNRESOLVED_REGION, category: GLOBAL_OPPORTUNITY}"
tilli,tilli,NEEDS_COMPANY_MAPPING,GLOBAL_OPPORTUNITY,,0.55,True,1,0,0,0,0,0,0,1,0,1,0,False,False,True,True,False,False,False,False,False,False,"recruiter/TA or opportunity-history signal present, region unresolved",1,16,"  ""tilli"": {market: GLOBAL_OPPORTUNITY_UNRESOLVED_REGION, category: GLOBAL_OPPORTUNITY}"
Tiendamia,tiendamia,NEEDS_COMPANY_MAPPING,GLOBAL_OPPORTUNITY,,0.55,True,1,0,0,0,0,0,0,1,0,1,0,False,False,True,True,False,False,False,False,False,False,"recruiter/TA or opportunity-history signal present, region unresolved",1,16,"  ""tiendamia"": {market: GLOBAL_OPPORTUNITY_UNRESOLVED_REGION, category: GLOBAL_OPPORTUNITY}"
The Talent Care,the talent care,NEEDS_COMPANY_MAPPING,GLOBAL_STAFFING,GLOBAL_STAFFING,0.8,True,1,0,0,0,0,0,0,1,0,1,0,False,False,True,True,False,False,False,False,True,False,staffing/recruiting keyword in company name,1,16,"  ""the talent care"": {market: GLOBAL_STAFFING, category: GLOBAL_STAFFING}"
Texas Psychiatry Group,texas psychiatry,NEEDS_COMPANY_MAPPING,GLOBAL_OPPORTUNITY,,0.55,True,1,0,0,0,0,0,0,1,0,1,0,False,False,True,True,False,False,False,False,False,False,"recruiter/TA or opportunity-history signal present, region unresolved",1,16,"  ""texas psychiatry group"": {market: GLOBAL_OPPORTUNITY_UNRESOLVED_REGION, category: GLOBAL_OPPORTUNITY}"
Terra,terra,NEEDS_COMPANY_MAPPING,GLOBAL_OPPORTUNITY,,0.55,True,1,0,0,0,0,0,0,1,0,1,0,False,False,True,True,False,False,False,False,False,False,"recruiter/TA or opportunity-history signal present, region unresolved",1,16,"  ""terra"": {market: GLOBAL_OPPORTUNITY_UNRESOLVED_REGION, category: GLOBAL_OPPORTUNITY}"
Telasist,telasist,NEEDS_COMPANY_MAPPING,GLOBAL_OPPORTUNITY,,0.55,True,1,0,0,0,0,0,0,1,0,1,0,False,False,True,True,False,False,False,False,False,False,"recruiter/TA or opportunity-history signal present, region unresolved",1,16,"  ""telasist"": {market: GLOBAL_OPPORTUNITY_UNRESOLVED_REGION, category: GLOBAL_OPPORTUNITY}"
TEILOR,teilor,NEEDS_COMPANY_MAPPING,GLOBAL_OPPORTUNITY,,0.55,True,1,0,0,0,0,0,0,1,0,1,0,False,False,True,True,False,False,False,False,False,False,"recruiter/TA or opportunity-history signal present, region unresolved",1,16,"  ""teilor"": {market: GLOBAL_OPPORTUNITY_UNRESOLVED_REGION, category: GLOBAL_OPPORTUNITY}"
TD SYNNEX Multi-Country Area (Español),td synnex multi-country area (español),NEEDS_COMPANY_MAPPING,GLOBAL_OPPORTUNITY,,0.55,True,1,0,0,0,0,0,0,1,0,1,0,False,False,True,True,False,False,False,False,False,False,"recruiter/TA or opportunity-history signal present, region unresolved",1,16,"  ""td synnex multi-country area (español)"": {market: GLOBAL_OPPORTUNITY_UNRESOLVED_REGION, category: GLOBAL_OPPORTUNITY}"
Global Coach Consultores,coach consultores,NEEDS_COMPANY_MAPPING,GLOBAL_OPPORTUNITY,,0.55,True,1,0,0,0,0,0,0,1,0,1,0,False,False,True,True,False,False,False,False,False,False,"recruiter/TA or opportunity-history signal present, region unresolved",1,16,"  ""global coach consultores"": {market: GLOBAL_OPPORTUNITY_UNRESOLVED_REGION, category: GLOBAL_OPPORTUNITY}"
Clínica Psicológica,clínica psicológica,NEEDS_COMPANY_MAPPING,GLOBAL_OPPORTUNITY,,0.55,True,1,0,0,0,0,0,0,1,0,1,0,False,False,True,True,False,False,False,False,False,False,"recruiter/TA or opportunity-history signal present, region unresolved",1,16,"  ""clínica psicológica"": {market: GLOBAL_OPPORTUNITY_UNRESOLVED_REGION, category: GLOBAL_OPPORTUNITY}"
Clínica particular Niños y adolescentes. Clinica del Niño Harwood Care,clínica particular niños y adolescentes. clinica del niño harwood care,NEEDS_COMPANY_MAPPING,GLOBAL_OPPORTUNITY,,0.55,True,1,0,0,0,0,0,0,1,0,1,0,False,False,True,True,False,False,False,False,False,False,"recruiter/TA or opportunity-history signal present, region unresolved",1,16,"  ""clínica particular niños y adolescentes. clinica del niño harwood care"": {market: GLOBAL_OPPORTUNITY_UNRESOLVED_REGION, category: GLOBAL_OPPORTUNITY}"
CLIMB,climb,NEEDS_COMPANY_MAPPING,GLOBAL_OPPORTUNITY,,0.55,True,1,0,0,0,0,0,0,1,0,1,0,False,False,True,True,False,False,False,False,False,False,"recruiter/TA or opportunity-history signal present, region unresolved",1,16,"  ""climb"": {market: GLOBAL_OPPORTUNITY_UNRESOLVED_REGION, category: GLOBAL_OPPORTUNITY}"
Clikalia,clikalia,NEEDS_COMPANY_MAPPING,GLOBAL_OPPORTUNITY,,0.55,True,1,0,0,0,0,0,0,1,0,1,0,False,False,True,True,False,False,False,False,False,False,"recruiter/TA or opportunity-history signal present, region unresolved",1,16,"  ""clikalia"": {market: GLOBAL_OPPORTUNITY_UNRESOLVED_REGION, category: GLOBAL_OPPORTUNITY}"
ClearBlu Environmental,clearblu environmental,NEEDS_COMPANY_MAPPING,GLOBAL_OPPORTUNITY,,0.55,True,1,0,0,0,0,0,0,1,0,1,0,False,False,True,True,False,False,False,False,False,False,"recruiter/TA or opportunity-history signal present, region unresolved",1,16,"  ""clearblu environmental"": {market: GLOBAL_OPPORTUNITY_UNRESOLVED_REGION, category: GLOBAL_OPPORTUNITY}"
tapi,tapi,NEEDS_COMPANY_MAPPING,GLOBAL_OPPORTUNITY,,0.55,True,1,0,0,0,0,0,0,1,0,1,0,False,False,True,True,False,False,False,False,False,False,"recruiter/TA or opportunity-history signal present, region unresolved",1,16,"  ""tapi"": {market: GLOBAL_OPPORTUNITY_UNRESOLVED_REGION, category: GLOBAL_OPPORTUNITY}"
Talento Humano Empresarial . Independent Professional,talento humano empresarial . independent professional,NEEDS_COMPANY_MAPPING,GLOBAL_OPPORTUNITY,,0.55,True,1,0,0,0,0,0,0,1,0,1,0,False,False,True,True,False,False,False,False,False,False,"recruiter/TA or opportunity-history signal present, region unresolved",1,16,"  ""talento humano empresarial . independent professional"": {market: GLOBAL_OPPORTUNITY_UNRESOLVED_REGION, category: GLOBAL_OPPORTUNITY}"
Talentia,talentia,NEEDS_COMPANY_MAPPING,GLOBAL_OPPORTUNITY,,0.55,True,1,0,0,0,0,0,0,1,0,1,0,False,False,True,True,False,False,False,False,False,False,"recruiter/TA or opportunity-history signal present, region unresolved",1,16,"  ""talentia"": {market: GLOBAL_OPPORTUNITY_UNRESOLVED_REGION, category: GLOBAL_OPPORTUNITY}"
Talentfluss,talentfluss,NEEDS_COMPANY_MAPPING,GLOBAL_OPPORTUNITY,,0.55,True,1,0,0,0,0,0,0,1,0,1,0,False,False,True,True,False,False,False,False,False,False,"recruiter/TA or opportunity-history signal present, region unresolved",1,16,"  ""talentfluss"": {market: GLOBAL_OPPORTUNITY_UNRESOLVED_REGION, category: GLOBAL_OPPORTUNITY}"
Talent Works RH,talent works rh,NEEDS_COMPANY_MAPPING,GLOBAL_STAFFING,GLOBAL_STAFFING,0.8,True,1,0,0,0,0,0,0,1,0,1,0,False,False,True,True,False,False,False,False,True,False,staffing/recruiting keyword in company name,1,16,"  ""talent works rh"": {market: GLOBAL_STAFFING, category: GLOBAL_STAFFING}"
Talent Nova,talent nova,NEEDS_COMPANY_MAPPING,GLOBAL_STAFFING,GLOBAL_STAFFING,0.8,True,1,0,0,0,0,0,0,1,0,1,0,False,False,True,True,False,False,False,False,True,False,staffing/recruiting keyword in company name,1,16,"  ""talent nova"": {market: GLOBAL_STAFFING, category: GLOBAL_STAFFING}"
ALGORTA S.A,algorta,NEEDS_COMPANY_MAPPING,GLOBAL_OPPORTUNITY,,0.55,True,1,0,0,0,0,0,0,1,0,1,0,False,False,True,True,False,False,False,False,False,False,"recruiter/TA or opportunity-history signal present, region unresolved",1,16,"  ""algorta s.a"": {market: GLOBAL_OPPORTUNITY_UNRESOLVED_REGION, category: GLOBAL_OPPORTUNITY}"
Alerta Médica,alerta médica,NEEDS_COMPANY_MAPPING,GLOBAL_OPPORTUNITY,,0.55,True,1,0,0,0,0,0,0,1,0,1,0,False,False,True,True,False,False,False,False,False,False,"recruiter/TA or opportunity-history signal present, region unresolved",1,16,"  ""alerta médica"": {market: GLOBAL_OPPORTUNITY_UNRESOLVED_REGION, category: GLOBAL_OPPORTUNITY}"
Aldeas Infantiles SOS Bolivia,aldeas infantiles sos bolivia,NEEDS_COMPANY_MAPPING,GLOBAL_OPPORTUNITY,,0.55,True,1,0,0,0,0,0,0,1,0,1,0,False,False,True,True,False,False,False,False,False,False,"recruiter/TA or opportunity-history signal present, region unresolved",1,16,"  ""aldeas infantiles sos bolivia"": {market: GLOBAL_OPPORTUNITY_UNRESOLVED_REGION, category: GLOBAL_OPPORTUNITY}"
Cactus,cactus,NEEDS_COMPANY_MAPPING,GLOBAL_OPPORTUNITY,,0.55,True,1,0,0,0,0,0,0,1,0,1,0,False,False,True,True,False,False,False,False,False,False,"recruiter/TA or opportunity-history signal present, region unresolved",1,16,"  ""cactus"": {market: GLOBAL_OPPORTUNITY_UNRESOLVED_REGION, category: GLOBAL_OPPORTUNITY}"
BuildUp,buildup,NEEDS_COMPANY_MAPPING,GLOBAL_OPPORTUNITY,,0.55,True,1,0,0,0,0,0,0,1,0,1,0,False,False,True,True,False,False,False,False,False,False,"recruiter/TA or opportunity-history signal present, region unresolved",1,16,"  ""buildup"": {market: GLOBAL_OPPORTUNITY_UNRESOLVED_REGION, category: GLOBAL_OPPORTUNITY}"
Synapri,synapri,NEEDS_COMPANY_MAPPING,GLOBAL_OPPORTUNITY,,0.55,True,1,0,0,0,0,0,0,1,0,1,0,False,False,True,True,False,False,False,False,False,False,"recruiter/TA or opportunity-history signal present, region unresolved",1,16,"  ""synapri"": {market: GLOBAL_OPPORTUNITY_UNRESOLVED_REGION, category: GLOBAL_OPPORTUNITY}"
Sylkane,sylkane,NEEDS_COMPANY_MAPPING,NEEDS_COMPANY_MAPPING,,0.0,True,1,0,0,0,0,0,0,1,0,1,0,False,False,True,False,False,False,False,False,False,False,"no keyword, dictionary, persona, or message signal found — needs manual research",1,16,
Swiftly,swiftly,NEEDS_COMPANY_MAPPING,GLOBAL_OPPORTUNITY,,0.55,True,1,0,0,0,0,0,0,1,0,1,0,False,False,True,True,False,False,False,False,False,False,"recruiter/TA or opportunity-history signal present, region unresolved",1,16,"  ""swiftly"": {market: GLOBAL_OPPORTUNITY_UNRESOLVED_REGION, category: GLOBAL_OPPORTUNITY}"
Superhuman,superhuman,NEEDS_COMPANY_MAPPING,GLOBAL_OPPORTUNITY,,0.55,True,1,0,0,0,0,0,0,1,0,1,0,False,False,True,True,False,False,False,False,False,False,"recruiter/TA or opportunity-history signal present, region unresolved",1,16,"  ""superhuman"": {market: GLOBAL_OPPORTUNITY_UNRESOLVED_REGION, category: GLOBAL_OPPORTUNITY}"
Strong Point,strong point,NEEDS_COMPANY_MAPPING,GLOBAL_OPPORTUNITY,,0.55,True,1,0,0,0,0,0,0,1,0,1,0,False,False,True,True,False,False,False,False,False,False,"recruiter/TA or opportunity-history signal present, region unresolved",1,16,"  ""strong point"": {market: GLOBAL_OPPORTUNITY_UNRESOLVED_REGION, category: GLOBAL_OPPORTUNITY}"
Stratum Group,stratum,NEEDS_COMPANY_MAPPING,GLOBAL_OPPORTUNITY,,0.55,True,1,0,0,0,0,0,0,1,0,1,0,False,False,True,True,False,False,False,False,False,False,"recruiter/TA or opportunity-history signal present, region unresolved",1,16,"  ""stratum group"": {market: GLOBAL_OPPORTUNITY_UNRESOLVED_REGION, category: GLOBAL_OPPORTUNITY}"
Strata Community Insurance,strata community insurance,NEEDS_COMPANY_MAPPING,GLOBAL_OPPORTUNITY,,0.55,True,1,0,0,0,0,0,0,1,0,1,0,False,False,True,True,False,False,False,False,False,False,"recruiter/TA or opportunity-history signal present, region unresolved",1,16,"  ""strata community insurance"": {market: GLOBAL_OPPORTUNITY_UNRESOLVED_REGION, category: GLOBAL_OPPORTUNITY}"
Storware,storware,NEEDS_COMPANY_MAPPING,GLOBAL_OPPORTUNITY,,0.55,True,1,0,0,0,0,0,0,1,0,1,1,False,False,True,True,False,False,False,False,False,False,"recruiter/TA or opportunity-history signal present, region unresolved",1,16,"  ""storware"": {market: GLOBAL_OPPORTUNITY_UNRESOLVED_REGION, category: GLOBAL_OPPORTUNITY}"
StepWise,stepwise,NEEDS_COMPANY_MAPPING,GLOBAL_OPPORTUNITY,,0.55,True,1,0,0,0,0,0,0,1,0,1,0,False,False,True,True,False,False,False,False,False,False,"recruiter/TA or opportunity-history signal present, region unresolved",1,16,"  ""stepwise"": {market: GLOBAL_OPPORTUNITY_UNRESOLVED_REGION, category: GLOBAL_OPPORTUNITY}"
ST Consultores,st consultores,NEEDS_COMPANY_MAPPING,GLOBAL_OPPORTUNITY,,0.55,True,1,0,0,0,0,0,0,1,0,1,0,False,False,True,True,False,False,False,False,False,False,"recruiter/TA or opportunity-history signal present, region unresolved",1,16,"  ""st consultores"": {market: GLOBAL_OPPORTUNITY_UNRESOLVED_REGION, category: GLOBAL_OPPORTUNITY}"
Squash Apps,squash apps,NEEDS_COMPANY_MAPPING,GLOBAL_OPPORTUNITY,,0.55,True,1,0,0,0,0,0,0,1,0,1,0,False,False,True,True,False,False,False,False,False,False,"recruiter/TA or opportunity-history signal present, region unresolved",1,16,"  ""squash apps"": {market: GLOBAL_OPPORTUNITY_UNRESOLVED_REGION, category: GLOBAL_OPPORTUNITY}"
SQUARERA,squarera,NEEDS_COMPANY_MAPPING,GLOBAL_OPPORTUNITY,,0.55,True,1,0,0,0,0,0,0,1,0,1,0,False,False,True,True,False,False,False,False,False,False,"recruiter/TA or opportunity-history signal present, region unresolved",1,16,"  ""squarera"": {market: GLOBAL_OPPORTUNITY_UNRESOLVED_REGION, category: GLOBAL_OPPORTUNITY}"
Squaredev,squaredev,NEEDS_COMPANY_MAPPING,GLOBAL_OPPORTUNITY,,0.55,True,2,0,1,0,0,0,2,0,0,0,0,False,False,False,False,False,False,False,False,False,False,"recruiter/TA or opportunity-history signal present, region unresolved",1,16,"  ""squaredev"": {market: GLOBAL_OPPORTUNITY_UNRESOLVED_REGION, category: GLOBAL_OPPORTUNITY}"
ComunidadFeliz.com,comunidadfeliz.com,NEEDS_COMPANY_MAPPING,GLOBAL_OPPORTUNITY,,0.55,True,1,0,0,0,0,0,0,1,0,1,0,False,False,True,True,False,False,False,False,False,False,"recruiter/TA or opportunity-history signal present, region unresolved",1,16,"  ""comunidadfeliz.com"": {market: GLOBAL_OPPORTUNITY_UNRESOLVED_REGION, category: GLOBAL_OPPORTUNITY}"
Comunidad Delosi,comunidad delosi,NEEDS_COMPANY_MAPPING,GLOBAL_OPPORTUNITY,,0.55,True,1,0,0,0,0,0,0,1,0,1,0,False,False,True,True,False,False,False,False,False,False,"recruiter/TA or opportunity-history signal present, region unresolved",1,16,"  ""comunidad delosi"": {market: GLOBAL_OPPORTUNITY_UNRESOLVED_REGION, category: GLOBAL_OPPORTUNITY}"
Colegio y Liceo Hans Christian Andersen,colegio y liceo hans christian andersen,NEEDS_COMPANY_MAPPING,GLOBAL_OPPORTUNITY,,0.55,True,1,0,0,0,0,0,0,1,0,1,0,False,False,True,True,False,False,False,False,False,False,"recruiter/TA or opportunity-history signal present, region unresolved",1,16,"  ""colegio y liceo hans christian andersen"": {market: GLOBAL_OPPORTUNITY_UNRESOLVED_REGION, category: GLOBAL_OPPORTUNITY}"
Colegio integral minas,colegio integral minas,NEEDS_COMPANY_MAPPING,GLOBAL_OPPORTUNITY,,0.55,True,1,0,0,0,0,0,0,1,0,1,0,False,False,True,True,False,False,False,False,False,False,"recruiter/TA or opportunity-history signal present, region unresolved",1,16,"  ""colegio integral minas"": {market: GLOBAL_OPPORTUNITY_UNRESOLVED_REGION, category: GLOBAL_OPPORTUNITY}"
Spinomenal,spinomenal,NEEDS_COMPANY_MAPPING,GLOBAL_OPPORTUNITY,,0.55,True,1,0,0,0,0,0,0,1,0,1,0,False,False,True,True,False,False,False,False,False,False,"recruiter/TA or opportunity-history signal present, region unresolved",1,16,"  ""spinomenal"": {market: GLOBAL_OPPORTUNITY_UNRESOLVED_REGION, category: GLOBAL_OPPORTUNITY}"
SpaceDev,spacedev,NEEDS_COMPANY_MAPPING,GLOBAL_OPPORTUNITY,,0.55,True,1,0,0,0,0,0,0,1,0,1,0,False,False,True,True,False,False,False,False,False,False,"recruiter/TA or opportunity-history signal present, region unresolved",1,16,"  ""spacedev"": {market: GLOBAL_OPPORTUNITY_UNRESOLVED_REGION, category: GLOBAL_OPPORTUNITY}"
SP+ Escolas,sp+ escolas,NEEDS_COMPANY_MAPPING,GLOBAL_OPPORTUNITY,,0.55,True,1,0,0,0,0,0,0,1,0,1,0,False,False,True,True,False,False,False,False,False,False,"recruiter/TA or opportunity-history signal present, region unresolved",1,16,"  ""sp+ escolas"": {market: GLOBAL_OPPORTUNITY_UNRESOLVED_REGION, category: GLOBAL_OPPORTUNITY}"
Source Resources Pvt. Limited,source resources pvt,NEEDS_COMPANY_MAPPING,GLOBAL_OPPORTUNITY,,0.55,True,1,0,0,0,0,0,0,1,0,1,0,False,False,True,True,False,False,False,False,False,False,"recruiter/TA or opportunity-history signal present, region unresolved",1,16,"  ""source resources pvt. limited"": {market: GLOBAL_OPPORTUNITY_UNRESOLVED_REGION, category: GLOBAL_OPPORTUNITY}"
Sopra Steria,sopra steria,NEEDS_COMPANY_MAPPING,GLOBAL_OPPORTUNITY,,0.55,True,1,0,0,0,0,0,0,1,0,1,0,False,False,True,True,False,False,False,False,False,False,"recruiter/TA or opportunity-history signal present, region unresolved",1,16,"  ""sopra steria"": {market: GLOBAL_OPPORTUNITY_UNRESOLVED_REGION, category: GLOBAL_OPPORTUNITY}"
Sonde3,sonde3,NEEDS_COMPANY_MAPPING,GLOBAL_OPPORTUNITY,,0.55,True,1,0,0,0,0,0,0,1,0,1,0,False,False,True,True,False,False,False,False,False,False,"recruiter/TA or opportunity-history signal present, region unresolved",1,16,"  ""sonde3"": {market: GLOBAL_OPPORTUNITY_UNRESOLVED_REGION, category: GLOBAL_OPPORTUNITY}"
SoftProject,softproject,NEEDS_COMPANY_MAPPING,GLOBAL_OPPORTUNITY,,0.55,True,1,0,0,0,0,0,0,1,0,1,0,False,False,True,True,False,False,False,False,False,False,"recruiter/TA or opportunity-history signal present, region unresolved",1,16,"  ""softproject"": {market: GLOBAL_OPPORTUNITY_UNRESOLVED_REGION, category: GLOBAL_OPPORTUNITY}"
Aloft Hotels,aloft hotels,NEEDS_COMPANY_MAPPING,NEEDS_COMPANY_MAPPING,,0.0,True,1,0,0,0,0,0,0,1,0,1,0,False,False,True,False,False,False,False,False,False,False,"no keyword, dictionary, persona, or message signal found — needs manual research",1,16,
AlmapBBDO,almapbbdo,NEEDS_COMPANY_MAPPING,NEEDS_COMPANY_MAPPING,,0.0,True,3,0,0,0,1,0,3,0,0,0,0,False,False,False,False,False,False,False,False,False,False,"no keyword, dictionary, persona, or message signal found — needs manual research",1,16,
ALLPS,allps,NEEDS_COMPANY_MAPPING,GLOBAL_OPPORTUNITY,,0.55,True,1,0,0,0,0,0,0,1,0,1,0,False,False,True,True,False,False,False,False,False,False,"recruiter/TA or opportunity-history signal present, region unresolved",1,16,"  ""allps"": {market: GLOBAL_OPPORTUNITY_UNRESOLVED_REGION, category: GLOBAL_OPPORTUNITY}"
Alliance Instalaciones y Mantenimientos,alliance instalaciones y mantenimientos,NEEDS_COMPANY_MAPPING,GLOBAL_OPPORTUNITY,,0.55,True,1,0,0,0,0,0,0,1,0,1,0,False,False,True,True,False,False,False,False,False,False,"recruiter/TA or opportunity-history signal present, region unresolved",1,16,"  ""alliance instalaciones y mantenimientos"": {market: GLOBAL_OPPORTUNITY_UNRESOLVED_REGION, category: GLOBAL_OPPORTUNITY}"
SOFTGAMES,softgames,NEEDS_COMPANY_MAPPING,GLOBAL_OPPORTUNITY,,0.55,True,1,0,0,0,0,0,0,1,0,1,0,False,False,True,True,False,False,False,False,False,False,"recruiter/TA or opportunity-history signal present, region unresolved",1,16,"  ""softgames"": {market: GLOBAL_OPPORTUNITY_UNRESOLVED_REGION, category: GLOBAL_OPPORTUNITY}"
Social Bloom,social bloom,NEEDS_COMPANY_MAPPING,GLOBAL_OPPORTUNITY,,0.55,True,1,0,0,0,0,0,0,1,0,1,0,False,False,True,True,False,False,False,False,False,False,"recruiter/TA or opportunity-history signal present, region unresolved",1,16,"  ""social bloom"": {market: GLOBAL_OPPORTUNITY_UNRESOLVED_REGION, category: GLOBAL_OPPORTUNITY}"
Sixtema,sixtema,NEEDS_COMPANY_MAPPING,GLOBAL_OPPORTUNITY,,0.55,True,1,0,0,0,0,0,0,1,0,1,0,False,False,True,True,False,False,False,False,False,False,"recruiter/TA or opportunity-history signal present, region unresolved",1,16,"  ""sixtema"": {market: GLOBAL_OPPORTUNITY_UNRESOLVED_REGION, category: GLOBAL_OPPORTUNITY}"
CONTALENTO Strategy For People,contalento strategy for people,NEEDS_COMPANY_MAPPING,GLOBAL_OPPORTUNITY,,0.55,True,1,0,0,0,0,0,0,1,0,1,0,False,False,True,True,False,False,False,False,False,False,"recruiter/TA or opportunity-history signal present, region unresolved",1,16,"  ""contalento strategy for people"": {market: GLOBAL_OPPORTUNITY_UNRESOLVED_REGION, category: GLOBAL_OPPORTUNITY}"
Consulta privada Psicoterapia,consulta privada psicoterapia,NEEDS_COMPANY_MAPPING,GLOBAL_OPPORTUNITY,,0.55,True,1,0,0,0,0,0,0,1,0,1,0,False,False,True,True,False,False,False,False,False,False,"recruiter/TA or opportunity-history signal present, region unresolved",1,16,"  ""consulta privada psicoterapia"": {market: GLOBAL_OPPORTUNITY_UNRESOLVED_REGION, category: GLOBAL_OPPORTUNITY}"
Constellium,constellium,NEEDS_COMPANY_MAPPING,GLOBAL_OPPORTUNITY,,0.55,True,1,0,0,0,0,0,0,1,0,1,0,False,False,True,True,False,False,False,False,False,False,"recruiter/TA or opportunity-history signal present, region unresolved",1,16,"  ""constellium"": {market: GLOBAL_OPPORTUNITY_UNRESOLVED_REGION, category: GLOBAL_OPPORTUNITY}"
Conflux,conflux,NEEDS_COMPANY_MAPPING,GLOBAL_OPPORTUNITY,,0.55,True,1,0,0,0,0,0,0,1,0,1,0,False,False,True,True,False,False,False,False,False,False,"recruiter/TA or opportunity-history signal present, region unresolved",1,16,"  ""conflux"": {market: GLOBAL_OPPORTUNITY_UNRESOLVED_REGION, category: GLOBAL_OPPORTUNITY}"
Confidential ( Stealth Mode ),confidential ( stealth mode ),NEEDS_COMPANY_MAPPING,GLOBAL_OPPORTUNITY,,0.55,True,1,0,0,0,0,0,0,1,0,1,0,False,False,True,True,False,False,False,False,False,False,"recruiter/TA or opportunity-history signal present, region unresolved",1,16,"  ""confidential ( stealth mode )"": {market: GLOBAL_OPPORTUNITY_UNRESOLVED_REGION, category: GLOBAL_OPPORTUNITY}"
Sfera Legal,sfera legal,NEEDS_COMPANY_MAPPING,NEEDS_COMPANY_MAPPING,,0.0,True,1,0,0,0,0,0,0,1,0,1,0,False,False,True,False,False,False,False,False,False,False,"no keyword, dictionary, persona, or message signal found — needs manual research",1,16,
Servicio de Salud Metropolitano Central,servicio de salud metropolitano central,NEEDS_COMPANY_MAPPING,GLOBAL_OPPORTUNITY,,0.55,True,1,0,0,0,0,0,0,1,0,1,0,False,False,True,True,False,False,False,False,False,False,"recruiter/TA or opportunity-history signal present, region unresolved",1,16,"  ""servicio de salud metropolitano central"": {market: GLOBAL_OPPORTUNITY_UNRESOLVED_REGION, category: GLOBAL_OPPORTUNITY}"
ServiceRocket,servicerocket,NEEDS_COMPANY_MAPPING,GLOBAL_OPPORTUNITY,,0.55,True,2,0,1,0,0,0,2,0,0,0,0,False,False,False,False,False,False,False,False,False,False,"recruiter/TA or opportunity-history signal present, region unresolved",1,16,"  ""servicerocket"": {market: GLOBAL_OPPORTUNITY_UNRESOLVED_REGION, category: GLOBAL_OPPORTUNITY}"
Seprotec Multilingual Solutions,seprotec multilingual,NEEDS_COMPANY_MAPPING,GLOBAL_OPPORTUNITY,GLOBAL_CONSULTING,0.55,True,1,0,0,0,0,0,0,1,0,1,0,False,False,True,True,False,False,False,False,False,True,generic 'solutions' keyword in company name (weak signal),1,16,"  ""seprotec multilingual solutions"": {market: GLOBAL_OPPORTUNITY_UNRESOLVED_REGION, category: GLOBAL_CONSULTING}"
SellCord,sellcord,NEEDS_COMPANY_MAPPING,GLOBAL_OPPORTUNITY,,0.55,True,1,0,0,0,0,0,0,1,0,1,0,False,False,True,True,False,False,False,False,False,False,"recruiter/TA or opportunity-history signal present, region unresolved",1,16,"  ""sellcord"": {market: GLOBAL_OPPORTUNITY_UNRESOLVED_REGION, category: GLOBAL_OPPORTUNITY}"
SE Mentor Solutions,se mentor,NEEDS_COMPANY_MAPPING,GLOBAL_OPPORTUNITY,GLOBAL_CONSULTING,0.55,True,1,0,0,0,0,0,0,1,0,1,0,False,False,True,True,False,False,False,False,False,True,generic 'solutions' keyword in company name (weak signal),1,16,"  ""se mentor solutions"": {market: GLOBAL_OPPORTUNITY_UNRESOLVED_REGION, category: GLOBAL_CONSULTING}"
SD Worx,sd worx,NEEDS_COMPANY_MAPPING,GLOBAL_OPPORTUNITY,,0.55,True,1,0,0,0,0,0,0,1,0,1,0,False,False,True,True,False,False,False,False,False,False,"recruiter/TA or opportunity-history signal present, region unresolved",1,16,"  ""sd worx"": {market: GLOBAL_OPPORTUNITY_UNRESOLVED_REGION, category: GLOBAL_OPPORTUNITY}"
Scotiabank Uruguay,scotiabank uruguay,NEEDS_COMPANY_MAPPING,GLOBAL_OPPORTUNITY,,0.55,True,1,0,0,0,0,0,0,1,0,1,0,False,False,True,True,False,False,False,False,False,False,"recruiter/TA or opportunity-history signal present, region unresolved",1,16,"  ""scotiabank uruguay"": {market: GLOBAL_OPPORTUNITY_UNRESOLVED_REGION, category: GLOBAL_OPPORTUNITY}"
Scienza Uruguay,scienza uruguay,NEEDS_COMPANY_MAPPING,GLOBAL_OPPORTUNITY,,0.55,True,1,0,0,0,0,0,0,1,0,1,0,False,False,True,True,False,False,False,False,False,False,"recruiter/TA or opportunity-history signal present, region unresolved",1,16,"  ""scienza uruguay"": {market: GLOBAL_OPPORTUNITY_UNRESOLVED_REGION, category: GLOBAL_OPPORTUNITY}"
Amicar,amicar,NEEDS_COMPANY_MAPPING,GLOBAL_OPPORTUNITY,,0.55,True,1,0,0,0,0,0,0,1,0,1,0,False,False,True,True,False,False,False,False,False,False,"recruiter/TA or opportunity-history signal present, region unresolved",1,16,"  ""amicar"": {market: GLOBAL_OPPORTUNITY_UNRESOLVED_REGION, category: GLOBAL_OPPORTUNITY}"
Amherst,amherst,NEEDS_COMPANY_MAPPING,GLOBAL_OPPORTUNITY,,0.55,True,1,0,0,0,0,0,0,1,0,1,0,False,False,True,True,False,False,False,False,False,False,"recruiter/TA or opportunity-history signal present, region unresolved",1,16,"  ""amherst"": {market: GLOBAL_OPPORTUNITY_UNRESOLVED_REGION, category: GLOBAL_OPPORTUNITY}"
Amgen,amgen,NEEDS_COMPANY_MAPPING,GLOBAL_OPPORTUNITY,,0.55,True,1,0,0,0,0,0,0,1,0,1,0,False,False,True,True,False,False,False,False,False,False,"recruiter/TA or opportunity-history signal present, region unresolved",1,16,"  ""amgen"": {market: GLOBAL_OPPORTUNITY_UNRESOLVED_REGION, category: GLOBAL_OPPORTUNITY}"
Amefruits,amefruits,NEEDS_COMPANY_MAPPING,GLOBAL_OPPORTUNITY,,0.55,True,1,0,0,0,0,0,0,1,0,1,0,False,False,True,True,False,False,False,False,False,False,"recruiter/TA or opportunity-history signal present, region unresolved",1,16,"  ""amefruits"": {market: GLOBAL_OPPORTUNITY_UNRESOLVED_REGION, category: GLOBAL_OPPORTUNITY}"
Amdocs,amdocs,NEEDS_COMPANY_MAPPING,GLOBAL_OPPORTUNITY,,0.55,True,1,0,0,0,0,0,0,1,0,1,0,False,False,True,True,False,False,False,False,False,False,"recruiter/TA or opportunity-history signal present, region unresolved",1,16,"  ""amdocs"": {market: GLOBAL_OPPORTUNITY_UNRESOLVED_REGION, category: GLOBAL_OPPORTUNITY}"
Covetrus,covetrus,NEEDS_COMPANY_MAPPING,GLOBAL_OPPORTUNITY,,0.55,True,1,0,0,0,0,0,0,1,0,1,0,False,False,True,True,False,False,False,False,False,False,"recruiter/TA or opportunity-history signal present, region unresolved",1,16,"  ""covetrus"": {market: GLOBAL_OPPORTUNITY_UNRESOLVED_REGION, category: GLOBAL_OPPORTUNITY}"
COSEM IAMPP,cosem iampp,NEEDS_COMPANY_MAPPING,GLOBAL_OPPORTUNITY,,0.55,True,1,0,0,0,0,0,0,1,0,1,0,False,False,True,True,False,False,False,False,False,False,"recruiter/TA or opportunity-history signal present, region unresolved",1,16,"  ""cosem iampp"": {market: GLOBAL_OPPORTUNITY_UNRESOLVED_REGION, category: GLOBAL_OPPORTUNITY}"
COS Global Services,cos,NEEDS_COMPANY_MAPPING,GLOBAL_OPPORTUNITY,,0.55,True,1,0,0,0,0,0,0,1,0,1,0,False,False,True,True,False,False,False,False,False,False,"recruiter/TA or opportunity-history signal present, region unresolved",1,16,"  ""cos global services"": {market: GLOBAL_OPPORTUNITY_UNRESOLVED_REGION, category: GLOBAL_OPPORTUNITY}"
CORVUS UTV,corvus utv,NEEDS_COMPANY_MAPPING,GLOBAL_OPPORTUNITY,,0.55,True,1,0,0,0,0,0,0,1,0,1,0,False,False,True,True,False,False,False,False,False,False,"recruiter/TA or opportunity-history signal present, region unresolved",1,16,"  ""corvus utv"": {market: GLOBAL_OPPORTUNITY_UNRESOLVED_REGION, category: GLOBAL_OPPORTUNITY}"
Copabo Indústria,copabo indústria,NEEDS_COMPANY_MAPPING,GLOBAL_OPPORTUNITY,,0.55,True,1,0,0,0,0,0,0,1,0,1,0,False,False,True,True,False,False,False,False,False,False,"recruiter/TA or opportunity-history signal present, region unresolved",1,16,"  ""copabo indústria"": {market: GLOBAL_OPPORTUNITY_UNRESOLVED_REGION, category: GLOBAL_OPPORTUNITY}"
Coopeuch,coopeuch,NEEDS_COMPANY_MAPPING,GLOBAL_OPPORTUNITY,,0.55,True,1,0,0,0,0,0,0,1,0,1,0,False,False,True,True,False,False,False,False,False,False,"recruiter/TA or opportunity-history signal present, region unresolved",1,16,"  ""coopeuch"": {market: GLOBAL_OPPORTUNITY_UNRESOLVED_REGION, category: GLOBAL_OPPORTUNITY}"
Convixion,convixion,NEEDS_COMPANY_MAPPING,GLOBAL_OPPORTUNITY,,0.55,True,1,0,0,0,0,0,0,1,0,1,0,False,False,True,True,False,False,False,False,False,False,"recruiter/TA or opportunity-history signal present, region unresolved",1,16,"  ""convixion"": {market: GLOBAL_OPPORTUNITY_UNRESOLVED_REGION, category: GLOBAL_OPPORTUNITY}"
Scale Healthcare ( India ),scale healthcare ( india ),NEEDS_COMPANY_MAPPING,GLOBAL_OPPORTUNITY,,0.55,True,1,0,0,0,0,0,0,1,0,1,0,False,False,True,True,False,False,False,False,False,False,"recruiter/TA or opportunity-history signal present, region unresolved",1,16,"  ""scale healthcare ( india )"": {market: GLOBAL_OPPORTUNITY_UNRESOLVED_REGION, category: GLOBAL_OPPORTUNITY}"
Savant Network,savant network,NEEDS_COMPANY_MAPPING,GLOBAL_OPPORTUNITY,,0.55,True,1,0,0,0,0,0,0,1,0,1,0,False,False,True,True,False,False,False,False,False,False,"recruiter/TA or opportunity-history signal present, region unresolved",1,16,"  ""savant network"": {market: GLOBAL_OPPORTUNITY_UNRESOLVED_REGION, category: GLOBAL_OPPORTUNITY}"
Sancho BBDO,sancho bbdo,NEEDS_COMPANY_MAPPING,GLOBAL_OPPORTUNITY,,0.55,True,1,0,0,0,0,0,0,1,0,1,0,False,False,True,True,False,False,False,False,False,False,"recruiter/TA or opportunity-history signal present, region unresolved",1,16,"  ""sancho bbdo"": {market: GLOBAL_OPPORTUNITY_UNRESOLVED_REGION, category: GLOBAL_OPPORTUNITY}"
SalesPoint Incorporation,salespoint incorporation,NEEDS_COMPANY_MAPPING,GLOBAL_OPPORTUNITY,,0.55,True,1,0,0,0,0,0,0,1,0,1,0,False,False,True,True,False,False,False,False,False,False,"recruiter/TA or opportunity-history signal present, region unresolved",1,16,"  ""salespoint incorporation"": {market: GLOBAL_OPPORTUNITY_UNRESOLVED_REGION, category: GLOBAL_OPPORTUNITY}"
Ruby Labs,ruby labs,NEEDS_COMPANY_MAPPING,GLOBAL_OPPORTUNITY,,0.55,True,1,0,0,0,0,0,0,1,0,1,0,False,False,True,True,False,False,False,False,False,False,"recruiter/TA or opportunity-history signal present, region unresolved",1,16,"  ""ruby labs"": {market: GLOBAL_OPPORTUNITY_UNRESOLVED_REGION, category: GLOBAL_OPPORTUNITY}"
RSM UY,rsm uy,NEEDS_COMPANY_MAPPING,GLOBAL_OPPORTUNITY,,0.55,True,1,0,0,0,0,0,0,1,0,1,0,False,False,True,True,False,False,False,False,False,False,"recruiter/TA or opportunity-history signal present, region unresolved",1,16,"  ""rsm uy"": {market: GLOBAL_OPPORTUNITY_UNRESOLVED_REGION, category: GLOBAL_OPPORTUNITY}"
Curbelo - Cianci & Asociados,curbelo - cianci & asociados,NEEDS_COMPANY_MAPPING,GLOBAL_OPPORTUNITY,,0.55,True,1,0,0,0,0,0,0,1,0,1,0,False,False,True,True,False,False,False,False,False,False,"recruiter/TA or opportunity-history signal present, region unresolved",1,16,"  ""curbelo - cianci & asociados"": {market: GLOBAL_OPPORTUNITY_UNRESOLVED_REGION, category: GLOBAL_OPPORTUNITY}"
CUBE,cube,NEEDS_COMPANY_MAPPING,GLOBAL_OPPORTUNITY,,0.55,True,2,0,1,0,0,0,2,0,0,0,0,False,False,False,False,False,False,False,False,False,False,"recruiter/TA or opportunity-history signal present, region unresolved",1,16,"  ""cube"": {market: GLOBAL_OPPORTUNITY_UNRESOLVED_REGION, category: GLOBAL_OPPORTUNITY}"
CRS Hospital Provincia Cordillera,crs hospital provincia cordillera,NEEDS_COMPANY_MAPPING,GLOBAL_OPPORTUNITY,,0.55,True,1,0,0,0,0,0,0,1,0,1,0,False,False,True,True,False,False,False,False,False,False,"recruiter/TA or opportunity-history signal present, region unresolved",1,16,"  ""crs hospital provincia cordillera"": {market: GLOBAL_OPPORTUNITY_UNRESOLVED_REGION, category: GLOBAL_OPPORTUNITY}"
Robots & Pencils,robots & pencils,NEEDS_COMPANY_MAPPING,GLOBAL_OPPORTUNITY,,0.55,True,1,0,0,0,0,0,0,1,0,1,0,False,False,True,True,False,False,False,False,False,False,"recruiter/TA or opportunity-history signal present, region unresolved",1,16,"  ""robots & pencils"": {market: GLOBAL_OPPORTUNITY_UNRESOLVED_REGION, category: GLOBAL_OPPORTUNITY}"
Robot.com,robot.com,NEEDS_COMPANY_MAPPING,GLOBAL_OPPORTUNITY,,0.55,True,1,0,0,0,0,0,0,1,0,1,0,False,False,True,True,False,False,False,False,False,False,"recruiter/TA or opportunity-history signal present, region unresolved",1,16,"  ""robot.com"": {market: GLOBAL_OPPORTUNITY_UNRESOLVED_REGION, category: GLOBAL_OPPORTUNITY}"
richter & heß VERPACKUNGEN,richter & heß verpackungen,NEEDS_COMPANY_MAPPING,GLOBAL_OPPORTUNITY,,0.55,True,1,0,0,0,0,0,0,1,0,1,0,False,False,True,True,False,False,False,False,False,False,"recruiter/TA or opportunity-history signal present, region unresolved",1,16,"  ""richter & heß verpackungen"": {market: GLOBAL_OPPORTUNITY_UNRESOLVED_REGION, category: GLOBAL_OPPORTUNITY}"
ReSimple,resimple,NEEDS_COMPANY_MAPPING,GLOBAL_OPPORTUNITY,,0.55,True,1,0,0,0,0,0,0,1,0,1,0,False,False,True,True,False,False,False,False,False,False,"recruiter/TA or opportunity-history signal present, region unresolved",1,16,"  ""resimple"": {market: GLOBAL_OPPORTUNITY_UNRESOLVED_REGION, category: GLOBAL_OPPORTUNITY}"
República Microfinanzas S.A,república microfinanzas,NEEDS_COMPANY_MAPPING,GLOBAL_OPPORTUNITY,,0.55,True,1,0,0,0,0,0,0,1,0,1,0,False,False,True,True,False,False,False,False,False,False,"recruiter/TA or opportunity-history signal present, region unresolved",1,16,"  ""república microfinanzas s.a"": {market: GLOBAL_OPPORTUNITY_UNRESOLVED_REGION, category: GLOBAL_OPPORTUNITY}"
Rentokil Initial,rentokil initial,NEEDS_COMPANY_MAPPING,GLOBAL_OPPORTUNITY,,0.55,True,1,0,0,0,0,0,0,1,0,1,0,False,False,True,True,False,False,False,False,False,False,"recruiter/TA or opportunity-history signal present, region unresolved",1,16,"  ""rentokil initial"": {market: GLOBAL_OPPORTUNITY_UNRESOLVED_REGION, category: GLOBAL_OPPORTUNITY}"
Renta Nacional Seguros Generales,renta nacional seguros generales,NEEDS_COMPANY_MAPPING,GLOBAL_OPPORTUNITY,,0.55,True,1,0,0,0,0,0,0,1,0,1,0,False,False,True,True,False,False,False,False,False,False,"recruiter/TA or opportunity-history signal present, region unresolved",1,16,"  ""renta nacional seguros generales"": {market: GLOBAL_OPPORTUNITY_UNRESOLVED_REGION, category: GLOBAL_OPPORTUNITY}"
REF Uruguay,ref uruguay,NEEDS_COMPANY_MAPPING,GLOBAL_OPPORTUNITY,,0.55,True,1,0,0,0,0,0,0,1,0,1,0,False,False,True,True,False,False,False,False,False,False,"recruiter/TA or opportunity-history signal present, region unresolved",1,16,"  ""ref uruguay"": {market: GLOBAL_OPPORTUNITY_UNRESOLVED_REGION, category: GLOBAL_OPPORTUNITY}"
Redux,redux,NEEDS_COMPANY_MAPPING,GLOBAL_OPPORTUNITY,,0.55,True,1,0,0,0,0,0,0,1,0,1,0,False,False,True,True,False,False,False,False,False,False,"recruiter/TA or opportunity-history signal present, region unresolved",1,16,"  ""redux"": {market: GLOBAL_OPPORTUNITY_UNRESOLVED_REGION, category: GLOBAL_OPPORTUNITY}"
RedScreen (Pty) Ltd,redscreen (pty),NEEDS_COMPANY_MAPPING,GLOBAL_OPPORTUNITY,,0.55,True,1,0,0,0,0,0,0,1,0,1,0,False,False,True,True,False,False,False,False,False,False,"recruiter/TA or opportunity-history signal present, region unresolved",1,16,"  ""redscreen (pty) ltd"": {market: GLOBAL_OPPORTUNITY_UNRESOLVED_REGION, category: GLOBAL_OPPORTUNITY}"
RedCLARA - Cooperación Latino Americana de Redes Avanzadas,redclara - cooperación latino americana de redes avanzadas,NEEDS_COMPANY_MAPPING,GLOBAL_OPPORTUNITY,,0.55,True,1,0,0,0,0,0,0,1,0,1,0,False,False,True,True,False,False,False,False,False,False,"recruiter/TA or opportunity-history signal present, region unresolved",1,16,"  ""redclara - cooperación latino americana de redes avanzadas"": {market: GLOBAL_OPPORTUNITY_UNRESOLVED_REGION, category: GLOBAL_OPPORTUNITY}"
Rebels,rebels,NEEDS_COMPANY_MAPPING,GLOBAL_OPPORTUNITY,,0.55,True,1,0,0,0,0,0,0,1,0,1,0,False,False,True,True,False,False,False,False,False,False,"recruiter/TA or opportunity-history signal present, region unresolved",1,16,"  ""rebels"": {market: GLOBAL_OPPORTUNITY_UNRESOLVED_REGION, category: GLOBAL_OPPORTUNITY}"
RB SOLUÇÕES EM CAPITAL HUMANO,rb soluções em capital humano,NEEDS_COMPANY_MAPPING,GLOBAL_OPPORTUNITY,,0.55,True,1,0,0,0,0,0,0,1,0,1,0,False,False,True,True,False,False,False,False,False,False,"recruiter/TA or opportunity-history signal present, region unresolved",1,16,"  ""rb soluções em capital humano"": {market: GLOBAL_OPPORTUNITY_UNRESOLVED_REGION, category: GLOBAL_OPPORTUNITY}"
RankMyApp,rankmyapp,NEEDS_COMPANY_MAPPING,GLOBAL_OPPORTUNITY,,0.55,True,1,0,0,0,0,0,0,1,0,1,0,False,False,True,True,False,False,False,False,False,False,"recruiter/TA or opportunity-history signal present, region unresolved",1,16,"  ""rankmyapp"": {market: GLOBAL_OPPORTUNITY_UNRESOLVED_REGION, category: GLOBAL_OPPORTUNITY}"
R2D Top Talent,r2d top talent,NEEDS_COMPANY_MAPPING,GLOBAL_STAFFING,GLOBAL_STAFFING,0.8,True,1,0,0,0,0,0,0,1,0,1,0,False,False,True,True,False,False,False,False,True,False,staffing/recruiting keyword in company name,1,16,"  ""r2d top talent"": {market: GLOBAL_STAFFING, category: GLOBAL_STAFFING}"
Dasbanq,dasbanq,NEEDS_COMPANY_MAPPING,GLOBAL_OPPORTUNITY,,0.55,True,1,0,0,0,0,0,0,1,0,1,0,False,False,True,True,False,False,False,False,False,False,"recruiter/TA or opportunity-history signal present, region unresolved",1,16,"  ""dasbanq"": {market: GLOBAL_OPPORTUNITY_UNRESOLVED_REGION, category: GLOBAL_OPPORTUNITY}"
Questrade Financial Group,questrade financial,NEEDS_COMPANY_MAPPING,GLOBAL_OPPORTUNITY,,0.55,True,1,0,0,0,0,0,0,1,0,1,0,False,False,True,True,False,False,False,False,False,False,"recruiter/TA or opportunity-history signal present, region unresolved",1,16,"  ""questrade financial group"": {market: GLOBAL_OPPORTUNITY_UNRESOLVED_REGION, category: GLOBAL_OPPORTUNITY}"
AmSpec Group,amspec,NEEDS_COMPANY_MAPPING,GLOBAL_OPPORTUNITY,,0.55,True,1,0,0,0,0,0,0,1,0,1,0,False,False,True,True,False,False,False,False,False,False,"recruiter/TA or opportunity-history signal present, region unresolved",1,16,"  ""amspec group"": {market: GLOBAL_OPPORTUNITY_UNRESOLVED_REGION, category: GLOBAL_OPPORTUNITY}"
Quantumgo,quantumgo,NEEDS_COMPANY_MAPPING,GLOBAL_OPPORTUNITY,,0.55,True,1,0,0,0,0,0,0,1,0,1,0,False,False,True,True,False,False,False,False,False,False,"recruiter/TA or opportunity-history signal present, region unresolved",1,16,"  ""quantumgo"": {market: GLOBAL_OPPORTUNITY_UNRESOLVED_REGION, category: GLOBAL_OPPORTUNITY}"
Quality Temporal (ETT),quality temporal (ett),NEEDS_COMPANY_MAPPING,GLOBAL_OPPORTUNITY,,0.55,True,1,0,0,0,0,0,0,1,0,1,0,False,False,True,True,False,False,False,False,False,False,"recruiter/TA or opportunity-history signal present, region unresolved",1,16,"  ""quality temporal (ett)"": {market: GLOBAL_OPPORTUNITY_UNRESOLVED_REGION, category: GLOBAL_OPPORTUNITY}"
"Qorvo, Inc",qorvo,NEEDS_COMPANY_MAPPING,GLOBAL_OPPORTUNITY,,0.55,True,1,0,0,0,0,0,0,1,0,1,0,False,False,True,True,False,False,False,False,False,False,"recruiter/TA or opportunity-history signal present, region unresolved",1,16,"  ""qorvo, inc"": {market: GLOBAL_OPPORTUNITY_UNRESOLVED_REGION, category: GLOBAL_OPPORTUNITY}"
Qive,qive,NEEDS_COMPANY_MAPPING,GLOBAL_OPPORTUNITY,,0.55,True,2,0,1,0,0,0,2,0,0,0,0,False,False,False,False,False,False,False,False,False,False,"recruiter/TA or opportunity-history signal present, region unresolved",1,16,"  ""qive"": {market: GLOBAL_OPPORTUNITY_UNRESOLVED_REGION, category: GLOBAL_OPPORTUNITY}"
PUMA Group,puma,NEEDS_COMPANY_MAPPING,GLOBAL_OPPORTUNITY,,0.55,True,1,0,0,0,0,0,0,1,0,1,0,False,False,True,True,False,False,False,False,False,False,"recruiter/TA or opportunity-history signal present, region unresolved",1,16,"  ""puma group"": {market: GLOBAL_OPPORTUNITY_UNRESOLVED_REGION, category: GLOBAL_OPPORTUNITY}"
PT. Maju Aman Jaya,pt. maju aman jaya,NEEDS_COMPANY_MAPPING,GLOBAL_OPPORTUNITY,,0.55,True,1,0,0,0,0,0,0,1,0,1,0,False,False,True,True,False,False,False,False,False,False,"recruiter/TA or opportunity-history signal present, region unresolved",1,16,"  ""pt. maju aman jaya"": {market: GLOBAL_OPPORTUNITY_UNRESOLVED_REGION, category: GLOBAL_OPPORTUNITY}"
Psicóloga Mayara Carvalho,psicóloga mayara carvalho,NEEDS_COMPANY_MAPPING,GLOBAL_OPPORTUNITY,,0.55,True,1,0,0,0,0,0,0,1,0,1,0,False,False,True,True,False,False,False,False,False,False,"recruiter/TA or opportunity-history signal present, region unresolved",1,16,"  ""psicóloga mayara carvalho"": {market: GLOBAL_OPPORTUNITY_UNRESOLVED_REGION, category: GLOBAL_OPPORTUNITY}"
Psicóloga Clínica Autônomo,psicóloga clínica autônomo,NEEDS_COMPANY_MAPPING,GLOBAL_OPPORTUNITY,,0.55,True,1,0,0,0,0,0,0,1,0,1,0,False,False,True,True,False,False,False,False,False,False,"recruiter/TA or opportunity-history signal present, region unresolved",1,16,"  ""psicóloga clínica autônomo"": {market: GLOBAL_OPPORTUNITY_UNRESOLVED_REGION, category: GLOBAL_OPPORTUNITY}"
Proyectos Engineering,proyectos engineering,NEEDS_COMPANY_MAPPING,GLOBAL_OPPORTUNITY,,0.55,True,1,0,0,0,0,0,0,1,0,1,0,False,False,True,True,False,False,False,False,False,False,"recruiter/TA or opportunity-history signal present, region unresolved",1,16,"  ""proyectos engineering"": {market: GLOBAL_OPPORTUNITY_UNRESOLVED_REGION, category: GLOBAL_OPPORTUNITY}"
PROTA,prota,NEEDS_COMPANY_MAPPING,GLOBAL_OPPORTUNITY,,0.55,True,1,0,0,0,0,0,0,1,0,1,0,False,False,True,True,False,False,False,False,False,False,"recruiter/TA or opportunity-history signal present, region unresolved",1,16,"  ""prota"": {market: GLOBAL_OPPORTUNITY_UNRESOLVED_REGION, category: GLOBAL_OPPORTUNITY}"
Prospect Wallet,prospect wallet,NEEDS_COMPANY_MAPPING,GLOBAL_OPPORTUNITY,,0.55,True,1,0,0,0,0,0,0,1,0,1,0,False,False,True,True,False,False,False,False,False,False,"recruiter/TA or opportunity-history signal present, region unresolved",1,16,"  ""prospect wallet"": {market: GLOBAL_OPPORTUNITY_UNRESOLVED_REGION, category: GLOBAL_OPPORTUNITY}"
ProLeads Company,proleads company,NEEDS_COMPANY_MAPPING,GLOBAL_OPPORTUNITY,,0.55,True,1,0,0,0,0,0,0,1,0,1,0,False,False,True,True,False,False,False,False,False,False,"recruiter/TA or opportunity-history signal present, region unresolved",1,16,"  ""proleads company"": {market: GLOBAL_OPPORTUNITY_UNRESOLVED_REGION, category: GLOBAL_OPPORTUNITY}"
"Department of Posts, India","department of posts, india",NEEDS_COMPANY_MAPPING,GLOBAL_OPPORTUNITY,,0.55,True,1,0,0,0,0,0,0,1,0,1,0,False,False,True,True,False,False,False,False,False,False,"recruiter/TA or opportunity-history signal present, region unresolved",1,16,"  ""department of posts, india"": {market: GLOBAL_OPPORTUNITY_UNRESOLVED_REGION, category: GLOBAL_OPPORTUNITY}"
Delta A Salud,delta a salud,NEEDS_COMPANY_MAPPING,GLOBAL_OPPORTUNITY,,0.55,True,1,0,0,0,0,0,0,1,0,1,0,False,False,True,True,False,False,False,False,False,False,"recruiter/TA or opportunity-history signal present, region unresolved",1,16,"  ""delta a salud"": {market: GLOBAL_OPPORTUNITY_UNRESOLVED_REGION, category: GLOBAL_OPPORTUNITY}"
DEALERSPACE,dealerspace,NEEDS_COMPANY_MAPPING,GLOBAL_OPPORTUNITY,,0.55,True,1,0,0,0,0,0,0,1,0,1,0,False,False,True,True,False,False,False,False,False,False,"recruiter/TA or opportunity-history signal present, region unresolved",1,16,"  ""dealerspace"": {market: GLOBAL_OPPORTUNITY_UNRESOLVED_REGION, category: GLOBAL_OPPORTUNITY}"
DB1 Group,db1,NEEDS_COMPANY_MAPPING,GLOBAL_OPPORTUNITY,,0.55,True,2,0,1,0,0,0,2,0,0,0,0,False,False,False,False,False,False,False,False,False,False,"recruiter/TA or opportunity-history signal present, region unresolved",1,16,"  ""db1 group"": {market: GLOBAL_OPPORTUNITY_UNRESOLVED_REGION, category: GLOBAL_OPPORTUNITY}"
Privado,privado,NEEDS_COMPANY_MAPPING,GLOBAL_OPPORTUNITY,,0.55,True,1,0,0,0,0,0,0,1,0,1,1,False,False,True,True,False,False,False,False,False,False,"recruiter/TA or opportunity-history signal present, region unresolved",1,16,"  ""privado"": {market: GLOBAL_OPPORTUNITY_UNRESOLVED_REGION, category: GLOBAL_OPPORTUNITY}"
Prefeitura Municipal de Poços de Caldas,prefeitura municipal de poços de caldas,NEEDS_COMPANY_MAPPING,GLOBAL_OPPORTUNITY,,0.55,True,1,0,0,0,0,0,0,1,0,1,0,False,False,True,True,False,False,False,False,False,False,"recruiter/TA or opportunity-history signal present, region unresolved",1,16,"  ""prefeitura municipal de poços de caldas"": {market: GLOBAL_OPPORTUNITY_UNRESOLVED_REGION, category: GLOBAL_OPPORTUNITY}"
PPRO,ppro,NEEDS_COMPANY_MAPPING,GLOBAL_OPPORTUNITY,,0.55,True,2,0,1,0,0,0,2,0,0,0,0,False,False,False,False,False,False,False,False,False,False,"recruiter/TA or opportunity-history signal present, region unresolved",1,16,"  ""ppro"": {market: GLOBAL_OPPORTUNITY_UNRESOLVED_REGION, category: GLOBAL_OPPORTUNITY}"
ArcTouch,arctouch,NEEDS_COMPANY_MAPPING,GLOBAL_OPPORTUNITY,,0.55,True,1,0,0,0,0,0,0,1,0,1,0,False,False,True,True,False,False,False,False,False,False,"recruiter/TA or opportunity-history signal present, region unresolved",1,16,"  ""arctouch"": {market: GLOBAL_OPPORTUNITY_UNRESOLVED_REGION, category: GLOBAL_OPPORTUNITY}"
"AQUA Information Systems, Inc",aqua information systems,NEEDS_COMPANY_MAPPING,GLOBAL_OPPORTUNITY,,0.55,True,1,0,0,0,0,0,0,1,0,1,0,False,False,True,True,False,False,False,False,False,False,"recruiter/TA or opportunity-history signal present, region unresolved",1,16,"  ""aqua information systems, inc"": {market: GLOBAL_OPPORTUNITY_UNRESOLVED_REGION, category: GLOBAL_OPPORTUNITY}"
Aptar,aptar,NEEDS_COMPANY_MAPPING,GLOBAL_OPPORTUNITY,,0.55,True,1,0,0,0,0,0,0,1,0,1,0,False,False,True,True,False,False,False,False,False,False,"recruiter/TA or opportunity-history signal present, region unresolved",1,16,"  ""aptar"": {market: GLOBAL_OPPORTUNITY_UNRESOLVED_REGION, category: GLOBAL_OPPORTUNITY}"
Appzlogic,appzlogic,NEEDS_COMPANY_MAPPING,GLOBAL_OPPORTUNITY,,0.55,True,1,0,0,0,0,0,0,1,0,1,0,False,False,True,True,False,False,False,False,False,False,"recruiter/TA or opportunity-history signal present, region unresolved",1,16,"  ""appzlogic"": {market: GLOBAL_OPPORTUNITY_UNRESOLVED_REGION, category: GLOBAL_OPPORTUNITY}"
Appning by Forvia,appning by forvia,NEEDS_COMPANY_MAPPING,GLOBAL_OPPORTUNITY,,0.55,True,1,0,0,0,0,0,0,1,0,1,0,False,False,True,True,False,False,False,False,False,False,"recruiter/TA or opportunity-history signal present, region unresolved",1,16,"  ""appning by forvia"": {market: GLOBAL_OPPORTUNITY_UNRESOLVED_REGION, category: GLOBAL_OPPORTUNITY}"
"pml, we know how","pml, we know how",NEEDS_COMPANY_MAPPING,GLOBAL_OPPORTUNITY,,0.55,True,1,0,0,0,0,0,0,1,0,1,0,False,False,True,True,False,False,False,False,False,False,"recruiter/TA or opportunity-history signal present, region unresolved",1,16,"  ""pml, we know how"": {market: GLOBAL_OPPORTUNITY_UNRESOLVED_REGION, category: GLOBAL_OPPORTUNITY}"
Planet,planet,NEEDS_COMPANY_MAPPING,GLOBAL_OPPORTUNITY,,0.55,True,2,0,1,0,0,0,2,0,0,0,0,False,False,False,False,False,False,False,False,False,False,"recruiter/TA or opportunity-history signal present, region unresolved",1,16,"  ""planet"": {market: GLOBAL_OPPORTUNITY_UNRESOLVED_REGION, category: GLOBAL_OPPORTUNITY}"
Diksha Australia,diksha australia,NEEDS_COMPANY_MAPPING,GLOBAL_OPPORTUNITY,,0.55,True,1,0,0,0,0,0,0,1,0,1,0,False,False,True,True,False,False,False,False,False,False,"recruiter/TA or opportunity-history signal present, region unresolved",1,16,"  ""diksha australia"": {market: GLOBAL_OPPORTUNITY_UNRESOLVED_REGION, category: GLOBAL_OPPORTUNITY}"
Digitanity,digitanity,NEEDS_COMPANY_MAPPING,GLOBAL_OPPORTUNITY,,0.55,True,1,0,0,0,0,0,0,1,0,1,0,False,False,True,True,False,False,False,False,False,False,"recruiter/TA or opportunity-history signal present, region unresolved",1,16,"  ""digitanity"": {market: GLOBAL_OPPORTUNITY_UNRESOLVED_REGION, category: GLOBAL_OPPORTUNITY}"
Diamond National Investments,diamond national investments,NEEDS_COMPANY_MAPPING,GLOBAL_OPPORTUNITY,,0.55,True,1,0,0,0,0,0,0,1,0,1,0,False,False,True,True,False,False,False,False,False,False,"recruiter/TA or opportunity-history signal present, region unresolved",1,16,"  ""diamond national investments"": {market: GLOBAL_OPPORTUNITY_UNRESOLVED_REGION, category: GLOBAL_OPPORTUNITY}"
develop,develop,NEEDS_COMPANY_MAPPING,GLOBAL_OPPORTUNITY,,0.55,True,1,0,0,0,0,0,0,1,0,1,0,False,False,True,True,False,False,False,False,False,False,"recruiter/TA or opportunity-history signal present, region unresolved",1,16,"  ""develop"": {market: GLOBAL_OPPORTUNITY_UNRESOLVED_REGION, category: GLOBAL_OPPORTUNITY}"
Deutsche WertpapierService Bank AG,deutsche wertpapierservice bank,NEEDS_COMPANY_MAPPING,GLOBAL_OPPORTUNITY,,0.55,True,1,0,0,0,0,0,0,1,0,1,0,False,False,True,True,False,False,False,False,False,False,"recruiter/TA or opportunity-history signal present, region unresolved",1,16,"  ""deutsche wertpapierservice bank ag"": {market: GLOBAL_OPPORTUNITY_UNRESOLVED_REGION, category: GLOBAL_OPPORTUNITY}"
PKF Uruguay,pkf uruguay,NEEDS_COMPANY_MAPPING,GLOBAL_OPPORTUNITY,,0.55,True,1,0,0,0,0,0,0,1,0,1,0,False,False,True,True,False,False,False,False,False,False,"recruiter/TA or opportunity-history signal present, region unresolved",1,16,"  ""pkf uruguay"": {market: GLOBAL_OPPORTUNITY_UNRESOLVED_REGION, category: GLOBAL_OPPORTUNITY}"
Pixida,pixida,NEEDS_COMPANY_MAPPING,GLOBAL_OPPORTUNITY,,0.55,True,1,0,0,0,0,0,0,1,0,1,0,False,False,True,True,False,False,False,False,False,False,"recruiter/TA or opportunity-history signal present, region unresolved",1,16,"  ""pixida"": {market: GLOBAL_OPPORTUNITY_UNRESOLVED_REGION, category: GLOBAL_OPPORTUNITY}"
Pharmbills,pharmbills,NEEDS_COMPANY_MAPPING,GLOBAL_OPPORTUNITY,,0.55,True,1,0,0,0,0,0,0,1,0,1,0,False,False,True,True,False,False,False,False,False,False,"recruiter/TA or opportunity-history signal present, region unresolved",1,16,"  ""pharmbills"": {market: GLOBAL_OPPORTUNITY_UNRESOLVED_REGION, category: GLOBAL_OPPORTUNITY}"
People A&M,people a&m,NEEDS_COMPANY_MAPPING,GLOBAL_OPPORTUNITY,,0.55,True,1,0,0,0,0,0,0,1,0,1,0,False,False,True,True,False,False,False,False,False,False,"recruiter/TA or opportunity-history signal present, region unresolved",1,16,"  ""people a&m"": {market: GLOBAL_OPPORTUNITY_UNRESOLVED_REGION, category: GLOBAL_OPPORTUNITY}"
Paraform,paraform,NEEDS_COMPANY_MAPPING,GLOBAL_OPPORTUNITY,,0.55,True,1,0,0,0,0,0,0,1,0,1,0,False,False,True,True,False,False,False,False,False,False,"recruiter/TA or opportunity-history signal present, region unresolved",1,16,"  ""paraform"": {market: GLOBAL_OPPORTUNITY_UNRESOLVED_REGION, category: GLOBAL_OPPORTUNITY}"
Pacífico Seguros,pacífico seguros,NEEDS_COMPANY_MAPPING,GLOBAL_OPPORTUNITY,,0.55,True,1,0,0,0,0,0,0,1,0,1,0,False,False,True,True,False,False,False,False,False,False,"recruiter/TA or opportunity-history signal present, region unresolved",1,16,"  ""pacífico seguros"": {market: GLOBAL_OPPORTUNITY_UNRESOLVED_REGION, category: GLOBAL_OPPORTUNITY}"
Otis Elevator Co,otis elevator co,NEEDS_COMPANY_MAPPING,GLOBAL_OPPORTUNITY,,0.55,True,1,0,0,0,0,0,0,1,0,1,0,False,False,True,True,False,False,False,False,False,False,"recruiter/TA or opportunity-history signal present, region unresolved",1,16,"  ""otis elevator co"": {market: GLOBAL_OPPORTUNITY_UNRESOLVED_REGION, category: GLOBAL_OPPORTUNITY}"
Oolooroo.io,oolooroo.io,NEEDS_COMPANY_MAPPING,GLOBAL_OPPORTUNITY,,0.55,True,1,0,0,0,0,0,0,1,0,1,0,False,False,True,True,False,False,False,False,False,False,"recruiter/TA or opportunity-history signal present, region unresolved",1,16,"  ""oolooroo.io"": {market: GLOBAL_OPPORTUNITY_UNRESOLVED_REGION, category: GLOBAL_OPPORTUNITY}"
OnHires,onhires,NEEDS_COMPANY_MAPPING,GLOBAL_OPPORTUNITY,,0.55,True,1,0,0,0,0,0,0,1,0,1,0,False,False,True,True,False,False,False,False,False,False,"recruiter/TA or opportunity-history signal present, region unresolved",1,16,"  ""onhires"": {market: GLOBAL_OPPORTUNITY_UNRESOLVED_REGION, category: GLOBAL_OPPORTUNITY}"
Omie,omie,NEEDS_COMPANY_MAPPING,GLOBAL_OPPORTUNITY,,0.55,True,2,0,1,0,0,0,2,0,0,0,0,False,False,False,False,False,False,False,False,False,False,"recruiter/TA or opportunity-history signal present, region unresolved",1,16,"  ""omie"": {market: GLOBAL_OPPORTUNITY_UNRESOLVED_REGION, category: GLOBAL_OPPORTUNITY}"
Oktana Corporation,oktana,NEEDS_COMPANY_MAPPING,GLOBAL_OPPORTUNITY,,0.55,True,1,0,0,0,0,0,0,1,0,1,0,False,False,True,True,False,False,False,False,False,False,"recruiter/TA or opportunity-history signal present, region unresolved",1,16,"  ""oktana corporation"": {market: GLOBAL_OPPORTUNITY_UNRESOLVED_REGION, category: GLOBAL_OPPORTUNITY}"
Oderço,oderço,NEEDS_COMPANY_MAPPING,GLOBAL_OPPORTUNITY,,0.55,True,1,0,0,0,0,0,0,1,0,1,0,False,False,True,True,False,False,False,False,False,False,"recruiter/TA or opportunity-history signal present, region unresolved",1,16,"  ""oderço"": {market: GLOBAL_OPPORTUNITY_UNRESOLVED_REGION, category: GLOBAL_OPPORTUNITY}"
DP World,dp world,NEEDS_COMPANY_MAPPING,GLOBAL_OPPORTUNITY,,0.55,True,1,0,0,0,0,0,0,1,0,1,0,False,False,True,True,False,False,False,False,False,False,"recruiter/TA or opportunity-history signal present, region unresolved",1,16,"  ""dp world"": {market: GLOBAL_OPPORTUNITY_UNRESOLVED_REGION, category: GLOBAL_OPPORTUNITY}"
Doctoralia México,doctoralia méxico,NEEDS_COMPANY_MAPPING,GLOBAL_OPPORTUNITY,,0.55,True,1,0,0,0,0,0,0,1,0,1,0,False,False,True,True,False,False,False,False,False,False,"recruiter/TA or opportunity-history signal present, region unresolved",1,16,"  ""doctoralia méxico"": {market: GLOBAL_OPPORTUNITY_UNRESOLVED_REGION, category: GLOBAL_OPPORTUNITY}"
Docket,docket,NEEDS_COMPANY_MAPPING,GLOBAL_OPPORTUNITY,,0.55,True,1,0,0,0,0,0,0,1,0,1,0,False,False,True,True,False,False,False,False,False,False,"recruiter/TA or opportunity-history signal present, region unresolved",1,16,"  ""docket"": {market: GLOBAL_OPPORTUNITY_UNRESOLVED_REGION, category: GLOBAL_OPPORTUNITY}"
Ocean Network Express,ocean network express,NEEDS_COMPANY_MAPPING,GLOBAL_OPPORTUNITY,,0.55,True,1,0,0,0,0,0,0,1,0,1,0,False,False,True,True,False,False,False,False,False,False,"recruiter/TA or opportunity-history signal present, region unresolved",1,16,"  ""ocean network express"": {market: GLOBAL_OPPORTUNITY_UNRESOLVED_REGION, category: GLOBAL_OPPORTUNITY}"
OBSS,obss,NEEDS_COMPANY_MAPPING,GLOBAL_OPPORTUNITY,,0.55,True,1,0,0,0,0,0,0,1,0,1,0,False,False,True,True,False,False,False,False,False,False,"recruiter/TA or opportunity-history signal present, region unresolved",1,16,"  ""obss"": {market: GLOBAL_OPPORTUNITY_UNRESOLVED_REGION, category: GLOBAL_OPPORTUNITY}"
Nutrata,nutrata,NEEDS_COMPANY_MAPPING,GLOBAL_OPPORTUNITY,,0.55,True,1,0,0,0,0,0,0,1,0,1,0,False,False,True,True,False,False,False,False,False,False,"recruiter/TA or opportunity-history signal present, region unresolved",1,16,"  ""nutrata"": {market: GLOBAL_OPPORTUNITY_UNRESOLVED_REGION, category: GLOBAL_OPPORTUNITY}"
Nurtur,nurtur,NEEDS_COMPANY_MAPPING,GLOBAL_OPPORTUNITY,,0.55,True,1,0,0,0,0,0,0,1,0,1,0,False,False,True,True,False,False,False,False,False,False,"recruiter/TA or opportunity-history signal present, region unresolved",1,16,"  ""nurtur"": {market: GLOBAL_OPPORTUNITY_UNRESOLVED_REGION, category: GLOBAL_OPPORTUNITY}"
Nouvel Talent,nouvel talent,NEEDS_COMPANY_MAPPING,GLOBAL_STAFFING,GLOBAL_STAFFING,0.8,True,1,0,0,0,0,0,0,1,0,1,0,False,False,True,True,False,False,False,False,True,False,staffing/recruiting keyword in company name,1,16,"  ""nouvel talent"": {market: GLOBAL_STAFFING, category: GLOBAL_STAFFING}"
"ARTE - Agência para a Reforma Tecnológica do Estado, IP","arte - agência para a reforma tecnológica do estado, ip",NEEDS_COMPANY_MAPPING,GLOBAL_OPPORTUNITY,,0.55,True,1,0,0,0,0,0,0,1,0,1,0,False,False,True,True,False,False,False,False,False,False,"recruiter/TA or opportunity-history signal present, region unresolved",1,16,"  ""arte - agência para a reforma tecnológica do estado, ip"": {market: GLOBAL_OPPORTUNITY_UNRESOLVED_REGION, category: GLOBAL_OPPORTUNITY}"
Armajevale,armajevale,NEEDS_COMPANY_MAPPING,GLOBAL_OPPORTUNITY,,0.55,True,1,0,0,0,0,0,0,1,0,1,0,False,False,True,True,False,False,False,False,False,False,"recruiter/TA or opportunity-history signal present, region unresolved",1,16,"  ""armajevale"": {market: GLOBAL_OPPORTUNITY_UNRESOLVED_REGION, category: GLOBAL_OPPORTUNITY}"
Nivela,nivela,NEEDS_COMPANY_MAPPING,GLOBAL_OPPORTUNITY,,0.55,True,1,0,0,0,0,0,0,1,0,1,0,False,False,True,True,False,False,False,False,False,False,"recruiter/TA or opportunity-history signal present, region unresolved",1,16,"  ""nivela"": {market: GLOBAL_OPPORTUNITY_UNRESOLVED_REGION, category: GLOBAL_OPPORTUNITY}"
Nickel,nickel,NEEDS_COMPANY_MAPPING,GLOBAL_OPPORTUNITY,,0.55,True,1,0,0,0,0,0,0,1,0,1,0,False,False,True,True,False,False,False,False,False,False,"recruiter/TA or opportunity-history signal present, region unresolved",1,16,"  ""nickel"": {market: GLOBAL_OPPORTUNITY_UNRESOLVED_REGION, category: GLOBAL_OPPORTUNITY}"
NEXA,nexa,NEEDS_COMPANY_MAPPING,NEEDS_COMPANY_MAPPING,,0.0,True,1,0,0,0,0,0,0,1,0,1,0,False,False,True,False,False,False,False,False,False,False,"no keyword, dictionary, persona, or message signal found — needs manual research",1,16,
NEX Energy,nex energy,NEEDS_COMPANY_MAPPING,GLOBAL_OPPORTUNITY,,0.55,True,1,0,0,0,0,0,0,1,0,1,0,False,False,True,True,False,False,False,False,False,False,"recruiter/TA or opportunity-history signal present, region unresolved",1,16,"  ""nex energy"": {market: GLOBAL_OPPORTUNITY_UNRESOLVED_REGION, category: GLOBAL_OPPORTUNITY}"
EAs to the Rescue,eas to the rescue,NEEDS_COMPANY_MAPPING,GLOBAL_OPPORTUNITY,,0.55,True,1,0,0,0,0,0,0,1,0,1,0,False,False,True,True,False,False,False,False,False,False,"recruiter/TA or opportunity-history signal present, region unresolved",1,16,"  ""eas to the rescue"": {market: GLOBAL_OPPORTUNITY_UNRESOLVED_REGION, category: GLOBAL_OPPORTUNITY}"
Netrin,netrin,NEEDS_COMPANY_MAPPING,GLOBAL_OPPORTUNITY,,0.55,True,1,0,0,0,0,0,0,1,0,1,0,False,False,True,True,False,False,False,False,False,False,"recruiter/TA or opportunity-history signal present, region unresolved",1,16,"  ""netrin"": {market: GLOBAL_OPPORTUNITY_UNRESOLVED_REGION, category: GLOBAL_OPPORTUNITY}"
NetForemost,netforemost,NEEDS_COMPANY_MAPPING,GLOBAL_OPPORTUNITY,,0.55,True,1,0,0,0,0,0,0,1,0,1,0,False,False,True,True,False,False,False,False,False,False,"recruiter/TA or opportunity-history signal present, region unresolved",1,16,"  ""netforemost"": {market: GLOBAL_OPPORTUNITY_UNRESOLVED_REGION, category: GLOBAL_OPPORTUNITY}"
NetExpat,netexpat,NEEDS_COMPANY_MAPPING,GLOBAL_OPPORTUNITY,,0.55,True,1,0,0,0,0,0,0,1,0,1,0,False,False,True,True,False,False,False,False,False,False,"recruiter/TA or opportunity-history signal present, region unresolved",1,16,"  ""netexpat"": {market: GLOBAL_OPPORTUNITY_UNRESOLVED_REGION, category: GLOBAL_OPPORTUNITY}"
Netex Group,netex,NEEDS_COMPANY_MAPPING,GLOBAL_OPPORTUNITY,,0.55,True,1,0,0,0,0,0,0,1,0,1,0,False,False,True,True,False,False,False,False,False,False,"recruiter/TA or opportunity-history signal present, region unresolved",1,16,"  ""netex group"": {market: GLOBAL_OPPORTUNITY_UNRESOLVED_REGION, category: GLOBAL_OPPORTUNITY}"
nectar,nectar,NEEDS_COMPANY_MAPPING,GLOBAL_OPPORTUNITY,,0.55,True,1,0,0,0,0,0,0,1,0,1,0,False,False,True,True,False,False,False,False,False,False,"recruiter/TA or opportunity-history signal present, region unresolved",1,16,"  ""nectar"": {market: GLOBAL_OPPORTUNITY_UNRESOLVED_REGION, category: GLOBAL_OPPORTUNITY}"
Nebula Partners LLC,nebula partners,NEEDS_COMPANY_MAPPING,GLOBAL_OPPORTUNITY,,0.55,True,1,0,0,0,0,0,0,1,0,1,0,False,False,True,True,False,False,False,False,False,False,"recruiter/TA or opportunity-history signal present, region unresolved",1,16,"  ""nebula partners llc"": {market: GLOBAL_OPPORTUNITY_UNRESOLVED_REGION, category: GLOBAL_OPPORTUNITY}"
NEBIRU,nebiru,NEEDS_COMPANY_MAPPING,GLOBAL_OPPORTUNITY,,0.55,True,1,0,0,0,0,0,0,1,0,1,0,False,False,True,True,False,False,False,False,False,False,"recruiter/TA or opportunity-history signal present, region unresolved",1,16,"  ""nebiru"": {market: GLOBAL_OPPORTUNITY_UNRESOLVED_REGION, category: GLOBAL_OPPORTUNITY}"
Naviera Integral,naviera integral,NEEDS_COMPANY_MAPPING,GLOBAL_OPPORTUNITY,,0.55,True,1,0,0,0,0,0,0,1,0,1,0,False,False,True,True,False,False,False,False,False,False,"recruiter/TA or opportunity-history signal present, region unresolved",1,16,"  ""naviera integral"": {market: GLOBAL_OPPORTUNITY_UNRESOLVED_REGION, category: GLOBAL_OPPORTUNITY}"
National Service Scheme,national scheme,NEEDS_COMPANY_MAPPING,GLOBAL_OPPORTUNITY,,0.55,True,1,0,0,0,0,0,0,1,0,1,0,False,False,True,True,False,False,False,False,False,False,"recruiter/TA or opportunity-history signal present, region unresolved",1,16,"  ""national service scheme"": {market: GLOBAL_OPPORTUNITY_UNRESOLVED_REGION, category: GLOBAL_OPPORTUNITY}"
MSL Corporate,msl corporate,NEEDS_COMPANY_MAPPING,GLOBAL_OPPORTUNITY,,0.55,True,1,0,0,0,0,0,0,1,0,1,0,False,False,True,True,False,False,False,False,False,False,"recruiter/TA or opportunity-history signal present, region unresolved",1,16,"  ""msl corporate"": {market: GLOBAL_OPPORTUNITY_UNRESOLVED_REGION, category: GLOBAL_OPPORTUNITY}"
MPS Partners,mps partners,NEEDS_COMPANY_MAPPING,GLOBAL_OPPORTUNITY,,0.55,True,1,0,0,0,0,0,0,1,0,1,0,False,False,True,True,False,False,False,False,False,False,"recruiter/TA or opportunity-history signal present, region unresolved",1,16,"  ""mps partners"": {market: GLOBAL_OPPORTUNITY_UNRESOLVED_REGION, category: GLOBAL_OPPORTUNITY}"
Movizzon,movizzon,NEEDS_COMPANY_MAPPING,GLOBAL_OPPORTUNITY,,0.55,True,1,0,0,0,0,0,0,1,0,1,0,False,False,True,True,False,False,False,False,False,False,"recruiter/TA or opportunity-history signal present, region unresolved",1,16,"  ""movizzon"": {market: GLOBAL_OPPORTUNITY_UNRESOLVED_REGION, category: GLOBAL_OPPORTUNITY}"
moOngy,moongy,NEEDS_COMPANY_MAPPING,GLOBAL_OPPORTUNITY,,0.55,True,1,0,0,0,0,0,0,1,0,1,0,False,False,True,True,False,False,False,False,False,False,"recruiter/TA or opportunity-history signal present, region unresolved",1,16,"  ""moongy"": {market: GLOBAL_OPPORTUNITY_UNRESOLVED_REGION, category: GLOBAL_OPPORTUNITY}"
Montes del Plata (Stora Enso & Arauco),montes del plata (stora enso & arauco),NEEDS_COMPANY_MAPPING,GLOBAL_OPPORTUNITY,,0.55,True,1,0,0,0,0,0,0,1,0,1,0,False,False,True,True,False,False,False,False,False,False,"recruiter/TA or opportunity-history signal present, region unresolved",1,16,"  ""montes del plata (stora enso & arauco)"": {market: GLOBAL_OPPORTUNITY_UNRESOLVED_REGION, category: GLOBAL_OPPORTUNITY}"
Astra Financial Indonesia,astra financial indonesia,NEEDS_COMPANY_MAPPING,GLOBAL_OPPORTUNITY,,0.55,True,1,0,0,0,0,0,0,1,0,1,0,False,False,True,True,False,False,False,False,False,False,"recruiter/TA or opportunity-history signal present, region unresolved",1,16,"  ""astra financial indonesia"": {market: GLOBAL_OPPORTUNITY_UNRESOLVED_REGION, category: GLOBAL_OPPORTUNITY}"
astara,astara,NEEDS_COMPANY_MAPPING,GLOBAL_OPPORTUNITY,,0.55,True,1,0,0,0,0,0,0,1,0,1,0,False,False,True,True,False,False,False,False,False,False,"recruiter/TA or opportunity-history signal present, region unresolved",1,16,"  ""astara"": {market: GLOBAL_OPPORTUNITY_UNRESOLVED_REGION, category: GLOBAL_OPPORTUNITY}"
AssureSoft,assuresoft,NEEDS_COMPANY_MAPPING,GLOBAL_OPPORTUNITY,,0.55,True,1,0,0,0,0,0,0,1,0,1,0,False,False,True,True,False,False,False,False,False,False,"recruiter/TA or opportunity-history signal present, region unresolved",1,16,"  ""assuresoft"": {market: GLOBAL_OPPORTUNITY_UNRESOLVED_REGION, category: GLOBAL_OPPORTUNITY}"
BlueCross & BlueShield de Uruguay,bluecross & blueshield de uruguay,NEEDS_COMPANY_MAPPING,GLOBAL_OPPORTUNITY,,0.55,True,1,0,0,0,0,0,0,1,0,1,0,False,False,True,True,False,False,False,False,False,False,"recruiter/TA or opportunity-history signal present, region unresolved",1,16,"  ""bluecross & blueshield de uruguay"": {market: GLOBAL_OPPORTUNITY_UNRESOLVED_REGION, category: GLOBAL_OPPORTUNITY}"
Bits&Cream,bits&cream,NEEDS_COMPANY_MAPPING,GLOBAL_OPPORTUNITY,,0.55,True,1,0,0,0,0,0,0,1,0,1,0,False,False,True,True,False,False,False,False,False,False,"recruiter/TA or opportunity-history signal present, region unresolved",1,16,"  ""bits&cream"": {market: GLOBAL_OPPORTUNITY_UNRESOLVED_REGION, category: GLOBAL_OPPORTUNITY}"
Ello Pessoas e Negócios,ello pessoas e negócios,NEEDS_COMPANY_MAPPING,GLOBAL_OPPORTUNITY,,0.55,True,1,0,0,0,0,0,0,1,0,1,0,False,False,True,True,False,False,False,False,False,False,"recruiter/TA or opportunity-history signal present, region unresolved",1,16,"  ""ello pessoas e negócios"": {market: GLOBAL_OPPORTUNITY_UNRESOLVED_REGION, category: GLOBAL_OPPORTUNITY}"
El Barranquitruck,el barranquitruck,NEEDS_COMPANY_MAPPING,GLOBAL_OPPORTUNITY,,0.55,True,1,0,0,0,0,0,0,1,0,1,0,False,False,True,True,False,False,False,False,False,False,"recruiter/TA or opportunity-history signal present, region unresolved",1,16,"  ""el barranquitruck"": {market: GLOBAL_OPPORTUNITY_UNRESOLVED_REGION, category: GLOBAL_OPPORTUNITY}"
Ejercicio Independiente de la profesión,ejercicio independiente de la profesión,NEEDS_COMPANY_MAPPING,GLOBAL_OPPORTUNITY,,0.55,True,1,0,0,0,0,0,0,1,0,1,0,False,False,True,True,False,False,False,False,False,False,"recruiter/TA or opportunity-history signal present, region unresolved",1,16,"  ""ejercicio independiente de la profesión"": {market: GLOBAL_OPPORTUNITY_UNRESOLVED_REGION, category: GLOBAL_OPPORTUNITY}"
Edmunds,edmunds,NEEDS_COMPANY_MAPPING,GLOBAL_OPPORTUNITY,,0.55,True,1,0,0,0,0,0,0,1,0,1,0,False,False,True,True,False,False,False,False,False,False,"recruiter/TA or opportunity-history signal present, region unresolved",1,16,"  ""edmunds"": {market: GLOBAL_OPPORTUNITY_UNRESOLVED_REGION, category: GLOBAL_OPPORTUNITY}"
ASSA ABLOY Group,assa abloy,NEEDS_COMPANY_MAPPING,GLOBAL_OPPORTUNITY,,0.55,True,1,0,0,0,0,0,0,1,0,1,0,False,False,True,True,False,False,False,False,False,False,"recruiter/TA or opportunity-history signal present, region unresolved",1,16,"  ""assa abloy group"": {market: GLOBAL_OPPORTUNITY_UNRESOLVED_REGION, category: GLOBAL_OPPORTUNITY}"
Molex,molex,NEEDS_COMPANY_MAPPING,GLOBAL_OPPORTUNITY,,0.55,True,1,0,0,0,0,0,0,1,0,1,0,False,False,True,True,False,False,False,False,False,False,"recruiter/TA or opportunity-history signal present, region unresolved",1,16,"  ""molex"": {market: GLOBAL_OPPORTUNITY_UNRESOLVED_REGION, category: GLOBAL_OPPORTUNITY}"
Modus Create,modus create,NEEDS_COMPANY_MAPPING,GLOBAL_OPPORTUNITY,,0.55,True,1,0,0,0,0,0,0,1,0,1,0,False,False,True,True,False,False,False,False,False,False,"recruiter/TA or opportunity-history signal present, region unresolved",1,16,"  ""modus create"": {market: GLOBAL_OPPORTUNITY_UNRESOLVED_REGION, category: GLOBAL_OPPORTUNITY}"
MindMiners,mindminers,NEEDS_COMPANY_MAPPING,GLOBAL_OPPORTUNITY,,0.55,True,1,0,0,0,0,0,0,1,0,1,0,False,False,True,True,False,False,False,False,False,False,"recruiter/TA or opportunity-history signal present, region unresolved",1,16,"  ""mindminers"": {market: GLOBAL_OPPORTUNITY_UNRESOLVED_REGION, category: GLOBAL_OPPORTUNITY}"
Michelin,michelin,NEEDS_COMPANY_MAPPING,GLOBAL_OPPORTUNITY,,0.55,True,1,0,0,0,0,0,0,1,0,1,0,False,False,True,True,False,False,False,False,False,False,"recruiter/TA or opportunity-history signal present, region unresolved",1,16,"  ""michelin"": {market: GLOBAL_OPPORTUNITY_UNRESOLVED_REGION, category: GLOBAL_OPPORTUNITY}"
Metso,metso,NEEDS_COMPANY_MAPPING,GLOBAL_OPPORTUNITY,,0.55,True,1,0,0,0,0,0,0,1,0,1,0,False,False,True,True,False,False,False,False,False,False,"recruiter/TA or opportunity-history signal present, region unresolved",1,16,"  ""metso"": {market: GLOBAL_OPPORTUNITY_UNRESOLVED_REGION, category: GLOBAL_OPPORTUNITY}"
MedTec - Medicina Técnica,medtec - medicina técnica,NEEDS_COMPANY_MAPPING,GLOBAL_OPPORTUNITY,,0.55,True,1,0,0,0,0,0,0,1,0,1,0,False,False,True,True,False,False,False,False,False,False,"recruiter/TA or opportunity-history signal present, region unresolved",1,16,"  ""medtec - medicina técnica"": {market: GLOBAL_OPPORTUNITY_UNRESOLVED_REGION, category: GLOBAL_OPPORTUNITY}"
MCC Label,mcc label,NEEDS_COMPANY_MAPPING,GLOBAL_OPPORTUNITY,,0.55,True,1,0,0,0,0,0,0,1,0,1,0,False,False,True,True,False,False,False,False,False,False,"recruiter/TA or opportunity-history signal present, region unresolved",1,16,"  ""mcc label"": {market: GLOBAL_OPPORTUNITY_UNRESOLVED_REGION, category: GLOBAL_OPPORTUNITY}"
Mayoral Moda Infantil,mayoral moda infantil,NEEDS_COMPANY_MAPPING,GLOBAL_OPPORTUNITY,,0.55,True,1,0,0,0,0,0,0,1,0,1,0,False,False,True,True,False,False,False,False,False,False,"recruiter/TA or opportunity-history signal present, region unresolved",1,16,"  ""mayoral moda infantil"": {market: GLOBAL_OPPORTUNITY_UNRESOLVED_REGION, category: GLOBAL_OPPORTUNITY}"
mattilda,mattilda,NEEDS_COMPANY_MAPPING,GLOBAL_OPPORTUNITY,,0.55,True,1,0,0,0,0,0,0,1,0,1,0,False,False,True,True,False,False,False,False,False,False,"recruiter/TA or opportunity-history signal present, region unresolved",1,16,"  ""mattilda"": {market: GLOBAL_OPPORTUNITY_UNRESOLVED_REGION, category: GLOBAL_OPPORTUNITY}"
Masterschool,masterschool,NEEDS_COMPANY_MAPPING,GLOBAL_OPPORTUNITY,,0.55,True,1,0,0,0,0,0,0,1,0,1,0,False,False,True,True,False,False,False,False,False,False,"recruiter/TA or opportunity-history signal present, region unresolved",1,16,"  ""masterschool"": {market: GLOBAL_OPPORTUNITY_UNRESOLVED_REGION, category: GLOBAL_OPPORTUNITY}"
Marine Instruments,marine instruments,NEEDS_COMPANY_MAPPING,GLOBAL_OPPORTUNITY,,0.55,True,1,0,0,0,0,0,0,1,0,1,0,False,False,True,True,False,False,False,False,False,False,"recruiter/TA or opportunity-history signal present, region unresolved",1,16,"  ""marine instruments"": {market: GLOBAL_OPPORTUNITY_UNRESOLVED_REGION, category: GLOBAL_OPPORTUNITY}"
marco,marco,NEEDS_COMPANY_MAPPING,GLOBAL_OPPORTUNITY,,0.55,True,1,0,0,0,0,0,0,1,0,1,0,False,False,True,True,False,False,False,False,False,False,"recruiter/TA or opportunity-history signal present, region unresolved",1,16,"  ""marco"": {market: GLOBAL_OPPORTUNITY_UNRESOLVED_REGION, category: GLOBAL_OPPORTUNITY}"
ELOS CAPITAL HUMANO,elos capital humano,NEEDS_COMPANY_MAPPING,GLOBAL_OPPORTUNITY,,0.55,True,1,0,0,0,0,0,0,1,0,1,0,False,False,True,True,False,False,False,False,False,False,"recruiter/TA or opportunity-history signal present, region unresolved",1,16,"  ""elos capital humano"": {market: GLOBAL_OPPORTUNITY_UNRESOLVED_REGION, category: GLOBAL_OPPORTUNITY}"
Bombon Boss,bombon boss,NEEDS_COMPANY_MAPPING,GLOBAL_OPPORTUNITY,,0.55,True,1,0,0,0,0,0,0,1,0,1,0,False,False,True,True,False,False,False,False,False,False,"recruiter/TA or opportunity-history signal present, region unresolved",1,16,"  ""bombon boss"": {market: GLOBAL_OPPORTUNITY_UNRESOLVED_REGION, category: GLOBAL_OPPORTUNITY}"
BLUST | Consultora Boutique de Personas y Talento,blust | consultora boutique de personas y talento,NEEDS_COMPANY_MAPPING,GLOBAL_OPPORTUNITY,,0.55,True,1,0,0,0,0,0,0,1,0,1,0,False,False,True,True,False,False,False,False,False,False,"recruiter/TA or opportunity-history signal present, region unresolved",1,16,"  ""blust | consultora boutique de personas y talento"": {market: GLOBAL_OPPORTUNITY_UNRESOLVED_REGION, category: GLOBAL_OPPORTUNITY}"
Manfred,manfred,NEEDS_COMPANY_MAPPING,GLOBAL_OPPORTUNITY,,0.55,True,1,0,0,0,0,0,0,1,0,1,0,False,False,True,True,False,False,False,False,False,False,"recruiter/TA or opportunity-history signal present, region unresolved",1,16,"  ""manfred"": {market: GLOBAL_OPPORTUNITY_UNRESOLVED_REGION, category: GLOBAL_OPPORTUNITY}"
Mandomedio Perú,mandomedio perú,NEEDS_COMPANY_MAPPING,NEEDS_COMPANY_MAPPING,,0.0,True,1,0,0,0,0,0,0,1,0,1,0,False,False,True,False,False,False,False,False,False,False,"no keyword, dictionary, persona, or message signal found — needs manual research",1,16,
MAD Search Talent,mad search talent,NEEDS_COMPANY_MAPPING,GLOBAL_STAFFING,GLOBAL_STAFFING,0.8,True,1,0,0,0,0,0,0,1,0,1,0,False,False,True,True,False,False,False,False,True,False,staffing/recruiting keyword in company name,1,16,"  ""mad search talent"": {market: GLOBAL_STAFFING, category: GLOBAL_STAFFING}"
LUÁ Centro de Orientación Integral,luá centro de orientación integral,NEEDS_COMPANY_MAPPING,GLOBAL_OPPORTUNITY,,0.55,True,1,0,0,0,0,0,0,1,0,1,0,False,False,True,True,False,False,False,False,False,False,"recruiter/TA or opportunity-history signal present, region unresolved",1,16,"  ""luá centro de orientación integral"": {market: GLOBAL_OPPORTUNITY_UNRESOLVED_REGION, category: GLOBAL_OPPORTUNITY}"
Luxoft,luxoft,NEEDS_COMPANY_MAPPING,GLOBAL_OPPORTUNITY,,0.55,True,1,0,0,0,0,0,0,1,0,1,0,False,False,True,True,False,False,False,False,False,False,"recruiter/TA or opportunity-history signal present, region unresolved",1,16,"  ""luxoft"": {market: GLOBAL_OPPORTUNITY_UNRESOLVED_REGION, category: GLOBAL_OPPORTUNITY}"
Lusitania,lusitania,NEEDS_COMPANY_MAPPING,GLOBAL_OPPORTUNITY,,0.55,True,1,0,0,0,0,0,0,1,0,1,0,False,False,True,True,False,False,False,False,False,False,"recruiter/TA or opportunity-history signal present, region unresolved",1,16,"  ""lusitania"": {market: GLOBAL_OPPORTUNITY_UNRESOLVED_REGION, category: GLOBAL_OPPORTUNITY}"
Lovas IT,lovas it,NEEDS_COMPANY_MAPPING,GLOBAL_OPPORTUNITY,,0.55,True,2,0,1,0,0,0,2,0,0,0,0,False,False,False,False,False,False,False,False,False,False,"recruiter/TA or opportunity-history signal present, region unresolved",1,16,"  ""lovas it"": {market: GLOBAL_OPPORTUNITY_UNRESOLVED_REGION, category: GLOBAL_OPPORTUNITY}"
Logic Pursuits,logic pursuits,NEEDS_COMPANY_MAPPING,GLOBAL_OPPORTUNITY,,0.55,True,1,0,0,0,0,0,0,1,0,1,0,False,False,True,True,False,False,False,False,False,False,"recruiter/TA or opportunity-history signal present, region unresolved",1,16,"  ""logic pursuits"": {market: GLOBAL_OPPORTUNITY_UNRESOLVED_REGION, category: GLOBAL_OPPORTUNITY}"
Livensa Living,livensa living,NEEDS_COMPANY_MAPPING,GLOBAL_OPPORTUNITY,,0.55,True,1,0,0,0,0,0,0,1,0,1,0,False,False,True,True,False,False,False,False,False,False,"recruiter/TA or opportunity-history signal present, region unresolved",1,16,"  ""livensa living"": {market: GLOBAL_OPPORTUNITY_UNRESOLVED_REGION, category: GLOBAL_OPPORTUNITY}"
Encuadrado,encuadrado,NEEDS_COMPANY_MAPPING,GLOBAL_OPPORTUNITY,,0.55,True,1,0,0,0,0,0,0,1,0,1,0,False,False,True,True,False,False,False,False,False,False,"recruiter/TA or opportunity-history signal present, region unresolved",1,16,"  ""encuadrado"": {market: GLOBAL_OPPORTUNITY_UNRESOLVED_REGION, category: GLOBAL_OPPORTUNITY}"
EMSUR,emsur,NEEDS_COMPANY_MAPPING,GLOBAL_OPPORTUNITY,,0.55,True,1,0,0,0,0,0,0,1,0,1,0,False,False,True,True,False,False,False,False,False,False,"recruiter/TA or opportunity-history signal present, region unresolved",1,16,"  ""emsur"": {market: GLOBAL_OPPORTUNITY_UNRESOLVED_REGION, category: GLOBAL_OPPORTUNITY}"
Empresas Melón,empresas melón,NEEDS_COMPANY_MAPPING,GLOBAL_OPPORTUNITY,,0.55,True,1,0,0,0,0,0,0,1,0,1,0,False,False,True,True,False,False,False,False,False,False,"recruiter/TA or opportunity-history signal present, region unresolved",1,16,"  ""empresas melón"": {market: GLOBAL_OPPORTUNITY_UNRESOLVED_REGION, category: GLOBAL_OPPORTUNITY}"
Lightsound Group,lightsound,NEEDS_COMPANY_MAPPING,GLOBAL_OPPORTUNITY,,0.55,True,1,0,0,0,0,0,0,1,0,1,0,False,False,True,True,False,False,False,False,False,False,"recruiter/TA or opportunity-history signal present, region unresolved",1,16,"  ""lightsound group"": {market: GLOBAL_OPPORTUNITY_UNRESOLVED_REGION, category: GLOBAL_OPPORTUNITY}"
Leão estratégia e Gestão,leão estratégia e gestão,NEEDS_COMPANY_MAPPING,GLOBAL_OPPORTUNITY,,0.55,True,1,0,0,0,0,0,0,1,0,1,0,False,False,True,True,False,False,False,False,False,False,"recruiter/TA or opportunity-history signal present, region unresolved",1,16,"  ""leão estratégia e gestão"": {market: GLOBAL_OPPORTUNITY_UNRESOLVED_REGION, category: GLOBAL_OPPORTUNITY}"
LevelUP HCS,levelup hcs,NEEDS_COMPANY_MAPPING,GLOBAL_OPPORTUNITY,,0.55,True,1,0,0,0,0,0,0,1,0,1,0,False,False,True,True,False,False,False,False,False,False,"recruiter/TA or opportunity-history signal present, region unresolved",1,16,"  ""levelup hcs"": {market: GLOBAL_OPPORTUNITY_UNRESOLVED_REGION, category: GLOBAL_OPPORTUNITY}"
Lee Hecht Harrison,lee hecht harrison,NEEDS_COMPANY_MAPPING,GLOBAL_OPPORTUNITY,,0.55,True,1,0,0,0,0,0,0,1,0,1,0,False,False,True,True,False,False,False,False,False,False,"recruiter/TA or opportunity-history signal present, region unresolved",1,16,"  ""lee hecht harrison"": {market: GLOBAL_OPPORTUNITY_UNRESOLVED_REGION, category: GLOBAL_OPPORTUNITY}"
La Salle BCN,la salle bcn,NEEDS_COMPANY_MAPPING,GLOBAL_OPPORTUNITY,,0.55,True,1,0,0,0,0,0,0,1,0,1,0,False,False,True,True,False,False,False,False,False,False,"recruiter/TA or opportunity-history signal present, region unresolved",1,16,"  ""la salle bcn"": {market: GLOBAL_OPPORTUNITY_UNRESOLVED_REGION, category: GLOBAL_OPPORTUNITY}"
La Caja de Ahorro y Seguro,la caja de ahorro y seguro,NEEDS_COMPANY_MAPPING,GLOBAL_OPPORTUNITY,,0.55,True,1,0,0,0,0,0,0,1,0,1,0,False,False,True,True,False,False,False,False,False,False,"recruiter/TA or opportunity-history signal present, region unresolved",1,16,"  ""la caja de ahorro y seguro"": {market: GLOBAL_OPPORTUNITY_UNRESOLVED_REGION, category: GLOBAL_OPPORTUNITY}"
L'Oréal,l'oréal,NEEDS_COMPANY_MAPPING,GLOBAL_OPPORTUNITY,,0.55,True,1,0,0,0,0,0,0,1,0,1,0,False,False,True,True,False,False,False,False,False,False,"recruiter/TA or opportunity-history signal present, region unresolved",1,16,"  ""l'oréal"": {market: GLOBAL_OPPORTUNITY_UNRESOLVED_REGION, category: GLOBAL_OPPORTUNITY}"
Aurean Blue,aurean blue,NEEDS_COMPANY_MAPPING,GLOBAL_OPPORTUNITY,,0.55,True,1,0,0,0,0,0,0,1,0,1,0,False,False,True,True,False,False,False,False,False,False,"recruiter/TA or opportunity-history signal present, region unresolved",1,16,"  ""aurean blue"": {market: GLOBAL_OPPORTUNITY_UNRESOLVED_REGION, category: GLOBAL_OPPORTUNITY}"
Attach Group,attach,NEEDS_COMPANY_MAPPING,GLOBAL_OPPORTUNITY,,0.55,True,1,0,0,0,0,0,0,1,0,1,0,False,False,True,True,False,False,False,False,False,False,"recruiter/TA or opportunity-history signal present, region unresolved",1,16,"  ""attach group"": {market: GLOBAL_OPPORTUNITY_UNRESOLVED_REGION, category: GLOBAL_OPPORTUNITY}"
Kromberg & Schubert,kromberg & schubert,NEEDS_COMPANY_MAPPING,GLOBAL_OPPORTUNITY,,0.55,True,1,0,0,0,0,0,0,1,0,1,0,False,False,True,True,False,False,False,False,False,False,"recruiter/TA or opportunity-history signal present, region unresolved",1,16,"  ""kromberg & schubert"": {market: GLOBAL_OPPORTUNITY_UNRESOLVED_REGION, category: GLOBAL_OPPORTUNITY}"
Konecta,konecta,NEEDS_COMPANY_MAPPING,GLOBAL_OPPORTUNITY,,0.55,True,1,0,0,0,0,0,0,1,0,1,0,False,False,True,True,False,False,False,False,False,False,"recruiter/TA or opportunity-history signal present, region unresolved",1,16,"  ""konecta"": {market: GLOBAL_OPPORTUNITY_UNRESOLVED_REGION, category: GLOBAL_OPPORTUNITY}"
knowmad mood,knowmad mood,NEEDS_COMPANY_MAPPING,GLOBAL_OPPORTUNITY,,0.55,True,2,0,1,0,0,0,2,0,0,0,0,False,False,False,False,False,False,False,False,False,False,"recruiter/TA or opportunity-history signal present, region unresolved",1,16,"  ""knowmad mood"": {market: GLOBAL_OPPORTUNITY_UNRESOLVED_REGION, category: GLOBAL_OPPORTUNITY}"
Knots,knots,NEEDS_COMPANY_MAPPING,GLOBAL_OPPORTUNITY,,0.55,True,1,0,0,0,0,0,0,1,0,1,0,False,False,True,True,False,False,False,False,False,False,"recruiter/TA or opportunity-history signal present, region unresolved",1,16,"  ""knots"": {market: GLOBAL_OPPORTUNITY_UNRESOLVED_REGION, category: GLOBAL_OPPORTUNITY}"
Estuary,estuary,NEEDS_COMPANY_MAPPING,GLOBAL_OPPORTUNITY,,0.55,True,1,0,0,0,0,0,0,1,0,1,0,False,False,True,True,False,False,False,False,False,False,"recruiter/TA or opportunity-history signal present, region unresolved",1,16,"  ""estuary"": {market: GLOBAL_OPPORTUNITY_UNRESOLVED_REGION, category: GLOBAL_OPPORTUNITY}"
Escola do Futuro Do Estado De Goias,escola do futuro do estado de goias,NEEDS_COMPANY_MAPPING,GLOBAL_OPPORTUNITY,,0.55,True,1,0,0,0,0,0,0,1,0,1,0,False,False,True,True,False,False,False,False,False,False,"recruiter/TA or opportunity-history signal present, region unresolved",1,16,"  ""escola do futuro do estado de goias"": {market: GLOBAL_OPPORTUNITY_UNRESOLVED_REGION, category: GLOBAL_OPPORTUNITY}"
Epsilon Solutions Ltd,epsilon,NEEDS_COMPANY_MAPPING,GLOBAL_OPPORTUNITY,GLOBAL_CONSULTING,0.55,True,1,0,0,0,0,0,0,1,0,1,0,False,False,True,True,False,False,False,False,False,True,generic 'solutions' keyword in company name (weak signal),1,16,"  ""epsilon solutions ltd"": {market: GLOBAL_OPPORTUNITY_UNRESOLVED_REGION, category: GLOBAL_CONSULTING}"
Kelly México,kelly méxico,NEEDS_COMPANY_MAPPING,GLOBAL_OPPORTUNITY,,0.55,True,1,0,0,0,0,0,0,1,0,1,0,False,False,True,True,False,False,False,False,False,False,"recruiter/TA or opportunity-history signal present, region unresolved",1,16,"  ""kelly méxico"": {market: GLOBAL_OPPORTUNITY_UNRESOLVED_REGION, category: GLOBAL_OPPORTUNITY}"
John Bryce,john bryce,NEEDS_COMPANY_MAPPING,GLOBAL_OPPORTUNITY,,0.55,True,1,0,0,0,0,0,0,1,0,1,0,False,False,True,True,False,False,False,False,False,False,"recruiter/TA or opportunity-history signal present, region unresolved",1,16,"  ""john bryce"": {market: GLOBAL_OPPORTUNITY_UNRESOLVED_REGION, category: GLOBAL_OPPORTUNITY}"
Jaxel,jaxel,NEEDS_COMPANY_MAPPING,GLOBAL_OPPORTUNITY,,0.55,True,1,0,0,0,0,0,0,1,0,1,0,False,False,True,True,False,False,False,False,False,False,"recruiter/TA or opportunity-history signal present, region unresolved",1,16,"  ""jaxel"": {market: GLOBAL_OPPORTUNITY_UNRESOLVED_REGION, category: GLOBAL_OPPORTUNITY}"
Itonga Resourcing,itonga resourcing,NEEDS_COMPANY_MAPPING,GLOBAL_OPPORTUNITY,,0.55,True,1,0,0,0,0,0,0,1,0,1,0,False,False,True,True,False,False,False,False,False,False,"recruiter/TA or opportunity-history signal present, region unresolved",1,16,"  ""itonga resourcing"": {market: GLOBAL_OPPORTUNITY_UNRESOLVED_REGION, category: GLOBAL_OPPORTUNITY}"
IRMARFER STRUCTURES,irmarfer structures,NEEDS_COMPANY_MAPPING,GLOBAL_OPPORTUNITY,,0.55,True,1,0,0,0,0,0,0,1,0,1,0,False,False,True,True,False,False,False,False,False,False,"recruiter/TA or opportunity-history signal present, region unresolved",1,16,"  ""irmarfer structures"": {market: GLOBAL_OPPORTUNITY_UNRESOLVED_REGION, category: GLOBAL_OPPORTUNITY}"
IORGA Group,iorga,NEEDS_COMPANY_MAPPING,GLOBAL_OPPORTUNITY,,0.55,True,1,0,0,0,0,0,0,1,0,1,0,False,False,True,True,False,False,False,False,False,False,"recruiter/TA or opportunity-history signal present, region unresolved",1,16,"  ""iorga group"": {market: GLOBAL_OPPORTUNITY_UNRESOLVED_REGION, category: GLOBAL_OPPORTUNITY}"
Intone Networks Inc,intone networks,NEEDS_COMPANY_MAPPING,GLOBAL_OPPORTUNITY,,0.55,True,2,0,1,0,0,0,2,0,0,0,0,False,False,False,False,False,False,False,False,False,False,"recruiter/TA or opportunity-history signal present, region unresolved",1,16,"  ""intone networks inc"": {market: GLOBAL_OPPORTUNITY_UNRESOLVED_REGION, category: GLOBAL_OPPORTUNITY}"
Intertec International,intertec international,NEEDS_COMPANY_MAPPING,GLOBAL_OPPORTUNITY,,0.55,True,1,0,0,0,0,0,0,1,0,1,0,False,False,True,True,False,False,False,False,False,False,"recruiter/TA or opportunity-history signal present, region unresolved",1,16,"  ""intertec international"": {market: GLOBAL_OPPORTUNITY_UNRESOLVED_REGION, category: GLOBAL_OPPORTUNITY}"
Interseguro Compañía de Seguros,interseguro compañía de seguros,NEEDS_COMPANY_MAPPING,GLOBAL_OPPORTUNITY,,0.55,True,1,0,0,0,0,0,0,1,0,1,0,False,False,True,True,False,False,False,False,False,False,"recruiter/TA or opportunity-history signal present, region unresolved",1,16,"  ""interseguro compañía de seguros"": {market: GLOBAL_OPPORTUNITY_UNRESOLVED_REGION, category: GLOBAL_OPPORTUNITY}"
B&M Personalvermittlung,b&m personalvermittlung,NEEDS_COMPANY_MAPPING,GLOBAL_OPPORTUNITY,,0.55,True,1,0,0,0,0,0,0,1,0,1,0,False,False,True,True,False,False,False,False,False,False,"recruiter/TA or opportunity-history signal present, region unresolved",1,16,"  ""b&m personalvermittlung"": {market: GLOBAL_OPPORTUNITY_UNRESOLVED_REGION, category: GLOBAL_OPPORTUNITY}"
Axians,axians,NEEDS_COMPANY_MAPPING,GLOBAL_OPPORTUNITY,,0.55,True,1,0,0,0,0,0,0,1,0,1,0,False,False,True,True,False,False,False,False,False,False,"recruiter/TA or opportunity-history signal present, region unresolved",1,16,"  ""axians"": {market: GLOBAL_OPPORTUNITY_UNRESOLVED_REGION, category: GLOBAL_OPPORTUNITY}"
Axial Structural Solutions,axial structural,NEEDS_COMPANY_MAPPING,GLOBAL_OPPORTUNITY,GLOBAL_CONSULTING,0.55,True,1,0,0,0,0,0,0,1,0,1,0,False,False,True,False,False,False,False,False,False,True,generic 'solutions' keyword in company name (weak signal),1,16,"  ""axial structural solutions"": {market: GLOBAL_OPPORTUNITY_UNRESOLVED_REGION, category: GLOBAL_CONSULTING}"
Exadel,exadel,NEEDS_COMPANY_MAPPING,NEEDS_COMPANY_MAPPING,,0.0,True,1,0,0,0,0,0,1,0,0,0,0,True,False,False,False,False,False,False,False,False,False,"no keyword, dictionary, persona, or message signal found — needs manual research",1,16,
Evercam,evercam,NEEDS_COMPANY_MAPPING,GLOBAL_OPPORTUNITY,,0.55,True,1,0,0,0,0,0,0,1,0,1,0,False,False,True,True,False,False,False,False,False,False,"recruiter/TA or opportunity-history signal present, region unresolved",1,16,"  ""evercam"": {market: GLOBAL_OPPORTUNITY_UNRESOLVED_REGION, category: GLOBAL_OPPORTUNITY}"
Evaria XXI S.L,evaria xxi s.l,NEEDS_COMPANY_MAPPING,GLOBAL_OPPORTUNITY,,0.55,True,1,0,0,0,0,0,0,1,0,1,0,False,False,True,True,False,False,False,False,False,False,"recruiter/TA or opportunity-history signal present, region unresolved",1,16,"  ""evaria xxi s.l"": {market: GLOBAL_OPPORTUNITY_UNRESOLVED_REGION, category: GLOBAL_OPPORTUNITY}"
ETEK,etek,NEEDS_COMPANY_MAPPING,GLOBAL_OPPORTUNITY,,0.55,True,1,0,0,0,0,0,0,1,0,1,0,False,False,True,True,False,False,False,False,False,False,"recruiter/TA or opportunity-history signal present, region unresolved",1,16,"  ""etek"": {market: GLOBAL_OPPORTUNITY_UNRESOLVED_REGION, category: GLOBAL_OPPORTUNITY}"
Avanza,avanza,NEEDS_COMPANY_MAPPING,GLOBAL_OPPORTUNITY,,0.55,True,1,0,0,0,0,0,0,1,0,1,0,False,False,True,True,False,False,False,False,False,False,"recruiter/TA or opportunity-history signal present, region unresolved",1,16,"  ""avanza"": {market: GLOBAL_OPPORTUNITY_UNRESOLVED_REGION, category: GLOBAL_OPPORTUNITY}"
Inteliteam,inteliteam,NEEDS_COMPANY_MAPPING,GLOBAL_OPPORTUNITY,,0.55,True,1,0,0,0,0,0,0,1,0,1,0,False,False,True,True,False,False,False,False,False,False,"recruiter/TA or opportunity-history signal present, region unresolved",1,16,"  ""inteliteam"": {market: GLOBAL_OPPORTUNITY_UNRESOLVED_REGION, category: GLOBAL_OPPORTUNITY}"
Instituto Profesional IPP,instituto profesional ipp,NEEDS_COMPANY_MAPPING,GLOBAL_OPPORTUNITY,,0.55,True,1,0,0,0,0,0,0,1,0,1,0,False,False,True,True,False,False,False,False,False,False,"recruiter/TA or opportunity-history signal present, region unresolved",1,16,"  ""instituto profesional ipp"": {market: GLOBAL_OPPORTUNITY_UNRESOLVED_REGION, category: GLOBAL_OPPORTUNITY}"
Instituto Nacional de Colonización,instituto nacional de colonización,NEEDS_COMPANY_MAPPING,GLOBAL_OPPORTUNITY,,0.55,True,1,0,0,0,0,0,0,1,0,1,0,False,False,True,True,False,False,False,False,False,False,"recruiter/TA or opportunity-history signal present, region unresolved",1,16,"  ""instituto nacional de colonización"": {market: GLOBAL_OPPORTUNITY_UNRESOLVED_REGION, category: GLOBAL_OPPORTUNITY}"
inovex GmbH,inovex,NEEDS_COMPANY_MAPPING,GLOBAL_OPPORTUNITY,,0.55,True,1,0,0,0,0,0,0,1,0,1,0,False,False,True,True,False,False,False,False,False,False,"recruiter/TA or opportunity-history signal present, region unresolved",1,16,"  ""inovex gmbh"": {market: GLOBAL_OPPORTUNITY_UNRESOLVED_REGION, category: GLOBAL_OPPORTUNITY}"
INFINIA,infinia,NEEDS_COMPANY_MAPPING,GLOBAL_OPPORTUNITY,,0.55,True,1,0,0,0,0,0,0,1,0,1,0,False,False,True,True,False,False,False,False,False,False,"recruiter/TA or opportunity-history signal present, region unresolved",1,16,"  ""infinia"": {market: GLOBAL_OPPORTUNITY_UNRESOLVED_REGION, category: GLOBAL_OPPORTUNITY}"
Inditex,inditex,NEEDS_COMPANY_MAPPING,GLOBAL_OPPORTUNITY,,0.55,True,1,0,0,0,0,0,0,1,0,1,0,False,False,True,True,False,False,False,False,False,False,"recruiter/TA or opportunity-history signal present, region unresolved",1,16,"  ""inditex"": {market: GLOBAL_OPPORTUNITY_UNRESOLVED_REGION, category: GLOBAL_OPPORTUNITY}"
Incusol Inc,incusol,NEEDS_COMPANY_MAPPING,GLOBAL_OPPORTUNITY,,0.55,True,1,0,0,0,0,0,0,1,0,1,0,False,False,True,True,False,False,False,False,False,False,"recruiter/TA or opportunity-history signal present, region unresolved",1,16,"  ""incusol inc"": {market: GLOBAL_OPPORTUNITY_UNRESOLVED_REGION, category: GLOBAL_OPPORTUNITY}"
Holding Incosec,incosec,NEEDS_COMPANY_MAPPING,GLOBAL_OPPORTUNITY,,0.55,True,1,0,0,0,0,0,0,1,0,1,0,False,False,True,True,False,False,False,False,False,False,"recruiter/TA or opportunity-history signal present, region unresolved",1,16,"  ""holding incosec"": {market: GLOBAL_OPPORTUNITY_UNRESOLVED_REGION, category: GLOBAL_OPPORTUNITY}"
IKEA,ikea,NEEDS_COMPANY_MAPPING,GLOBAL_OPPORTUNITY,,0.55,True,1,0,0,0,0,0,0,1,0,1,0,False,False,True,True,False,False,False,False,False,False,"recruiter/TA or opportunity-history signal present, region unresolved",1,16,"  ""ikea"": {market: GLOBAL_OPPORTUNITY_UNRESOLVED_REGION, category: GLOBAL_OPPORTUNITY}"
Humana Mente - Salud Mental y Desarrollo Organizacional,humana mente - salud mental y desarrollo organizacional,NEEDS_COMPANY_MAPPING,GLOBAL_OPPORTUNITY,,0.55,True,1,0,0,0,0,0,0,1,0,1,0,False,False,True,True,False,False,False,False,False,False,"recruiter/TA or opportunity-history signal present, region unresolved",1,16,"  ""humana mente - salud mental y desarrollo organizacional"": {market: GLOBAL_OPPORTUNITY_UNRESOLVED_REGION, category: GLOBAL_OPPORTUNITY}"
Humana,humana,NEEDS_COMPANY_MAPPING,GLOBAL_OPPORTUNITY,,0.55,True,1,0,0,0,0,0,0,1,0,1,0,False,False,True,True,False,False,False,False,False,False,"recruiter/TA or opportunity-history signal present, region unresolved",1,16,"  ""humana"": {market: GLOBAL_OPPORTUNITY_UNRESOLVED_REGION, category: GLOBAL_OPPORTUNITY}"
Human Phi,human phi,NEEDS_COMPANY_MAPPING,GLOBAL_OPPORTUNITY,,0.55,True,1,0,0,0,0,0,0,1,0,1,0,False,False,True,True,False,False,False,False,False,False,"recruiter/TA or opportunity-history signal present, region unresolved",1,16,"  ""human phi"": {market: GLOBAL_OPPORTUNITY_UNRESOLVED_REGION, category: GLOBAL_OPPORTUNITY}"
HubSync,hubsync,NEEDS_COMPANY_MAPPING,GLOBAL_OPPORTUNITY,,0.55,True,1,0,0,0,0,0,0,1,0,1,0,False,False,True,True,False,False,False,False,False,False,"recruiter/TA or opportunity-history signal present, region unresolved",1,16,"  ""hubsync"": {market: GLOBAL_OPPORTUNITY_UNRESOLVED_REGION, category: GLOBAL_OPPORTUNITY}"
Explora,explora,NEEDS_COMPANY_MAPPING,GLOBAL_OPPORTUNITY,,0.55,True,1,0,0,0,0,0,0,1,0,1,0,False,False,True,True,False,False,False,False,False,False,"recruiter/TA or opportunity-history signal present, region unresolved",1,16,"  ""explora"": {market: GLOBAL_OPPORTUNITY_UNRESOLVED_REGION, category: GLOBAL_OPPORTUNITY}"
Bind México,bind méxico,NEEDS_COMPANY_MAPPING,GLOBAL_OPPORTUNITY,,0.55,True,1,0,0,0,0,0,0,1,0,1,0,False,False,True,True,False,False,False,False,False,False,"recruiter/TA or opportunity-history signal present, region unresolved",1,16,"  ""bind méxico"": {market: GLOBAL_OPPORTUNITY_UNRESOLVED_REGION, category: GLOBAL_OPPORTUNITY}"
BIGZON,bigzon,NEEDS_COMPANY_MAPPING,GLOBAL_OPPORTUNITY,,0.55,True,1,0,0,0,0,0,0,1,0,1,0,False,False,True,True,False,False,False,False,False,False,"recruiter/TA or opportunity-history signal present, region unresolved",1,16,"  ""bigzon"": {market: GLOBAL_OPPORTUNITY_UNRESOLVED_REGION, category: GLOBAL_OPPORTUNITY}"
"BiDATiA, el poder del dato","bidatia, el poder del dato",NEEDS_COMPANY_MAPPING,GLOBAL_OPPORTUNITY,,0.55,True,1,0,0,0,0,0,0,1,0,1,0,False,False,True,True,False,False,False,False,False,False,"recruiter/TA or opportunity-history signal present, region unresolved",1,16,"  ""bidatia, el poder del dato"": {market: GLOBAL_OPPORTUNITY_UNRESOLVED_REGION, category: GLOBAL_OPPORTUNITY}"
BESTSECRET Group,bestsecret,NEEDS_COMPANY_MAPPING,GLOBAL_OPPORTUNITY,,0.55,True,2,0,1,0,0,0,2,0,0,0,0,False,False,False,False,False,False,False,False,False,False,"recruiter/TA or opportunity-history signal present, region unresolved",1,16,"  ""bestsecret group"": {market: GLOBAL_OPPORTUNITY_UNRESOLVED_REGION, category: GLOBAL_OPPORTUNITY}"
Banco Internacional,banco internacional,NEEDS_COMPANY_MAPPING,GLOBAL_OPPORTUNITY,,0.55,True,1,0,0,0,0,0,0,1,0,1,0,False,False,True,True,False,False,False,False,False,False,"recruiter/TA or opportunity-history signal present, region unresolved",1,16,"  ""banco internacional"": {market: GLOBAL_OPPORTUNITY_UNRESOLVED_REGION, category: GLOBAL_OPPORTUNITY}"
Banco de Seguros del Estado,banco de seguros del estado,NEEDS_COMPANY_MAPPING,GLOBAL_OPPORTUNITY,,0.55,True,1,0,0,0,0,0,0,1,0,1,0,False,False,True,True,False,False,False,False,False,False,"recruiter/TA or opportunity-history signal present, region unresolved",1,16,"  ""banco de seguros del estado"": {market: GLOBAL_OPPORTUNITY_UNRESOLVED_REGION, category: GLOBAL_OPPORTUNITY}"
BanBajío,banbajío,NEEDS_COMPANY_MAPPING,GLOBAL_OPPORTUNITY,,0.55,True,2,0,1,0,0,0,2,0,0,0,0,False,False,False,False,False,False,False,False,False,False,"recruiter/TA or opportunity-history signal present, region unresolved",1,16,"  ""banbajío"": {market: GLOBAL_OPPORTUNITY_UNRESOLVED_REGION, category: GLOBAL_OPPORTUNITY}"
Balanz Uruguay,balanz uruguay,NEEDS_COMPANY_MAPPING,GLOBAL_OPPORTUNITY,,0.55,True,1,0,0,0,0,0,0,1,0,1,0,False,False,True,True,False,False,False,False,False,False,"recruiter/TA or opportunity-history signal present, region unresolved",1,16,"  ""balanz uruguay"": {market: GLOBAL_OPPORTUNITY_UNRESOLVED_REGION, category: GLOBAL_OPPORTUNITY}"
HR Business Partners Perú,hr business partners perú,NEEDS_COMPANY_MAPPING,GLOBAL_OPPORTUNITY,,0.55,True,1,0,0,0,0,0,0,1,0,1,0,False,False,True,True,False,False,False,False,False,False,"recruiter/TA or opportunity-history signal present, region unresolved",1,16,"  ""hr business partners perú"": {market: GLOBAL_OPPORTUNITY_UNRESOLVED_REGION, category: GLOBAL_OPPORTUNITY}"
Howdy.com,howdy.com,NEEDS_COMPANY_MAPPING,GLOBAL_OPPORTUNITY,,0.55,True,1,0,0,0,0,0,0,1,0,1,0,False,False,True,True,False,False,False,False,False,False,"recruiter/TA or opportunity-history signal present, region unresolved",1,16,"  ""howdy.com"": {market: GLOBAL_OPPORTUNITY_UNRESOLVED_REGION, category: GLOBAL_OPPORTUNITY}"
Hospital das Clínicas da Faculdade de Medicina da USP,hospital das clínicas da faculdade de medicina da usp,NEEDS_COMPANY_MAPPING,GLOBAL_OPPORTUNITY,,0.55,True,1,0,0,0,0,0,0,1,0,1,0,False,False,True,True,False,False,False,False,False,False,"recruiter/TA or opportunity-history signal present, region unresolved",1,16,"  ""hospital das clínicas da faculdade de medicina da usp"": {market: GLOBAL_OPPORTUNITY_UNRESOLVED_REGION, category: GLOBAL_OPPORTUNITY}"
HONOR,honor,NEEDS_COMPANY_MAPPING,GLOBAL_OPPORTUNITY,,0.55,True,1,0,0,0,0,0,0,1,0,1,0,False,False,True,True,False,False,False,False,False,False,"recruiter/TA or opportunity-history signal present, region unresolved",1,16,"  ""honor"": {market: GLOBAL_OPPORTUNITY_UNRESOLVED_REGION, category: GLOBAL_OPPORTUNITY}"
Hireline.io,hireline.io,NEEDS_COMPANY_MAPPING,GLOBAL_OPPORTUNITY,,0.55,True,1,0,0,0,0,0,0,1,0,1,0,False,False,True,True,False,False,False,False,False,False,"recruiter/TA or opportunity-history signal present, region unresolved",1,16,"  ""hireline.io"": {market: GLOBAL_OPPORTUNITY_UNRESOLVED_REGION, category: GLOBAL_OPPORTUNITY}"
Hired,hired,NEEDS_COMPANY_MAPPING,GLOBAL_OPPORTUNITY,,0.55,True,1,0,0,0,0,0,0,1,0,1,0,False,False,True,True,False,False,False,False,False,False,"recruiter/TA or opportunity-history signal present, region unresolved",1,16,"  ""hired"": {market: GLOBAL_OPPORTUNITY_UNRESOLVED_REGION, category: GLOBAL_OPPORTUNITY}"
Farmacorp,farmacorp,NEEDS_COMPANY_MAPPING,GLOBAL_OPPORTUNITY,,0.55,True,1,0,0,0,0,0,0,1,0,1,0,False,False,True,True,False,False,False,False,False,False,"recruiter/TA or opportunity-history signal present, region unresolved",1,16,"  ""farmacorp"": {market: GLOBAL_OPPORTUNITY_UNRESOLVED_REGION, category: GLOBAL_OPPORTUNITY}"
Farmacias Ahumada,farmacias ahumada,NEEDS_COMPANY_MAPPING,GLOBAL_OPPORTUNITY,,0.55,True,1,0,0,0,0,0,0,1,0,1,0,False,False,True,True,False,False,False,False,False,False,"recruiter/TA or opportunity-history signal present, region unresolved",1,16,"  ""farmacias ahumada"": {market: GLOBAL_OPPORTUNITY_UNRESOLVED_REGION, category: GLOBAL_OPPORTUNITY}"
Falabella Financiero,falabella financiero,NEEDS_COMPANY_MAPPING,GLOBAL_OPPORTUNITY,,0.55,True,1,0,0,0,0,0,0,1,0,1,0,False,False,True,True,False,False,False,False,False,False,"recruiter/TA or opportunity-history signal present, region unresolved",1,16,"  ""falabella financiero"": {market: GLOBAL_OPPORTUNITY_UNRESOLVED_REGION, category: GLOBAL_OPPORTUNITY}"
Faculdade UNIGUAÇU,faculdade uniguaçu,NEEDS_COMPANY_MAPPING,GLOBAL_OPPORTUNITY,,0.55,True,1,0,0,0,0,0,0,1,0,1,0,False,False,True,True,False,False,False,False,False,False,"recruiter/TA or opportunity-history signal present, region unresolved",1,16,"  ""faculdade uniguaçu"": {market: GLOBAL_OPPORTUNITY_UNRESOLVED_REGION, category: GLOBAL_OPPORTUNITY}"
HIF Global,hif,NEEDS_COMPANY_MAPPING,GLOBAL_OPPORTUNITY,,0.55,True,1,0,0,0,0,0,0,1,0,1,0,False,False,True,True,False,False,False,False,False,False,"recruiter/TA or opportunity-history signal present, region unresolved",1,16,"  ""hif global"": {market: GLOBAL_OPPORTUNITY_UNRESOLVED_REGION, category: GLOBAL_OPPORTUNITY}"
Hexagon Mining,hexagon mining,NEEDS_COMPANY_MAPPING,GLOBAL_OPPORTUNITY,,0.55,True,1,0,0,0,0,0,0,1,0,1,0,False,False,True,True,False,False,False,False,False,False,"recruiter/TA or opportunity-history signal present, region unresolved",1,16,"  ""hexagon mining"": {market: GLOBAL_OPPORTUNITY_UNRESOLVED_REGION, category: GLOBAL_OPPORTUNITY}"
Hexagon Geosystems,hexagon geosystems,NEEDS_COMPANY_MAPPING,GLOBAL_OPPORTUNITY,,0.55,True,1,0,0,0,0,0,0,1,0,1,0,False,False,True,True,False,False,False,False,False,False,"recruiter/TA or opportunity-history signal present, region unresolved",1,16,"  ""hexagon geosystems"": {market: GLOBAL_OPPORTUNITY_UNRESOLVED_REGION, category: GLOBAL_OPPORTUNITY}"
Helplearte,helplearte,NEEDS_COMPANY_MAPPING,GLOBAL_OPPORTUNITY,,0.55,True,1,0,0,0,0,0,0,1,0,1,0,False,False,True,True,False,False,False,False,False,False,"recruiter/TA or opportunity-history signal present, region unresolved",1,16,"  ""helplearte"": {market: GLOBAL_OPPORTUNITY_UNRESOLVED_REGION, category: GLOBAL_OPPORTUNITY}"
HEART ME & FOLLOW,heart me & follow,NEEDS_COMPANY_MAPPING,GLOBAL_OPPORTUNITY,,0.55,True,1,0,0,0,0,0,0,1,0,1,0,False,False,True,True,False,False,False,False,False,False,"recruiter/TA or opportunity-history signal present, region unresolved",1,16,"  ""heart me & follow"": {market: GLOBAL_OPPORTUNITY_UNRESOLVED_REGION, category: GLOBAL_OPPORTUNITY}"
Hattrick IT,hattrick it,NEEDS_COMPANY_MAPPING,GLOBAL_OPPORTUNITY,,0.55,True,1,0,0,0,0,0,0,1,0,1,0,False,False,True,True,False,False,False,False,False,False,"recruiter/TA or opportunity-history signal present, region unresolved",1,16,"  ""hattrick it"": {market: GLOBAL_OPPORTUNITY_UNRESOLVED_REGION, category: GLOBAL_OPPORTUNITY}"
Halliburton,halliburton,NEEDS_COMPANY_MAPPING,GLOBAL_OPPORTUNITY,,0.55,True,1,0,0,0,0,0,0,1,0,1,0,False,False,True,True,False,False,False,False,False,False,"recruiter/TA or opportunity-history signal present, region unresolved",1,16,"  ""halliburton"": {market: GLOBAL_OPPORTUNITY_UNRESOLVED_REGION, category: GLOBAL_OPPORTUNITY}"
Grupo SDH,grupo sdh,NEEDS_COMPANY_MAPPING,GLOBAL_OPPORTUNITY,,0.55,True,1,0,0,0,0,0,0,1,0,1,0,False,False,True,True,False,False,False,False,False,False,"recruiter/TA or opportunity-history signal present, region unresolved",1,16,"  ""grupo sdh"": {market: GLOBAL_OPPORTUNITY_UNRESOLVED_REGION, category: GLOBAL_OPPORTUNITY}"
Grupo Nexo Infinity,grupo nexo infinity,NEEDS_COMPANY_MAPPING,GLOBAL_OPPORTUNITY,,0.55,True,1,0,0,0,0,0,0,1,0,1,0,False,False,True,True,False,False,False,False,False,False,"recruiter/TA or opportunity-history signal present, region unresolved",1,16,"  ""grupo nexo infinity"": {market: GLOBAL_OPPORTUNITY_UNRESOLVED_REGION, category: GLOBAL_OPPORTUNITY}"
BARMER,barmer,NEEDS_COMPANY_MAPPING,GLOBAL_OPPORTUNITY,,0.55,True,1,0,0,0,0,0,0,1,0,1,0,False,False,True,True,False,False,False,False,False,False,"recruiter/TA or opportunity-history signal present, region unresolved",1,16,"  ""barmer"": {market: GLOBAL_OPPORTUNITY_UNRESOLVED_REGION, category: GLOBAL_OPPORTUNITY}"
Banff Lodging Company,banff lodging company,NEEDS_COMPANY_MAPPING,GLOBAL_OPPORTUNITY,,0.55,True,1,0,0,0,0,0,0,1,0,1,0,False,False,True,True,False,False,False,False,False,False,"recruiter/TA or opportunity-history signal present, region unresolved",1,16,"  ""banff lodging company"": {market: GLOBAL_OPPORTUNITY_UNRESOLVED_REGION, category: GLOBAL_OPPORTUNITY}"
Fiserv,fiserv,NEEDS_COMPANY_MAPPING,GLOBAL_OPPORTUNITY,,0.55,True,1,0,0,0,0,0,0,1,0,1,0,False,False,True,True,False,False,False,False,False,False,"recruiter/TA or opportunity-history signal present, region unresolved",1,16,"  ""fiserv"": {market: GLOBAL_OPPORTUNITY_UNRESOLVED_REGION, category: GLOBAL_OPPORTUNITY}"
First Point Group,first point,NEEDS_COMPANY_MAPPING,GLOBAL_OPPORTUNITY,,0.55,True,1,0,0,0,0,0,0,1,0,1,0,False,False,True,True,False,False,False,False,False,False,"recruiter/TA or opportunity-history signal present, region unresolved",1,16,"  ""first point group"": {market: GLOBAL_OPPORTUNITY_UNRESOLVED_REGION, category: GLOBAL_OPPORTUNITY}"
Fibra,fibra,NEEDS_COMPANY_MAPPING,GLOBAL_OPPORTUNITY,,0.55,True,1,0,0,0,0,0,0,1,0,1,0,False,False,True,True,False,False,False,False,False,False,"recruiter/TA or opportunity-history signal present, region unresolved",1,16,"  ""fibra"": {market: GLOBAL_OPPORTUNITY_UNRESOLVED_REGION, category: GLOBAL_OPPORTUNITY}"
FiberHome,fiberhome,NEEDS_COMPANY_MAPPING,GLOBAL_OPPORTUNITY,,0.55,True,1,0,0,0,0,0,0,1,0,1,0,False,False,True,True,False,False,False,False,False,False,"recruiter/TA or opportunity-history signal present, region unresolved",1,16,"  ""fiberhome"": {market: GLOBAL_OPPORTUNITY_UNRESOLVED_REGION, category: GLOBAL_OPPORTUNITY}"
Fetcherr,fetcherr,NEEDS_COMPANY_MAPPING,GLOBAL_OPPORTUNITY,,0.55,True,2,0,1,0,0,0,2,0,0,0,0,False,False,False,False,False,False,False,False,False,False,"recruiter/TA or opportunity-history signal present, region unresolved",1,16,"  ""fetcherr"": {market: GLOBAL_OPPORTUNITY_UNRESOLVED_REGION, category: GLOBAL_OPPORTUNITY}"
FedEx,fedex,NEEDS_COMPANY_MAPPING,GLOBAL_OPPORTUNITY,,0.55,True,1,0,0,0,0,0,0,1,0,1,0,False,False,True,True,False,False,False,False,False,False,"recruiter/TA or opportunity-history signal present, region unresolved",1,16,"  ""fedex"": {market: GLOBAL_OPPORTUNITY_UNRESOLVED_REGION, category: GLOBAL_OPPORTUNITY}"
Federal Seguridad,federal seguridad,NEEDS_COMPANY_MAPPING,GLOBAL_OPPORTUNITY,,0.55,True,1,0,0,0,0,0,0,1,0,1,0,False,False,True,True,False,False,False,False,False,False,"recruiter/TA or opportunity-history signal present, region unresolved",1,16,"  ""federal seguridad"": {market: GLOBAL_OPPORTUNITY_UNRESOLVED_REGION, category: GLOBAL_OPPORTUNITY}"
Fatto Umano RH,fatto umano rh,NEEDS_COMPANY_MAPPING,GLOBAL_OPPORTUNITY,,0.55,True,1,0,0,0,0,0,0,1,0,1,0,False,False,True,True,False,False,False,False,False,False,"recruiter/TA or opportunity-history signal present, region unresolved",1,16,"  ""fatto umano rh"": {market: GLOBAL_OPPORTUNITY_UNRESOLVED_REGION, category: GLOBAL_OPPORTUNITY}"
Grupo Mup,grupo mup,NEEDS_COMPANY_MAPPING,GLOBAL_OPPORTUNITY,,0.55,True,1,0,0,0,0,0,0,1,0,1,0,False,False,True,True,False,False,False,False,False,False,"recruiter/TA or opportunity-history signal present, region unresolved",1,16,"  ""grupo mup"": {market: GLOBAL_OPPORTUNITY_UNRESOLVED_REGION, category: GLOBAL_OPPORTUNITY}"
Grupo IMESE,grupo imese,NEEDS_COMPANY_MAPPING,GLOBAL_OPPORTUNITY,,0.55,True,1,0,0,0,0,0,0,1,0,1,0,False,False,True,True,False,False,False,False,False,False,"recruiter/TA or opportunity-history signal present, region unresolved",1,16,"  ""grupo imese"": {market: GLOBAL_OPPORTUNITY_UNRESOLVED_REGION, category: GLOBAL_OPPORTUNITY}"
Grupo Garnier,grupo garnier,NEEDS_COMPANY_MAPPING,GLOBAL_OPPORTUNITY,,0.55,True,1,0,0,0,0,0,0,1,0,1,0,False,False,True,True,False,False,False,False,False,False,"recruiter/TA or opportunity-history signal present, region unresolved",1,16,"  ""grupo garnier"": {market: GLOBAL_OPPORTUNITY_UNRESOLVED_REGION, category: GLOBAL_OPPORTUNITY}"
Grupo Castillo - Reclutamiento y Selección,grupo castillo - reclutamiento y selección,NEEDS_COMPANY_MAPPING,GLOBAL_OPPORTUNITY,,0.55,True,1,0,0,0,0,0,0,1,0,1,0,False,False,True,True,False,False,False,False,False,False,"recruiter/TA or opportunity-history signal present, region unresolved",1,16,"  ""grupo castillo - reclutamiento y selección"": {market: GLOBAL_OPPORTUNITY_UNRESOLVED_REGION, category: GLOBAL_OPPORTUNITY}"
Grupo BOIS | Blank space| Freelan| 9db| Nuvalia,grupo bois | blank space| freelan| 9db| nuvalia,NEEDS_COMPANY_MAPPING,GLOBAL_OPPORTUNITY,,0.55,True,1,0,0,0,0,0,0,1,0,1,0,False,False,True,True,False,False,False,False,False,False,"recruiter/TA or opportunity-history signal present, region unresolved",1,16,"  ""grupo bois | blank space| freelan| 9db| nuvalia"": {market: GLOBAL_OPPORTUNITY_UNRESOLVED_REGION, category: GLOBAL_OPPORTUNITY}"
GRUPO AUNAR S.A.S,grupo aunar,NEEDS_COMPANY_MAPPING,GLOBAL_OPPORTUNITY,,0.55,True,1,0,0,0,0,0,0,1,0,1,0,False,False,True,True,False,False,False,False,False,False,"recruiter/TA or opportunity-history signal present, region unresolved",1,16,"  ""grupo aunar s.a.s"": {market: GLOBAL_OPPORTUNITY_UNRESOLVED_REGION, category: GLOBAL_OPPORTUNITY}"
Greentube GmbH,greentube,NEEDS_COMPANY_MAPPING,GLOBAL_OPPORTUNITY,,0.55,True,1,0,0,0,0,0,0,1,0,1,0,False,False,True,True,False,False,False,False,False,False,"recruiter/TA or opportunity-history signal present, region unresolved",1,16,"  ""greentube gmbh"": {market: GLOBAL_OPPORTUNITY_UNRESOLVED_REGION, category: GLOBAL_OPPORTUNITY}"
Graco,graco,NEEDS_COMPANY_MAPPING,GLOBAL_OPPORTUNITY,,0.55,True,1,0,0,0,0,0,0,1,0,1,0,False,False,True,True,False,False,False,False,False,False,"recruiter/TA or opportunity-history signal present, region unresolved",1,16,"  ""graco"": {market: GLOBAL_OPPORTUNITY_UNRESOLVED_REGION, category: GLOBAL_OPPORTUNITY}"
GovValue LLC,govvalue,NEEDS_COMPANY_MAPPING,GLOBAL_OPPORTUNITY,,0.55,True,1,0,0,0,0,0,0,1,0,1,1,False,False,True,True,False,False,False,False,False,False,"recruiter/TA or opportunity-history signal present, region unresolved",1,16,"  ""govvalue llc"": {market: GLOBAL_OPPORTUNITY_UNRESOLVED_REGION, category: GLOBAL_OPPORTUNITY}"
Goldfish Group,goldfish,NEEDS_COMPANY_MAPPING,GLOBAL_OPPORTUNITY,,0.55,True,1,0,0,0,0,0,0,1,0,1,0,False,False,True,True,False,False,False,False,False,False,"recruiter/TA or opportunity-history signal present, region unresolved",1,16,"  ""goldfish group"": {market: GLOBAL_OPPORTUNITY_UNRESOLVED_REGION, category: GLOBAL_OPPORTUNITY}"
GO2 Markets,go2 markets,NEEDS_COMPANY_MAPPING,GLOBAL_OPPORTUNITY,,0.55,True,1,0,0,0,0,0,0,1,0,1,0,False,False,True,True,False,False,False,False,False,False,"recruiter/TA or opportunity-history signal present, region unresolved",1,16,"  ""go2 markets"": {market: GLOBAL_OPPORTUNITY_UNRESOLVED_REGION, category: GLOBAL_OPPORTUNITY}"
Forma Independiente,forma independiente,NEEDS_COMPANY_MAPPING,GLOBAL_OPPORTUNITY,,0.55,True,1,0,0,0,0,0,0,1,0,1,0,False,False,True,True,False,False,False,False,False,False,"recruiter/TA or opportunity-history signal present, region unresolved",1,16,"  ""forma independiente"": {market: GLOBAL_OPPORTUNITY_UNRESOLVED_REGION, category: GLOBAL_OPPORTUNITY}"
foRHum,forhum,NEEDS_COMPANY_MAPPING,GLOBAL_OPPORTUNITY,,0.55,True,1,0,0,0,0,0,0,1,0,1,0,False,False,True,True,False,False,False,False,False,False,"recruiter/TA or opportunity-history signal present, region unresolved",1,16,"  ""forhum"": {market: GLOBAL_OPPORTUNITY_UNRESOLVED_REGION, category: GLOBAL_OPPORTUNITY}"
FONPLATA,fonplata,NEEDS_COMPANY_MAPPING,GLOBAL_OPPORTUNITY,,0.55,True,1,0,0,0,0,0,0,1,0,1,0,False,False,True,True,False,False,False,False,False,False,"recruiter/TA or opportunity-history signal present, region unresolved",1,16,"  ""fonplata"": {market: GLOBAL_OPPORTUNITY_UNRESOLVED_REGION, category: GLOBAL_OPPORTUNITY}"
Foco Aluguel de Carros,foco aluguel de carros,NEEDS_COMPANY_MAPPING,GLOBAL_OPPORTUNITY,,0.55,True,1,0,0,0,0,0,0,1,0,1,0,False,False,True,True,False,False,False,False,False,False,"recruiter/TA or opportunity-history signal present, region unresolved",1,16,"  ""foco aluguel de carros"": {market: GLOBAL_OPPORTUNITY_UNRESOLVED_REGION, category: GLOBAL_OPPORTUNITY}"
Fizix,fizix,NEEDS_COMPANY_MAPPING,GLOBAL_OPPORTUNITY,,0.55,True,1,0,0,0,0,0,0,1,0,1,0,False,False,True,True,False,False,False,False,False,False,"recruiter/TA or opportunity-history signal present, region unresolved",1,16,"  ""fizix"": {market: GLOBAL_OPPORTUNITY_UNRESOLVED_REGION, category: GLOBAL_OPPORTUNITY}"
Fiverr,fiverr,NEEDS_COMPANY_MAPPING,GLOBAL_OPPORTUNITY,,0.55,True,1,0,0,0,0,0,0,1,0,1,0,False,False,True,True,False,False,False,False,False,False,"recruiter/TA or opportunity-history signal present, region unresolved",1,16,"  ""fiverr"": {market: GLOBAL_OPPORTUNITY_UNRESOLVED_REGION, category: GLOBAL_OPPORTUNITY}"
Go Up Job,go up job,NEEDS_COMPANY_MAPPING,GLOBAL_OPPORTUNITY,,0.55,True,1,0,0,0,0,0,0,1,0,1,0,False,False,True,True,False,False,False,False,False,False,"recruiter/TA or opportunity-history signal present, region unresolved",1,16,"  ""go up job"": {market: GLOBAL_OPPORTUNITY_UNRESOLVED_REGION, category: GLOBAL_OPPORTUNITY}"
GNA - Gás Natural Açu,gna - gás natural açu,NEEDS_COMPANY_MAPPING,GLOBAL_OPPORTUNITY,,0.55,True,1,0,0,0,0,0,0,1,0,1,0,False,False,True,True,False,False,False,False,False,False,"recruiter/TA or opportunity-history signal present, region unresolved",1,16,"  ""gna - gás natural açu"": {market: GLOBAL_OPPORTUNITY_UNRESOLVED_REGION, category: GLOBAL_OPPORTUNITY}"
Glic Solutions,glic,NEEDS_COMPANY_MAPPING,GLOBAL_OPPORTUNITY,GLOBAL_CONSULTING,0.55,True,1,0,0,0,0,0,0,1,0,1,0,False,False,True,True,False,False,False,False,False,True,generic 'solutions' keyword in company name (weak signal),1,16,"  ""glic solutions"": {market: GLOBAL_OPPORTUNITY_UNRESOLVED_REGION, category: GLOBAL_CONSULTING}"
Gestión Global,gestión,NEEDS_COMPANY_MAPPING,GLOBAL_OPPORTUNITY,,0.55,True,1,0,0,0,0,0,0,1,0,1,0,False,False,True,True,False,False,False,False,False,False,"recruiter/TA or opportunity-history signal present, region unresolved",1,16,"  ""gestión global"": {market: GLOBAL_OPPORTUNITY_UNRESOLVED_REGION, category: GLOBAL_OPPORTUNITY}"
Gesthion Organizacional,gesthion organizacional,NEEDS_COMPANY_MAPPING,GLOBAL_OPPORTUNITY,,0.55,True,1,0,0,0,0,0,0,1,0,1,0,False,False,True,True,False,False,False,False,False,False,"recruiter/TA or opportunity-history signal present, region unresolved",1,16,"  ""gesthion organizacional"": {market: GLOBAL_OPPORTUNITY_UNRESOLVED_REGION, category: GLOBAL_OPPORTUNITY}"
Gesta Soluciones en Recursos Humanos,gesta soluciones en recursos humanos,NEEDS_COMPANY_MAPPING,GLOBAL_OPPORTUNITY,,0.55,True,1,0,0,0,0,0,0,1,0,1,0,False,False,True,True,False,False,False,False,False,False,"recruiter/TA or opportunity-history signal present, region unresolved",1,16,"  ""gesta soluciones en recursos humanos"": {market: GLOBAL_OPPORTUNITY_UNRESOLVED_REGION, category: GLOBAL_OPPORTUNITY}"
GEOM SpA,geom,NEEDS_COMPANY_MAPPING,GLOBAL_OPPORTUNITY,,0.55,True,1,0,0,0,0,0,0,1,0,1,0,False,False,True,True,False,False,False,False,False,False,"recruiter/TA or opportunity-history signal present, region unresolved",1,16,"  ""geom spa"": {market: GLOBAL_OPPORTUNITY_UNRESOLVED_REGION, category: GLOBAL_OPPORTUNITY}"
Frete.com,frete.com,NEEDS_COMPANY_MAPPING,NEEDS_COMPANY_MAPPING,,0.0,True,3,0,0,0,1,0,3,0,0,0,0,False,False,False,False,False,False,False,False,False,False,"no keyword, dictionary, persona, or message signal found — needs manual research",1,16,
FPC TISSUE S.P.A,fpc tissue s.p.a,NEEDS_COMPANY_MAPPING,GLOBAL_OPPORTUNITY,,0.55,True,1,0,0,0,0,0,0,1,0,1,0,False,False,True,True,False,False,False,False,False,False,"recruiter/TA or opportunity-history signal present, region unresolved",1,16,"  ""fpc tissue s.p.a"": {market: GLOBAL_OPPORTUNITY_UNRESOLVED_REGION, category: GLOBAL_OPPORTUNITY}"
Genei,genei,NEEDS_COMPANY_MAPPING,GLOBAL_OPPORTUNITY,,0.55,True,1,0,0,0,0,0,0,1,0,1,0,False,False,True,True,False,False,False,False,False,False,"recruiter/TA or opportunity-history signal present, region unresolved",1,16,"  ""genei"": {market: GLOBAL_OPPORTUNITY_UNRESOLVED_REGION, category: GLOBAL_OPPORTUNITY}"
Gelatina,gelatina,NEEDS_COMPANY_MAPPING,GLOBAL_OPPORTUNITY,,0.55,True,1,0,0,0,0,0,0,1,0,1,0,False,False,True,True,False,False,False,False,False,False,"recruiter/TA or opportunity-history signal present, region unresolved",1,16,"  ""gelatina"": {market: GLOBAL_OPPORTUNITY_UNRESOLVED_REGION, category: GLOBAL_OPPORTUNITY}"
Gebomsa,gebomsa,NEEDS_COMPANY_MAPPING,GLOBAL_OPPORTUNITY,,0.55,True,1,0,0,0,0,0,0,1,0,1,0,False,False,True,True,False,False,False,False,False,False,"recruiter/TA or opportunity-history signal present, region unresolved",1,16,"  ""gebomsa"": {market: GLOBAL_OPPORTUNITY_UNRESOLVED_REGION, category: GLOBAL_OPPORTUNITY}"
Gasoducto GasAndes S.A,gasoducto gasandes,NEEDS_COMPANY_MAPPING,GLOBAL_OPPORTUNITY,,0.55,True,1,0,0,0,0,0,0,1,0,1,0,False,False,True,True,False,False,False,False,False,False,"recruiter/TA or opportunity-history signal present, region unresolved",1,16,"  ""gasoducto gasandes s.a"": {market: GLOBAL_OPPORTUNITY_UNRESOLVED_REGION, category: GLOBAL_OPPORTUNITY}"
"GalChimia, S.A",galchimia,NEEDS_COMPANY_MAPPING,GLOBAL_OPPORTUNITY,,0.55,True,1,0,0,0,0,0,0,1,0,1,0,False,False,True,True,False,False,False,False,False,False,"recruiter/TA or opportunity-history signal present, region unresolved",1,16,"  ""galchimia, s.a"": {market: GLOBAL_OPPORTUNITY_UNRESOLVED_REGION, category: GLOBAL_OPPORTUNITY}"
fundcraft,fundcraft,NEEDS_COMPANY_MAPPING,GLOBAL_OPPORTUNITY,,0.55,True,1,0,0,0,0,0,0,1,0,1,0,False,False,True,True,False,False,False,False,False,False,"recruiter/TA or opportunity-history signal present, region unresolved",1,16,"  ""fundcraft"": {market: GLOBAL_OPPORTUNITY_UNRESOLVED_REGION, category: GLOBAL_OPPORTUNITY}"
Fundação Paulista de Tecnologia e Educação,fundação paulista de tecnologia e educação,NEEDS_COMPANY_MAPPING,GLOBAL_OPPORTUNITY,,0.55,True,1,0,0,0,0,0,0,1,0,1,0,False,False,True,True,False,False,False,False,False,False,"recruiter/TA or opportunity-history signal present, region unresolved",1,16,"  ""fundação paulista de tecnologia e educação"": {market: GLOBAL_OPPORTUNITY_UNRESOLVED_REGION, category: GLOBAL_OPPORTUNITY}"
Beatriz Herdy,beatriz herdy,NEEDS_COMPANY_MAPPING,GLOBAL_OPPORTUNITY,,0.55,True,1,0,0,0,0,0,0,1,0,1,0,False,False,True,True,False,False,False,False,False,False,"recruiter/TA or opportunity-history signal present, region unresolved",1,16,"  ""beatriz herdy"": {market: GLOBAL_OPPORTUNITY_UNRESOLVED_REGION, category: GLOBAL_OPPORTUNITY}"
شركة عالم النظم والبرامج,شركة عالم النظم والبرامج,NEEDS_COMPANY_MAPPING,GLOBAL_OPPORTUNITY,,0.55,True,1,0,0,0,0,0,0,1,0,1,0,False,False,True,True,False,False,False,False,False,False,"recruiter/TA or opportunity-history signal present, region unresolved",1,16,"  ""شركة عالم النظم والبرامج"": {market: GLOBAL_OPPORTUNITY_UNRESOLVED_REGION, category: GLOBAL_OPPORTUNITY}"
Ágil Talentos,ágil talentos,NEEDS_COMPANY_MAPPING,GLOBAL_OPPORTUNITY,,0.55,True,1,0,0,0,0,0,0,1,0,1,0,False,False,True,True,False,False,False,False,False,False,"recruiter/TA or opportunity-history signal present, region unresolved",1,16,"  ""ágil talentos"": {market: GLOBAL_OPPORTUNITY_UNRESOLVED_REGION, category: GLOBAL_OPPORTUNITY}"
YHA Australia,yha australia,NEEDS_COMPANY_MAPPING,GLOBAL_OPPORTUNITY,,0.55,True,1,0,0,0,0,0,0,1,0,1,0,False,False,True,True,False,False,False,False,False,False,"recruiter/TA or opportunity-history signal present, region unresolved",1,16,"  ""yha australia"": {market: GLOBAL_OPPORTUNITY_UNRESOLVED_REGION, category: GLOBAL_OPPORTUNITY}"
yellow.rec,yellow.rec,NEEDS_COMPANY_MAPPING,GLOBAL_OPPORTUNITY,,0.55,True,1,0,0,0,0,0,0,1,0,1,0,False,False,True,True,False,False,False,False,False,False,"recruiter/TA or opportunity-history signal present, region unresolved",1,16,"  ""yellow.rec"": {market: GLOBAL_OPPORTUNITY_UNRESOLVED_REGION, category: GLOBAL_OPPORTUNITY}"
Yalla Car - Aluguel de Carros,yalla car - aluguel de carros,NEEDS_COMPANY_MAPPING,GLOBAL_OPPORTUNITY,,0.55,True,1,0,0,0,0,0,0,1,0,1,0,False,False,True,True,False,False,False,False,False,False,"recruiter/TA or opportunity-history signal present, region unresolved",1,16,"  ""yalla car - aluguel de carros"": {market: GLOBAL_OPPORTUNITY_UNRESOLVED_REGION, category: GLOBAL_OPPORTUNITY}"
Xtedder,xtedder,NEEDS_COMPANY_MAPPING,GLOBAL_OPPORTUNITY,,0.55,True,1,0,0,0,0,0,0,1,0,1,0,False,False,True,True,False,False,False,False,False,False,"recruiter/TA or opportunity-history signal present, region unresolved",1,16,"  ""xtedder"": {market: GLOBAL_OPPORTUNITY_UNRESOLVED_REGION, category: GLOBAL_OPPORTUNITY}"
"Zafer Taahhüt, İnşaat ve Tic. A.Ş","zafer taahhüt, i̇nşaat ve tic. a.ş",NEEDS_COMPANY_MAPPING,GLOBAL_OPPORTUNITY,,0.55,True,1,0,0,0,0,0,0,1,0,1,0,False,False,True,True,False,False,False,False,False,False,"recruiter/TA or opportunity-history signal present, region unresolved",1,16,"  ""zafer taahhüt, i̇nşaat ve tic. a.ş"": {market: GLOBAL_OPPORTUNITY_UNRESOLVED_REGION, category: GLOBAL_OPPORTUNITY}"
500 Designs,500 designs,NEEDS_COMPANY_MAPPING,GLOBAL_OPPORTUNITY,,0.55,True,1,0,0,0,0,0,0,1,0,1,0,False,False,True,True,False,False,False,False,False,False,"recruiter/TA or opportunity-history signal present, region unresolved",1,16,"  ""500 designs"": {market: GLOBAL_OPPORTUNITY_UNRESOLVED_REGION, category: GLOBAL_OPPORTUNITY}"
2a Vara civil do Foro da Comarca de Canela,2a vara civil do foro da comarca de canela,NEEDS_COMPANY_MAPPING,GLOBAL_OPPORTUNITY,,0.55,True,1,0,0,0,0,0,0,1,0,1,0,False,False,True,True,False,False,False,False,False,False,"recruiter/TA or opportunity-history signal present, region unresolved",1,16,"  ""2a vara civil do foro da comarca de canela"": {market: GLOBAL_OPPORTUNITY_UNRESOLVED_REGION, category: GLOBAL_OPPORTUNITY}"
++hellohello,++hellohello,NEEDS_COMPANY_MAPPING,GLOBAL_OPPORTUNITY,,0.55,True,1,0,0,0,0,0,0,1,0,1,0,False,False,True,True,False,False,False,False,False,False,"recruiter/TA or opportunity-history signal present, region unresolved",1,16,"  ""++hellohello"": {market: GLOBAL_OPPORTUNITY_UNRESOLVED_REGION, category: GLOBAL_OPPORTUNITY}"
Mercado Bitcoin,mercado bitcoin,NEEDS_COMPANY_MAPPING,NEEDS_COMPANY_MAPPING,,0.0,True,2,0,0,0,1,0,2,0,0,0,0,False,False,False,False,False,False,False,False,False,False,"no keyword, dictionary, persona, or message signal found — needs manual research",1,15,
Minerva Foods,minerva foods,NEEDS_COMPANY_MAPPING,GLOBAL_OPPORTUNITY,,0.55,True,4,0,0,0,0,0,3,1,0,0,0,False,False,True,True,False,False,False,False,False,False,"recruiter/TA or opportunity-history signal present, region unresolved",1,15,"  ""minerva foods"": {market: GLOBAL_OPPORTUNITY_UNRESOLVED_REGION, category: GLOBAL_OPPORTUNITY}"
Pearson,pearson,NEEDS_COMPANY_MAPPING,NEEDS_COMPANY_MAPPING,,0.0,True,2,0,0,0,1,0,2,0,0,0,0,False,False,False,False,False,False,False,False,False,False,"no keyword, dictionary, persona, or message signal found — needs manual research",1,15,
Descomplica,descomplica,NEEDS_COMPANY_MAPPING,NEEDS_COMPANY_MAPPING,,0.0,True,2,0,0,0,1,0,2,0,0,0,0,False,False,False,False,False,False,False,False,False,False,"no keyword, dictionary, persona, or message signal found — needs manual research",1,15,
Billie,billie,NEEDS_COMPANY_MAPPING,NEEDS_COMPANY_MAPPING,,0.0,True,2,0,0,0,1,0,2,0,0,0,0,False,False,False,False,False,False,False,False,False,False,"no keyword, dictionary, persona, or message signal found — needs manual research",1,15,
Reclame AQUI,reclame aqui,NEEDS_COMPANY_MAPPING,NEEDS_COMPANY_MAPPING,,0.0,True,2,0,0,0,1,0,2,0,0,0,0,False,False,False,False,False,False,False,False,False,False,"no keyword, dictionary, persona, or message signal found — needs manual research",1,15,
Standard Chartered,standard chartered,NEEDS_COMPANY_MAPPING,NEEDS_COMPANY_MAPPING,,0.0,True,2,0,0,0,1,0,2,0,0,0,0,False,False,False,False,False,False,False,False,False,False,"no keyword, dictionary, persona, or message signal found — needs manual research",1,15,
connexta,connexta,NEEDS_COMPANY_MAPPING,NEEDS_COMPANY_MAPPING,,0.0,True,2,0,0,0,1,0,2,0,0,0,0,False,False,False,False,False,False,False,False,False,False,"no keyword, dictionary, persona, or message signal found — needs manual research",1,15,
Schneider Electric,schneider electric,NEEDS_COMPANY_MAPPING,NEEDS_COMPANY_MAPPING,,0.0,True,2,0,0,0,1,0,2,0,0,0,0,False,False,False,False,False,False,False,False,False,False,"no keyword, dictionary, persona, or message signal found — needs manual research",1,15,
SPRO,spro,NEEDS_COMPANY_MAPPING,NEEDS_COMPANY_MAPPING,,0.0,True,2,0,0,0,1,0,2,0,0,0,0,False,False,False,False,False,False,False,False,False,False,"no keyword, dictionary, persona, or message signal found — needs manual research",1,15,
Teachable,teachable,NEEDS_COMPANY_MAPPING,NEEDS_COMPANY_MAPPING,,0.0,True,2,0,0,0,1,0,2,0,0,0,0,False,False,False,False,False,False,False,False,False,False,"no keyword, dictionary, persona, or message signal found — needs manual research",1,15,
talentsconnect Group,talentsconnect,NEEDS_COMPANY_MAPPING,NEEDS_COMPANY_MAPPING,,0.0,True,2,0,0,0,1,0,2,0,0,0,0,False,False,False,False,False,False,False,False,False,False,"no keyword, dictionary, persona, or message signal found — needs manual research",1,15,
SysMap Solutions,sysmap,NEEDS_COMPANY_MAPPING,GLOBAL_OPPORTUNITY,GLOBAL_CONSULTING,0.55,True,4,0,0,0,0,0,3,1,0,0,0,False,False,True,True,False,False,False,False,False,True,generic 'solutions' keyword in company name (weak signal),1,15,"  ""sysmap solutions"": {market: GLOBAL_OPPORTUNITY_UNRESOLVED_REGION, category: GLOBAL_CONSULTING}"
Bee Engineering ICT,bee engineering ict,NEEDS_COMPANY_MAPPING,NEEDS_COMPANY_MAPPING,,0.0,True,2,0,0,0,1,0,2,0,0,0,0,False,False,False,False,False,False,False,False,False,False,"no keyword, dictionary, persona, or message signal found — needs manual research",1,15,
Portobello Grupo,portobello grupo,NEEDS_COMPANY_MAPPING,GLOBAL_OPPORTUNITY,,0.55,True,3,0,0,0,0,0,2,1,0,0,0,False,False,True,True,False,False,False,False,False,False,"recruiter/TA or opportunity-history signal present, region unresolved",1,14,"  ""portobello grupo"": {market: GLOBAL_OPPORTUNITY_UNRESOLVED_REGION, category: GLOBAL_OPPORTUNITY}"
GVC Soluções em Cobrança,gvc soluções em cobrança,NEEDS_COMPANY_MAPPING,GLOBAL_OPPORTUNITY,,0.55,True,3,0,0,0,0,0,2,1,0,0,0,False,False,True,True,False,False,False,False,False,False,"recruiter/TA or opportunity-history signal present, region unresolved",1,14,"  ""gvc soluções em cobrança"": {market: GLOBAL_OPPORTUNITY_UNRESOLVED_REGION, category: GLOBAL_OPPORTUNITY}"
InfoPrice,infoprice,NEEDS_COMPANY_MAPPING,GLOBAL_OPPORTUNITY,,0.55,True,2,0,0,0,0,0,1,1,0,0,0,False,False,True,True,False,False,False,False,False,False,"recruiter/TA or opportunity-history signal present, region unresolved",1,13,"  ""infoprice"": {market: GLOBAL_OPPORTUNITY_UNRESOLVED_REGION, category: GLOBAL_OPPORTUNITY}"
Safra,safra,NEEDS_COMPANY_MAPPING,GLOBAL_OPPORTUNITY,,0.55,True,2,0,0,0,0,0,1,1,0,0,0,False,False,True,True,False,False,False,False,False,False,"recruiter/TA or opportunity-history signal present, region unresolved",1,13,"  ""safra"": {market: GLOBAL_OPPORTUNITY_UNRESOLVED_REGION, category: GLOBAL_OPPORTUNITY}"
RED Innovations,red innovations,NEEDS_COMPANY_MAPPING,GLOBAL_OPPORTUNITY,,0.55,True,2,0,0,0,0,0,1,1,0,0,0,False,False,True,True,False,False,False,False,False,False,"recruiter/TA or opportunity-history signal present, region unresolved",1,13,"  ""red innovations"": {market: GLOBAL_OPPORTUNITY_UNRESOLVED_REGION, category: GLOBAL_OPPORTUNITY}"
Procter & Gamble,procter & gamble,NEEDS_COMPANY_MAPPING,GLOBAL_OPPORTUNITY,,0.55,True,2,0,0,0,0,0,1,1,0,0,0,False,False,True,True,False,False,False,False,False,False,"recruiter/TA or opportunity-history signal present, region unresolved",1,13,"  ""procter & gamble"": {market: GLOBAL_OPPORTUNITY_UNRESOLVED_REGION, category: GLOBAL_OPPORTUNITY}"
Banco BS2,banco bs2,NEEDS_COMPANY_MAPPING,GLOBAL_OPPORTUNITY,,0.55,True,2,0,0,0,0,0,1,1,0,0,0,False,False,True,True,False,False,False,False,False,False,"recruiter/TA or opportunity-history signal present, region unresolved",1,13,"  ""banco bs2"": {market: GLOBAL_OPPORTUNITY_UNRESOLVED_REGION, category: GLOBAL_OPPORTUNITY}"
Mignow,mignow,NEEDS_COMPANY_MAPPING,GLOBAL_OPPORTUNITY,,0.55,True,2,0,0,0,0,0,1,1,0,0,0,False,False,True,True,False,False,False,False,False,False,"recruiter/TA or opportunity-history signal present, region unresolved",1,13,"  ""mignow"": {market: GLOBAL_OPPORTUNITY_UNRESOLVED_REGION, category: GLOBAL_OPPORTUNITY}"
doc9,doc9,NEEDS_COMPANY_MAPPING,GLOBAL_OPPORTUNITY,,0.55,True,2,0,0,0,0,0,1,1,0,0,0,False,False,True,True,False,False,False,False,False,False,"recruiter/TA or opportunity-history signal present, region unresolved",1,13,"  ""doc9"": {market: GLOBAL_OPPORTUNITY_UNRESOLVED_REGION, category: GLOBAL_OPPORTUNITY}"
Ikatec,ikatec,NEEDS_COMPANY_MAPPING,GLOBAL_OPPORTUNITY,,0.55,True,2,0,0,0,0,0,1,1,0,0,0,False,False,True,True,False,False,False,False,False,False,"recruiter/TA or opportunity-history signal present, region unresolved",1,13,"  ""ikatec"": {market: GLOBAL_OPPORTUNITY_UNRESOLVED_REGION, category: GLOBAL_OPPORTUNITY}"
N-iX,n-ix,NEEDS_COMPANY_MAPPING,GLOBAL_OPPORTUNITY,,0.55,True,2,0,0,0,0,0,1,1,0,0,0,False,False,True,True,False,False,False,False,False,False,"recruiter/TA or opportunity-history signal present, region unresolved",1,13,"  ""n-ix"": {market: GLOBAL_OPPORTUNITY_UNRESOLVED_REGION, category: GLOBAL_OPPORTUNITY}"
Engemon Engenharia & Construção,engemon engenharia & construção,NEEDS_COMPANY_MAPPING,NEEDS_COMPANY_MAPPING,,0.0,True,3,0,0,0,0,0,3,0,0,0,0,False,False,False,False,False,False,False,False,False,False,"no keyword, dictionary, persona, or message signal found — needs manual research",1,13,
FIEMG,fiemg,NEEDS_COMPANY_MAPPING,GLOBAL_OPPORTUNITY,,0.55,True,2,0,0,0,0,0,1,1,0,0,0,False,False,True,True,False,False,False,False,False,False,"recruiter/TA or opportunity-history signal present, region unresolved",1,13,"  ""fiemg"": {market: GLOBAL_OPPORTUNITY_UNRESOLVED_REGION, category: GLOBAL_OPPORTUNITY}"
Rede D'Or São Luiz,rede d'or são luiz,NEEDS_COMPANY_MAPPING,NEEDS_COMPANY_MAPPING,,0.0,True,3,0,0,0,0,0,3,0,0,0,0,False,False,False,False,False,False,False,False,False,False,"no keyword, dictionary, persona, or message signal found — needs manual research",1,13,
Grupo Solução & Cia,grupo solução & cia,NEEDS_COMPANY_MAPPING,GLOBAL_OPPORTUNITY,,0.55,True,2,0,0,0,0,0,1,1,0,0,0,False,False,True,True,False,False,False,False,False,False,"recruiter/TA or opportunity-history signal present, region unresolved",1,13,"  ""grupo solução & cia"": {market: GLOBAL_OPPORTUNITY_UNRESOLVED_REGION, category: GLOBAL_OPPORTUNITY}"
Grupo Multilaser,grupo multilaser,NEEDS_COMPANY_MAPPING,GLOBAL_OPPORTUNITY,,0.55,True,2,0,0,0,0,0,1,1,0,0,0,False,False,True,True,False,False,False,False,False,False,"recruiter/TA or opportunity-history signal present, region unresolved",1,13,"  ""grupo multilaser"": {market: GLOBAL_OPPORTUNITY_UNRESOLVED_REGION, category: GLOBAL_OPPORTUNITY}"
GOL Linhas Aéreas,gol linhas aéreas,NEEDS_COMPANY_MAPPING,NEEDS_COMPANY_MAPPING,,0.0,True,3,0,0,0,0,0,3,0,0,0,0,False,False,False,False,False,False,False,False,False,False,"no keyword, dictionary, persona, or message signal found — needs manual research",1,13,
Jornada de Dados,jornada de dados,NEEDS_COMPANY_MAPPING,GLOBAL_OPPORTUNITY,,0.55,True,2,0,0,0,0,0,1,1,0,0,0,False,False,True,True,False,False,False,False,False,False,"recruiter/TA or opportunity-history signal present, region unresolved",1,13,"  ""jornada de dados"": {market: GLOBAL_OPPORTUNITY_UNRESOLVED_REGION, category: GLOBAL_OPPORTUNITY}"
AA Euro Group,aa euro,NEEDS_COMPANY_MAPPING,NEEDS_COMPANY_MAPPING,,0.0,True,3,0,0,0,0,0,3,0,0,0,0,False,False,False,False,False,False,False,False,False,False,"no keyword, dictionary, persona, or message signal found — needs manual research",1,13,
adaption,adaption,NEEDS_COMPANY_MAPPING,GLOBAL_OPPORTUNITY,,0.55,True,1,0,0,0,0,0,0,1,0,0,0,False,False,True,True,False,False,False,False,False,False,"recruiter/TA or opportunity-history signal present, region unresolved",1,12,"  ""adaption"": {market: GLOBAL_OPPORTUNITY_UNRESOLVED_REGION, category: GLOBAL_OPPORTUNITY}"
&V Recruitment,&v recruitment,NEEDS_COMPANY_MAPPING,GLOBAL_STAFFING,GLOBAL_STAFFING,0.8,True,1,0,0,0,0,0,0,1,0,0,0,False,False,True,True,False,False,False,False,True,False,staffing/recruiting keyword in company name,1,12,"  ""&v recruitment"": {market: GLOBAL_STAFFING, category: GLOBAL_STAFFING}"
WM Gruppe,wm gruppe,NEEDS_COMPANY_MAPPING,GLOBAL_OPPORTUNITY,,0.55,True,1,0,0,0,0,0,0,1,0,0,0,False,False,True,True,False,False,False,False,False,False,"recruiter/TA or opportunity-history signal present, region unresolved",1,12,"  ""wm gruppe"": {market: GLOBAL_OPPORTUNITY_UNRESOLVED_REGION, category: GLOBAL_OPPORTUNITY}"
WirtschaftsTreuhand GmbH,wirtschaftstreuhand,NEEDS_COMPANY_MAPPING,GLOBAL_OPPORTUNITY,,0.55,True,1,0,0,0,0,0,0,1,0,0,0,False,False,True,True,False,False,False,False,False,False,"recruiter/TA or opportunity-history signal present, region unresolved",1,12,"  ""wirtschaftstreuhand gmbh"": {market: GLOBAL_OPPORTUNITY_UNRESOLVED_REGION, category: GLOBAL_OPPORTUNITY}"
BeNEX Akademie GmbH & Co. KG,benex akademie & co,NEEDS_COMPANY_MAPPING,GLOBAL_OPPORTUNITY,,0.55,True,1,0,0,0,0,0,0,1,0,0,0,False,False,True,True,False,False,False,False,False,False,"recruiter/TA or opportunity-history signal present, region unresolved",1,12,"  ""benex akademie gmbh & co. kg"": {market: GLOBAL_OPPORTUNITY_UNRESOLVED_REGION, category: GLOBAL_OPPORTUNITY}"
Wenger & Watson Inc,wenger & watson,NEEDS_COMPANY_MAPPING,GLOBAL_OPPORTUNITY,,0.55,True,1,0,0,0,0,0,0,1,0,0,0,False,False,True,True,False,False,False,False,False,False,"recruiter/TA or opportunity-history signal present, region unresolved",1,12,"  ""wenger & watson inc"": {market: GLOBAL_OPPORTUNITY_UNRESOLVED_REGION, category: GLOBAL_OPPORTUNITY}"
Carreira Z,carreira z,NEEDS_COMPANY_MAPPING,GLOBAL_OPPORTUNITY,,0.55,True,1,0,0,0,0,0,0,1,0,0,0,False,False,True,True,False,False,False,False,False,False,"recruiter/TA or opportunity-history signal present, region unresolved",1,12,"  ""carreira z"": {market: GLOBAL_OPPORTUNITY_UNRESOLVED_REGION, category: GLOBAL_OPPORTUNITY}"
Career Today,career today,NEEDS_COMPANY_MAPPING,GLOBAL_OPPORTUNITY,,0.55,True,1,0,0,0,0,0,0,1,0,0,0,False,False,True,True,False,False,False,False,False,False,"recruiter/TA or opportunity-history signal present, region unresolved",1,12,"  ""career today"": {market: GLOBAL_OPPORTUNITY_UNRESOLVED_REGION, category: GLOBAL_OPPORTUNITY}"
Capua,capua,NEEDS_COMPANY_MAPPING,GLOBAL_OPPORTUNITY,,0.55,True,1,0,0,0,0,0,0,1,0,0,0,False,False,True,True,False,False,False,False,False,False,"recruiter/TA or opportunity-history signal present, region unresolved",1,12,"  ""capua"": {market: GLOBAL_OPPORTUNITY_UNRESOLVED_REGION, category: GLOBAL_OPPORTUNITY}"
Capri Partners,capri partners,NEEDS_COMPANY_MAPPING,GLOBAL_OPPORTUNITY,,0.55,True,1,0,0,0,0,0,0,1,0,0,0,False,False,True,True,False,False,False,False,False,False,"recruiter/TA or opportunity-history signal present, region unresolved",1,12,"  ""capri partners"": {market: GLOBAL_OPPORTUNITY_UNRESOLVED_REGION, category: GLOBAL_OPPORTUNITY}"
capacura,capacura,NEEDS_COMPANY_MAPPING,GLOBAL_OPPORTUNITY,,0.55,True,1,0,0,0,0,0,0,1,0,0,0,False,False,True,True,False,False,False,False,False,False,"recruiter/TA or opportunity-history signal present, region unresolved",1,12,"  ""capacura"": {market: GLOBAL_OPPORTUNITY_UNRESOLVED_REGION, category: GLOBAL_OPPORTUNITY}"
Essent,essent,NEEDS_COMPANY_MAPPING,GLOBAL_OPPORTUNITY,,0.55,True,1,0,0,0,0,0,0,1,0,0,0,False,False,True,True,False,False,False,False,False,False,"recruiter/TA or opportunity-history signal present, region unresolved",1,12,"  ""essent"": {market: GLOBAL_OPPORTUNITY_UNRESOLVED_REGION, category: GLOBAL_OPPORTUNITY}"
Kozijnmakers B.V,kozijnmakers b.v,NEEDS_COMPANY_MAPPING,GLOBAL_OPPORTUNITY,,0.55,True,1,0,0,0,0,0,0,1,0,0,0,False,False,True,True,False,False,False,False,False,False,"recruiter/TA or opportunity-history signal present, region unresolved",1,12,"  ""kozijnmakers b.v"": {market: GLOBAL_OPPORTUNITY_UNRESOLVED_REGION, category: GLOBAL_OPPORTUNITY}"
Atlas NextWave,atlas nextwave,NEEDS_COMPANY_MAPPING,NEEDS_COMPANY_MAPPING,,0.0,True,2,0,0,0,0,0,2,0,0,0,0,False,False,False,False,False,False,False,False,False,False,"no keyword, dictionary, persona, or message signal found — needs manual research",1,12,
Zenklub,zenklub,NEEDS_COMPANY_MAPPING,GLOBAL_OPPORTUNITY,,0.55,True,1,0,0,0,0,0,0,1,0,0,0,False,False,True,True,False,False,False,False,False,False,"recruiter/TA or opportunity-history signal present, region unresolved",1,12,"  ""zenklub"": {market: GLOBAL_OPPORTUNITY_UNRESOLVED_REGION, category: GLOBAL_OPPORTUNITY}"
Zeta Dados,zeta dados,NEEDS_COMPANY_MAPPING,NEEDS_COMPANY_MAPPING,,0.0,True,2,0,0,0,0,0,2,0,0,0,0,False,False,False,False,False,False,False,False,False,False,"no keyword, dictionary, persona, or message signal found — needs manual research",1,12,
"International Talent Leader, Advisor & Business Coach","international talent leader, advisor & business coach",NEEDS_COMPANY_MAPPING,GLOBAL_STAFFING,GLOBAL_STAFFING,0.8,True,1,0,0,0,0,0,0,1,0,0,0,False,False,True,True,False,False,False,False,True,False,staffing/recruiting keyword in company name,1,12,"  ""international talent leader, advisor & business coach"": {market: GLOBAL_STAFFING, category: GLOBAL_STAFFING}"
interpool,interpool,NEEDS_COMPANY_MAPPING,GLOBAL_OPPORTUNITY,,0.55,True,1,0,0,0,0,0,0,1,0,0,0,False,False,True,True,False,False,False,False,False,False,"recruiter/TA or opportunity-history signal present, region unresolved",1,12,"  ""interpool"": {market: GLOBAL_OPPORTUNITY_UNRESOLVED_REGION, category: GLOBAL_OPPORTUNITY}"
IP Soluções em RH,ip soluções em rh,NEEDS_COMPANY_MAPPING,NEEDS_COMPANY_MAPPING,,0.0,True,1,0,0,0,0,0,0,1,0,0,0,False,False,True,False,False,False,False,False,False,False,"no keyword, dictionary, persona, or message signal found — needs manual research",1,12,
Juan Motilla S.L,juan motilla s.l,NEEDS_COMPANY_MAPPING,GLOBAL_OPPORTUNITY,,0.55,True,1,0,0,0,0,0,0,1,0,0,0,False,False,True,True,False,False,False,False,False,False,"recruiter/TA or opportunity-history signal present, region unresolved",1,12,"  ""juan motilla s.l"": {market: GLOBAL_OPPORTUNITY_UNRESOLVED_REGION, category: GLOBAL_OPPORTUNITY}"
Jude's,jude's,NEEDS_COMPANY_MAPPING,NEEDS_COMPANY_MAPPING,,0.0,True,1,0,0,0,0,0,0,1,0,0,0,False,False,True,False,False,False,False,False,False,False,"no keyword, dictionary, persona, or message signal found — needs manual research",1,12,
Keboola,keboola,NEEDS_COMPANY_MAPPING,GLOBAL_OPPORTUNITY,,0.55,True,1,0,0,0,0,0,0,1,0,0,0,False,False,True,True,False,False,False,False,False,False,"recruiter/TA or opportunity-history signal present, region unresolved",1,12,"  ""keboola"": {market: GLOBAL_OPPORTUNITY_UNRESOLVED_REGION, category: GLOBAL_OPPORTUNITY}"
KES - Knowledge Exchange Sessions,kes - knowledge exchange sessions,NEEDS_COMPANY_MAPPING,GLOBAL_OPPORTUNITY,,0.55,True,1,0,0,0,0,0,0,1,0,0,0,False,False,True,True,False,False,False,False,False,False,"recruiter/TA or opportunity-history signal present, region unresolved",1,12,"  ""kes - knowledge exchange sessions"": {market: GLOBAL_OPPORTUNITY_UNRESOLVED_REGION, category: GLOBAL_OPPORTUNITY}"
EPI-USE DACH,epi-use dach,NEEDS_COMPANY_MAPPING,GLOBAL_OPPORTUNITY,,0.55,True,1,0,0,0,0,0,0,1,0,0,0,False,False,True,True,False,False,False,False,False,False,"recruiter/TA or opportunity-history signal present, region unresolved",1,12,"  ""epi-use dach"": {market: GLOBAL_OPPORTUNITY_UNRESOLVED_REGION, category: GLOBAL_OPPORTUNITY}"
Eqib | The Human Factor,eqib | the human factor,NEEDS_COMPANY_MAPPING,GLOBAL_OPPORTUNITY,,0.55,True,1,0,0,0,0,0,0,1,0,0,0,False,False,True,True,False,False,False,False,False,False,"recruiter/TA or opportunity-history signal present, region unresolved",1,12,"  ""eqib | the human factor"": {market: GLOBAL_OPPORTUNITY_UNRESOLVED_REGION, category: GLOBAL_OPPORTUNITY}"
Escavador,escavador,NEEDS_COMPANY_MAPPING,GLOBAL_OPPORTUNITY,,0.55,True,1,0,0,0,0,0,0,1,0,0,0,False,False,True,True,False,False,False,False,False,False,"recruiter/TA or opportunity-history signal present, region unresolved",1,12,"  ""escavador"": {market: GLOBAL_OPPORTUNITY_UNRESOLVED_REGION, category: GLOBAL_OPPORTUNITY}"
addendum Pro,addendum pro,NEEDS_COMPANY_MAPPING,NEEDS_COMPANY_MAPPING,,0.0,True,2,0,0,0,0,0,2,0,0,0,0,False,False,False,False,False,False,False,False,False,False,"no keyword, dictionary, persona, or message signal found — needs manual research",1,12,
Ademicon,ademicon,NEEDS_COMPANY_MAPPING,NEEDS_COMPANY_MAPPING,,0.0,True,2,0,0,0,0,0,2,0,0,0,0,False,False,False,False,False,False,False,False,False,False,"no keyword, dictionary, persona, or message signal found — needs manual research",1,12,
ADMIRAL Group,admiral,NEEDS_COMPANY_MAPPING,GLOBAL_OPPORTUNITY,,0.55,True,1,0,0,0,0,0,0,1,0,0,0,False,False,True,True,False,False,False,False,False,False,"recruiter/TA or opportunity-history signal present, region unresolved",1,12,"  ""admiral group"": {market: GLOBAL_OPPORTUNITY_UNRESOLVED_REGION, category: GLOBAL_OPPORTUNITY}"
Agir,agir,NEEDS_COMPANY_MAPPING,NEEDS_COMPANY_MAPPING,,0.0,True,2,0,0,0,0,0,2,0,0,0,0,False,False,False,False,False,False,False,False,False,False,"no keyword, dictionary, persona, or message signal found — needs manual research",1,12,
Agência FG,agência fg,NEEDS_COMPANY_MAPPING,NEEDS_COMPANY_MAPPING,,0.0,True,2,0,0,0,0,0,2,0,0,0,0,False,False,False,False,False,False,False,False,False,False,"no keyword, dictionary, persona, or message signal found — needs manual research",1,12,
The Citco Group Limited,the citco,NEEDS_COMPANY_MAPPING,GLOBAL_OPPORTUNITY,,0.55,True,1,0,0,0,0,0,0,1,0,0,0,False,False,True,True,False,False,False,False,False,False,"recruiter/TA or opportunity-history signal present, region unresolved",1,12,"  ""the citco group limited"": {market: GLOBAL_OPPORTUNITY_UNRESOLVED_REGION, category: GLOBAL_OPPORTUNITY}"
Globaw Career,globaw career,NEEDS_COMPANY_MAPPING,GLOBAL_OPPORTUNITY,,0.55,True,1,0,0,0,0,0,0,1,0,0,0,False,False,True,True,False,False,False,False,False,False,"recruiter/TA or opportunity-history signal present, region unresolved",1,12,"  ""globaw career"": {market: GLOBAL_OPPORTUNITY_UNRESOLVED_REGION, category: GLOBAL_OPPORTUNITY}"
Go Bigger,go bigger,NEEDS_COMPANY_MAPPING,GLOBAL_OPPORTUNITY,,0.55,True,1,0,0,0,0,0,0,1,0,0,0,False,False,True,True,False,False,False,False,False,False,"recruiter/TA or opportunity-history signal present, region unresolved",1,12,"  ""go bigger"": {market: GLOBAL_OPPORTUNITY_UNRESOLVED_REGION, category: GLOBAL_OPPORTUNITY}"
Fixed,fixed,NEEDS_COMPANY_MAPPING,GLOBAL_OPPORTUNITY,,0.55,True,1,0,0,0,0,0,0,1,0,0,0,False,False,True,True,False,False,False,False,False,False,"recruiter/TA or opportunity-history signal present, region unresolved",1,12,"  ""fixed"": {market: GLOBAL_OPPORTUNITY_UNRESOLVED_REGION, category: GLOBAL_OPPORTUNITY}"
The School Of Conscious Leadership,the school of conscious leadership,NEEDS_COMPANY_MAPPING,GLOBAL_OPPORTUNITY,,0.55,True,1,0,0,0,0,0,0,1,0,0,0,False,False,True,True,False,False,False,False,False,False,"recruiter/TA or opportunity-history signal present, region unresolved",1,12,"  ""the school of conscious leadership"": {market: GLOBAL_OPPORTUNITY_UNRESOLVED_REGION, category: GLOBAL_OPPORTUNITY}"
The University of Manchester,the university of manchester,NEEDS_COMPANY_MAPPING,GLOBAL_OPPORTUNITY,,0.55,True,1,0,0,0,0,0,0,1,0,0,0,False,False,True,True,False,False,False,False,False,False,"recruiter/TA or opportunity-history signal present, region unresolved",1,12,"  ""the university of manchester"": {market: GLOBAL_OPPORTUNITY_UNRESOLVED_REGION, category: GLOBAL_OPPORTUNITY}"
The.NextGen GmbH,the.nextgen,NEEDS_COMPANY_MAPPING,GLOBAL_OPPORTUNITY,,0.55,True,1,0,0,0,0,0,0,1,0,0,0,False,False,True,True,False,False,False,False,False,False,"recruiter/TA or opportunity-history signal present, region unresolved",1,12,"  ""the.nextgen gmbh"": {market: GLOBAL_OPPORTUNITY_UNRESOLVED_REGION, category: GLOBAL_OPPORTUNITY}"
Tiger Resourcing Group,tiger resourcing,NEEDS_COMPANY_MAPPING,GLOBAL_OPPORTUNITY,,0.55,True,1,0,0,0,0,0,0,1,0,0,0,False,False,True,True,False,False,False,False,False,False,"recruiter/TA or opportunity-history signal present, region unresolved",1,12,"  ""tiger resourcing group"": {market: GLOBAL_OPPORTUNITY_UNRESOLVED_REGION, category: GLOBAL_OPPORTUNITY}"
Tikiwe® - Taschen aus Kork,tikiwe® - taschen aus kork,NEEDS_COMPANY_MAPPING,GLOBAL_OPPORTUNITY,,0.55,True,1,0,0,0,0,0,0,1,0,0,0,False,False,True,True,False,False,False,False,False,False,"recruiter/TA or opportunity-history signal present, region unresolved",1,12,"  ""tikiwe® - taschen aus kork"": {market: GLOBAL_OPPORTUNITY_UNRESOLVED_REGION, category: GLOBAL_OPPORTUNITY}"
Torfresma,torfresma,NEEDS_COMPANY_MAPPING,GLOBAL_OPPORTUNITY,,0.55,True,1,0,0,0,0,0,0,1,0,0,0,False,False,True,True,False,False,False,False,False,False,"recruiter/TA or opportunity-history signal present, region unresolved",1,12,"  ""torfresma"": {market: GLOBAL_OPPORTUNITY_UNRESOLVED_REGION, category: GLOBAL_OPPORTUNITY}"
Codexi,codexi,NEEDS_COMPANY_MAPPING,GLOBAL_OPPORTUNITY,,0.55,True,1,0,0,0,0,0,0,1,0,0,0,False,False,True,True,False,False,False,False,False,False,"recruiter/TA or opportunity-history signal present, region unresolved",1,12,"  ""codexi"": {market: GLOBAL_OPPORTUNITY_UNRESOLVED_REGION, category: GLOBAL_OPPORTUNITY}"
Algar Telecom,algar telecom,NEEDS_COMPANY_MAPPING,NEEDS_COMPANY_MAPPING,,0.0,True,2,0,0,0,0,0,2,0,0,0,0,False,False,False,False,False,False,False,False,False,False,"no keyword, dictionary, persona, or message signal found — needs manual research",1,12,
Algo,algo,NEEDS_COMPANY_MAPPING,GLOBAL_OPPORTUNITY,,0.55,True,1,0,0,0,0,0,0,1,0,0,0,False,False,True,True,False,False,False,False,False,False,"recruiter/TA or opportunity-history signal present, region unresolved",1,12,"  ""algo"": {market: GLOBAL_OPPORTUNITY_UNRESOLVED_REGION, category: GLOBAL_OPPORTUNITY}"
Goldstück Personaldienstleistungen,goldstück personaldienstleistungen,NEEDS_COMPANY_MAPPING,GLOBAL_OPPORTUNITY,,0.55,True,1,0,0,0,0,0,0,1,0,0,0,False,False,True,True,False,False,False,False,False,False,"recruiter/TA or opportunity-history signal present, region unresolved",1,12,"  ""goldstück personaldienstleistungen"": {market: GLOBAL_OPPORTUNITY_UNRESOLVED_REGION, category: GLOBAL_OPPORTUNITY}"
Graphic Packaging International,graphic packaging international,NEEDS_COMPANY_MAPPING,GLOBAL_OPPORTUNITY,,0.55,True,1,0,0,0,0,0,0,1,0,0,0,False,False,True,True,False,False,False,False,False,False,"recruiter/TA or opportunity-history signal present, region unresolved",1,12,"  ""graphic packaging international"": {market: GLOBAL_OPPORTUNITY_UNRESOLVED_REGION, category: GLOBAL_OPPORTUNITY}"
Growdev,growdev,NEEDS_COMPANY_MAPPING,NEEDS_COMPANY_MAPPING,,0.0,True,2,0,0,0,0,0,2,0,0,0,0,False,False,False,False,False,False,False,False,False,False,"no keyword, dictionary, persona, or message signal found — needs manual research",1,12,
Algoworks,algoworks,NEEDS_COMPANY_MAPPING,GLOBAL_OPPORTUNITY,,0.55,True,1,0,0,0,0,0,0,1,0,0,0,False,False,True,True,False,False,False,False,False,False,"recruiter/TA or opportunity-history signal present, region unresolved",1,12,"  ""algoworks"": {market: GLOBAL_OPPORTUNITY_UNRESOLVED_REGION, category: GLOBAL_OPPORTUNITY}"
Alianzo,alianzo,NEEDS_COMPANY_MAPPING,NEEDS_COMPANY_MAPPING,,0.0,True,2,0,0,0,0,0,2,0,0,0,0,False,False,False,False,False,False,False,False,False,False,"no keyword, dictionary, persona, or message signal found — needs manual research",1,12,
SysPay,syspay,NEEDS_COMPANY_MAPPING,GLOBAL_OPPORTUNITY,,0.55,True,1,0,0,0,0,0,0,1,0,0,0,False,False,True,True,False,False,False,False,False,False,"recruiter/TA or opportunity-history signal present, region unresolved",1,12,"  ""syspay"": {market: GLOBAL_OPPORTUNITY_UNRESOLVED_REGION, category: GLOBAL_OPPORTUNITY}"
"CLI - Integração, IA, Tax, Dados","cli - integração, ia, tax, dados",NEEDS_COMPANY_MAPPING,GLOBAL_OPPORTUNITY,,0.55,True,1,0,0,0,0,0,0,1,0,0,0,False,False,True,True,False,False,False,False,False,False,"recruiter/TA or opportunity-history signal present, region unresolved",1,12,"  ""cli - integração, ia, tax, dados"": {market: GLOBAL_OPPORTUNITY_UNRESOLVED_REGION, category: GLOBAL_OPPORTUNITY}"
Clicksign,clicksign,NEEDS_COMPANY_MAPPING,NEEDS_COMPANY_MAPPING,,0.0,True,2,0,0,0,0,0,2,0,0,0,0,False,False,False,False,False,False,False,False,False,False,"no keyword, dictionary, persona, or message signal found — needs manual research",1,12,
Target Recrutamento e Seleção,target recrutamento e seleção,NEEDS_COMPANY_MAPPING,GLOBAL_OPPORTUNITY,,0.55,True,1,0,0,0,0,0,0,1,0,0,0,False,False,True,True,False,False,False,False,False,False,"recruiter/TA or opportunity-history signal present, region unresolved",1,12,"  ""target recrutamento e seleção"": {market: GLOBAL_OPPORTUNITY_UNRESOLVED_REGION, category: GLOBAL_OPPORTUNITY}"
Team 1001,team 1001,NEEDS_COMPANY_MAPPING,GLOBAL_OPPORTUNITY,,0.55,True,1,0,0,0,0,0,0,1,0,0,0,False,False,True,True,False,False,False,False,False,False,"recruiter/TA or opportunity-history signal present, region unresolved",1,12,"  ""team 1001"": {market: GLOBAL_OPPORTUNITY_UNRESOLVED_REGION, category: GLOBAL_OPPORTUNITY}"
Conductor,conductor,NEEDS_COMPANY_MAPPING,GLOBAL_OPPORTUNITY,,0.55,True,1,0,0,0,0,0,0,1,0,0,0,False,False,True,True,False,False,False,False,False,False,"recruiter/TA or opportunity-history signal present, region unresolved",1,12,"  ""conductor"": {market: GLOBAL_OPPORTUNITY_UNRESOLVED_REGION, category: GLOBAL_OPPORTUNITY}"
ConectCar,conectcar,NEEDS_COMPANY_MAPPING,GLOBAL_OPPORTUNITY,,0.55,True,1,0,0,0,0,0,0,1,0,0,0,False,False,True,True,False,False,False,False,False,False,"recruiter/TA or opportunity-history signal present, region unresolved",1,12,"  ""conectcar"": {market: GLOBAL_OPPORTUNITY_UNRESOLVED_REGION, category: GLOBAL_OPPORTUNITY}"
SRCon GmbH,srcon,NEEDS_COMPANY_MAPPING,GLOBAL_OPPORTUNITY,,0.55,True,1,0,0,0,0,0,0,1,0,0,0,False,False,True,True,False,False,False,False,False,False,"recruiter/TA or opportunity-history signal present, region unresolved",1,12,"  ""srcon gmbh"": {market: GLOBAL_OPPORTUNITY_UNRESOLVED_REGION, category: GLOBAL_OPPORTUNITY}"
Grupo Bio Holding,grupo bio,NEEDS_COMPANY_MAPPING,NEEDS_COMPANY_MAPPING,,0.0,True,2,0,0,0,0,0,2,0,0,0,0,False,False,False,False,False,False,False,False,False,False,"no keyword, dictionary, persona, or message signal found — needs manual research",1,12,
Grupo AG Capital,grupo capital,NEEDS_COMPANY_MAPPING,NEEDS_COMPANY_MAPPING,,0.0,True,2,0,0,0,0,0,2,0,0,0,0,False,False,False,False,False,False,False,False,False,False,"no keyword, dictionary, persona, or message signal found — needs manual research",1,12,
Grupo Leveros,grupo leveros,NEEDS_COMPANY_MAPPING,GLOBAL_OPPORTUNITY,,0.55,True,1,0,0,0,0,0,0,1,0,0,0,False,False,True,True,False,False,False,False,False,False,"recruiter/TA or opportunity-history signal present, region unresolved",1,12,"  ""grupo leveros"": {market: GLOBAL_OPPORTUNITY_UNRESOLVED_REGION, category: GLOBAL_OPPORTUNITY}"
Stadt Lünen,stadt lünen,NEEDS_COMPANY_MAPPING,GLOBAL_OPPORTUNITY,,0.55,True,1,0,0,0,0,0,0,1,0,0,0,False,False,True,True,False,False,False,False,False,False,"recruiter/TA or opportunity-history signal present, region unresolved",1,12,"  ""stadt lünen"": {market: GLOBAL_OPPORTUNITY_UNRESOLVED_REGION, category: GLOBAL_OPPORTUNITY}"
Studio7,studio7,NEEDS_COMPANY_MAPPING,GLOBAL_OPPORTUNITY,,0.55,True,1,0,0,0,0,0,0,1,0,0,0,False,False,True,True,False,False,False,False,False,False,"recruiter/TA or opportunity-history signal present, region unresolved",1,12,"  ""studio7"": {market: GLOBAL_OPPORTUNITY_UNRESOLVED_REGION, category: GLOBAL_OPPORTUNITY}"
STX Next,stx next,NEEDS_COMPANY_MAPPING,GLOBAL_OPPORTUNITY,,0.55,True,1,0,0,0,0,0,0,1,0,0,0,False,False,True,True,False,False,False,False,False,False,"recruiter/TA or opportunity-history signal present, region unresolved",1,12,"  ""stx next"": {market: GLOBAL_OPPORTUNITY_UNRESOLVED_REGION, category: GLOBAL_OPPORTUNITY}"
SVPM | Mineração Serra Verde,svpm | mineração serra verde,NEEDS_COMPANY_MAPPING,GLOBAL_OPPORTUNITY,,0.55,True,1,0,0,0,0,0,0,1,0,0,0,False,False,True,True,False,False,False,False,False,False,"recruiter/TA or opportunity-history signal present, region unresolved",1,12,"  ""svpm | mineração serra verde"": {market: GLOBAL_OPPORTUNITY_UNRESOLVED_REGION, category: GLOBAL_OPPORTUNITY}"
Brown & McCrow,brown & mccrow,NEEDS_COMPANY_MAPPING,GLOBAL_OPPORTUNITY,,0.55,True,1,0,0,0,0,0,0,1,0,0,0,False,False,True,True,False,False,False,False,False,False,"recruiter/TA or opportunity-history signal present, region unresolved",1,12,"  ""brown & mccrow"": {market: GLOBAL_OPPORTUNITY_UNRESOLVED_REGION, category: GLOBAL_OPPORTUNITY}"
BUTTER. GmbH,butter,NEEDS_COMPANY_MAPPING,GLOBAL_OPPORTUNITY,,0.55,True,1,0,0,0,0,0,0,1,0,0,0,False,False,True,True,False,False,False,False,False,False,"recruiter/TA or opportunity-history signal present, region unresolved",1,12,"  ""butter. gmbh"": {market: GLOBAL_OPPORTUNITY_UNRESOLVED_REGION, category: GLOBAL_OPPORTUNITY}"
C3 Engenharia & Soluções,c3 engenharia & soluções,NEEDS_COMPANY_MAPPING,NEEDS_COMPANY_MAPPING,,0.0,True,2,0,0,0,0,0,2,0,0,0,0,False,False,False,False,False,False,False,False,False,False,"no keyword, dictionary, persona, or message signal found — needs manual research",1,12,
conrizon AG,conrizon,NEEDS_COMPANY_MAPPING,GLOBAL_OPPORTUNITY,,0.55,True,1,0,0,0,0,0,0,1,0,0,0,False,False,True,True,False,False,False,False,False,False,"recruiter/TA or opportunity-history signal present, region unresolved",1,12,"  ""conrizon ag"": {market: GLOBAL_OPPORTUNITY_UNRESOLVED_REGION, category: GLOBAL_OPPORTUNITY}"
Consultório de Psicoterapia,consultório de psicoterapia,NEEDS_COMPANY_MAPPING,GLOBAL_OPPORTUNITY,,0.55,True,1,0,0,0,0,0,0,1,0,0,0,False,False,True,True,False,False,False,False,False,False,"recruiter/TA or opportunity-history signal present, region unresolved",1,12,"  ""consultório de psicoterapia"": {market: GLOBAL_OPPORTUNITY_UNRESOLVED_REGION, category: GLOBAL_OPPORTUNITY}"
contagi,contagi,NEEDS_COMPANY_MAPPING,GLOBAL_OPPORTUNITY,,0.55,True,1,0,0,0,0,0,0,1,0,0,0,False,False,True,True,False,False,False,False,False,False,"recruiter/TA or opportunity-history signal present, region unresolved",1,12,"  ""contagi"": {market: GLOBAL_OPPORTUNITY_UNRESOLVED_REGION, category: GLOBAL_OPPORTUNITY}"
Skalbach GmbH,skalbach,NEEDS_COMPANY_MAPPING,GLOBAL_OPPORTUNITY,,0.55,True,1,0,0,0,0,0,0,1,0,0,0,False,False,True,True,False,False,False,False,False,False,"recruiter/TA or opportunity-history signal present, region unresolved",1,12,"  ""skalbach gmbh"": {market: GLOBAL_OPPORTUNITY_UNRESOLVED_REGION, category: GLOBAL_OPPORTUNITY}"
Banco Promerica Guatemala,banco promerica guatemala,NEEDS_COMPANY_MAPPING,NEEDS_COMPANY_MAPPING,,0.0,True,2,0,0,0,0,0,2,0,0,0,0,False,False,False,False,False,False,False,False,False,False,"no keyword, dictionary, persona, or message signal found — needs manual research",1,12,
Bark.com,bark.com,NEEDS_COMPANY_MAPPING,GLOBAL_OPPORTUNITY,,0.55,True,1,0,0,0,0,0,0,1,0,0,0,False,False,True,True,False,False,False,False,False,False,"recruiter/TA or opportunity-history signal present, region unresolved",1,12,"  ""bark.com"": {market: GLOBAL_OPPORTUNITY_UNRESOLVED_REGION, category: GLOBAL_OPPORTUNITY}"
Smartsheet,smartsheet,NEEDS_COMPANY_MAPPING,GLOBAL_OPPORTUNITY,,0.55,True,1,0,0,0,0,0,0,1,0,0,0,False,False,True,True,False,False,False,False,False,False,"recruiter/TA or opportunity-history signal present, region unresolved",1,12,"  ""smartsheet"": {market: GLOBAL_OPPORTUNITY_UNRESOLVED_REGION, category: GLOBAL_OPPORTUNITY}"
Softonic,softonic,NEEDS_COMPANY_MAPPING,GLOBAL_OPPORTUNITY,,0.55,True,1,0,0,0,0,0,0,1,0,0,0,False,False,True,True,False,False,False,False,False,False,"recruiter/TA or opportunity-history signal present, region unresolved",1,12,"  ""softonic"": {market: GLOBAL_OPPORTUNITY_UNRESOLVED_REGION, category: GLOBAL_OPPORTUNITY}"
Alpargatas S.A,alpargatas,NEEDS_COMPANY_MAPPING,NEEDS_COMPANY_MAPPING,,0.0,True,2,0,0,0,0,0,2,0,0,0,0,False,False,False,False,False,False,False,False,False,False,"no keyword, dictionary, persona, or message signal found — needs manual research",1,12,
SOLVACE,solvace,NEEDS_COMPANY_MAPPING,GLOBAL_OPPORTUNITY,,0.55,True,1,0,0,0,0,0,0,1,0,0,0,False,False,True,True,False,False,False,False,False,False,"recruiter/TA or opportunity-history signal present, region unresolved",1,12,"  ""solvace"": {market: GLOBAL_OPPORTUNITY_UNRESOLVED_REGION, category: GLOBAL_OPPORTUNITY}"
Sotreq S/A,sotreq,NEEDS_COMPANY_MAPPING,NEEDS_COMPANY_MAPPING,,0.0,True,2,0,0,0,0,0,2,0,0,0,0,False,False,False,False,False,False,False,False,False,False,"no keyword, dictionary, persona, or message signal found — needs manual research",1,12,
Sparkasse Hannover,sparkasse hannover,NEEDS_COMPANY_MAPPING,GLOBAL_OPPORTUNITY,,0.55,True,1,0,0,0,0,0,0,1,0,0,0,False,False,True,True,False,False,False,False,False,False,"recruiter/TA or opportunity-history signal present, region unresolved",1,12,"  ""sparkasse hannover"": {market: GLOBAL_OPPORTUNITY_UNRESOLVED_REGION, category: GLOBAL_OPPORTUNITY}"
CoE | Centro de Excelência Votorantim,coe | centro de excelência votorantim,NEEDS_COMPANY_MAPPING,GLOBAL_OPPORTUNITY,,0.55,True,1,0,0,0,0,0,0,1,0,0,0,False,False,True,True,False,False,False,False,False,False,"recruiter/TA or opportunity-history signal present, region unresolved",1,12,"  ""coe | centro de excelência votorantim"": {market: GLOBAL_OPPORTUNITY_UNRESOLVED_REGION, category: GLOBAL_OPPORTUNITY}"
Cona Consultores,cona consultores,NEEDS_COMPANY_MAPPING,GLOBAL_OPPORTUNITY,,0.55,True,1,0,0,0,0,0,0,1,0,0,0,False,False,True,True,False,False,False,False,False,False,"recruiter/TA or opportunity-history signal present, region unresolved",1,12,"  ""cona consultores"": {market: GLOBAL_OPPORTUNITY_UNRESOLVED_REGION, category: GLOBAL_OPPORTUNITY}"
Saleshandy,saleshandy,NEEDS_COMPANY_MAPPING,GLOBAL_OPPORTUNITY,,0.55,True,1,0,0,0,0,0,0,1,0,0,0,False,False,True,True,False,False,False,False,False,False,"recruiter/TA or opportunity-history signal present, region unresolved",1,12,"  ""saleshandy"": {market: GLOBAL_OPPORTUNITY_UNRESOLVED_REGION, category: GLOBAL_OPPORTUNITY}"
SalesStar Recruitment Mx,salesstar recruitment mx,NEEDS_COMPANY_MAPPING,GLOBAL_STAFFING,GLOBAL_STAFFING,0.8,True,1,0,0,0,0,0,0,1,0,0,0,False,False,True,True,False,False,False,False,True,False,staffing/recruiting keyword in company name,1,12,"  ""salesstar recruitment mx"": {market: GLOBAL_STAFFING, category: GLOBAL_STAFFING}"
SBB CFF FFS,sbb cff ffs,NEEDS_COMPANY_MAPPING,GLOBAL_OPPORTUNITY,,0.55,True,1,0,0,0,0,0,0,1,0,0,0,False,False,True,True,False,False,False,False,False,False,"recruiter/TA or opportunity-history signal present, region unresolved",1,12,"  ""sbb cff ffs"": {market: GLOBAL_OPPORTUNITY_UNRESOLVED_REGION, category: GLOBAL_OPPORTUNITY}"
Scheer Group,scheer,NEEDS_COMPANY_MAPPING,GLOBAL_OPPORTUNITY,,0.55,True,1,0,0,0,0,0,0,1,0,0,0,False,False,True,True,False,False,False,False,False,False,"recruiter/TA or opportunity-history signal present, region unresolved",1,12,"  ""scheer group"": {market: GLOBAL_OPPORTUNITY_UNRESOLVED_REGION, category: GLOBAL_OPPORTUNITY}"
COREX Logistics,corex logistics,NEEDS_COMPANY_MAPPING,GLOBAL_OPPORTUNITY,,0.55,True,1,0,0,0,0,0,0,1,0,0,0,False,False,True,True,False,False,False,False,False,False,"recruiter/TA or opportunity-history signal present, region unresolved",1,12,"  ""corex logistics"": {market: GLOBAL_OPPORTUNITY_UNRESOLVED_REGION, category: GLOBAL_OPPORTUNITY}"
Grupo QuintoAndar,grupo quintoandar,NEEDS_COMPANY_MAPPING,GLOBAL_OPPORTUNITY,,0.55,True,1,0,0,0,0,0,0,1,0,0,0,False,False,True,True,False,False,False,False,False,False,"recruiter/TA or opportunity-history signal present, region unresolved",1,12,"  ""grupo quintoandar"": {market: GLOBAL_OPPORTUNITY_UNRESOLVED_REGION, category: GLOBAL_OPPORTUNITY}"
Amigo Cuida,amigo cuida,NEEDS_COMPANY_MAPPING,GLOBAL_OPPORTUNITY,,0.55,True,1,0,0,0,0,0,0,1,0,0,0,False,False,True,True,False,False,False,False,False,False,"recruiter/TA or opportunity-history signal present, region unresolved",1,12,"  ""amigo cuida"": {market: GLOBAL_OPPORTUNITY_UNRESOLVED_REGION, category: GLOBAL_OPPORTUNITY}"
SCP SINTERSA,scp sintersa,NEEDS_COMPANY_MAPPING,GLOBAL_OPPORTUNITY,,0.55,True,1,0,0,0,0,0,0,1,0,0,0,False,False,True,True,False,False,False,False,False,False,"recruiter/TA or opportunity-history signal present, region unresolved",1,12,"  ""scp sintersa"": {market: GLOBAL_OPPORTUNITY_UNRESOLVED_REGION, category: GLOBAL_OPPORTUNITY}"
SEK Security Ecosystem Knowledge,sek security ecosystem knowledge,NEEDS_COMPANY_MAPPING,GLOBAL_OPPORTUNITY,,0.55,True,1,0,0,0,0,0,0,1,0,0,0,False,False,True,True,False,False,False,False,False,False,"recruiter/TA or opportunity-history signal present, region unresolved",1,12,"  ""sek security ecosystem knowledge"": {market: GLOBAL_OPPORTUNITY_UNRESOLVED_REGION, category: GLOBAL_OPPORTUNITY}"
Serena,serena,NEEDS_COMPANY_MAPPING,NEEDS_COMPANY_MAPPING,,0.0,True,2,0,0,0,0,0,2,0,0,0,0,False,False,False,False,False,False,False,False,False,False,"no keyword, dictionary, persona, or message signal found — needs manual research",1,12,
SET University,set university,NEEDS_COMPANY_MAPPING,GLOBAL_OPPORTUNITY,,0.55,True,1,0,0,0,0,0,0,1,0,0,0,False,False,True,True,False,False,False,False,False,False,"recruiter/TA or opportunity-history signal present, region unresolved",1,12,"  ""set university"": {market: GLOBAL_OPPORTUNITY_UNRESOLVED_REGION, category: GLOBAL_OPPORTUNITY}"
Shape,shape,NEEDS_COMPANY_MAPPING,NEEDS_COMPANY_MAPPING,,0.0,True,2,0,0,0,0,0,2,0,0,0,0,False,False,False,False,False,False,False,False,False,False,"no keyword, dictionary, persona, or message signal found — needs manual research",1,12,
Sitel Panamá,sitel panamá,NEEDS_COMPANY_MAPPING,GLOBAL_OPPORTUNITY,,0.55,True,1,0,0,0,0,0,0,1,0,0,1,False,False,True,True,False,False,False,False,False,False,"recruiter/TA or opportunity-history signal present, region unresolved",1,12,"  ""sitel panamá"": {market: GLOBAL_OPPORTUNITY_UNRESOLVED_REGION, category: GLOBAL_OPPORTUNITY}"
CONEXIONHR - Recruiting Company,conexionhr - recruiting company,NEEDS_COMPANY_MAPPING,GLOBAL_STAFFING,GLOBAL_STAFFING,0.8,True,1,0,0,0,0,0,0,1,0,0,0,False,False,True,True,False,False,False,False,True,False,staffing/recruiting keyword in company name,1,12,"  ""conexionhr - recruiting company"": {market: GLOBAL_STAFFING, category: GLOBAL_STAFFING}"
Reed Recruitment Malta,reed recruitment malta,NEEDS_COMPANY_MAPPING,GLOBAL_STAFFING,GLOBAL_STAFFING,0.8,True,1,0,0,0,0,0,0,1,0,0,0,False,False,True,True,False,False,False,False,True,False,staffing/recruiting keyword in company name,1,12,"  ""reed recruitment malta"": {market: GLOBAL_STAFFING, category: GLOBAL_STAFFING}"
Resend,resend,NEEDS_COMPANY_MAPPING,NEEDS_COMPANY_MAPPING,,0.0,True,2,0,0,0,0,0,2,0,0,0,0,False,False,False,False,False,False,False,False,False,False,"no keyword, dictionary, persona, or message signal found — needs manual research",1,12,
Circo Kroner,circo kroner,NEEDS_COMPANY_MAPPING,GLOBAL_OPPORTUNITY,,0.55,True,1,0,0,0,0,0,0,1,0,0,0,False,False,True,True,False,False,False,False,False,False,"recruiter/TA or opportunity-history signal present, region unresolved",1,12,"  ""circo kroner"": {market: GLOBAL_OPPORTUNITY_UNRESOLVED_REGION, category: GLOBAL_OPPORTUNITY}"
Tredence Inc,tredence,NEEDS_COMPANY_MAPPING,GLOBAL_OPPORTUNITY,,0.55,True,1,0,0,0,0,0,0,1,0,0,0,False,False,True,True,False,False,False,False,False,False,"recruiter/TA or opportunity-history signal present, region unresolved",1,12,"  ""tredence inc"": {market: GLOBAL_OPPORTUNITY_UNRESOLVED_REGION, category: GLOBAL_OPPORTUNITY}"
TREND-IT,trend-it,NEEDS_COMPANY_MAPPING,GLOBAL_OPPORTUNITY,,0.55,True,1,0,0,0,0,0,0,1,0,0,0,False,False,True,True,False,False,False,False,False,False,"recruiter/TA or opportunity-history signal present, region unresolved",1,12,"  ""trend-it"": {market: GLOBAL_OPPORTUNITY_UNRESOLVED_REGION, category: GLOBAL_OPPORTUNITY}"
Turn2C Consórcio Inteligente,turn2c consórcio inteligente,NEEDS_COMPANY_MAPPING,GLOBAL_OPPORTUNITY,,0.55,True,1,0,0,0,0,0,0,1,0,0,0,False,False,True,True,False,False,False,False,False,False,"recruiter/TA or opportunity-history signal present, region unresolved",1,12,"  ""turn2c consórcio inteligente"": {market: GLOBAL_OPPORTUNITY_UNRESOLVED_REGION, category: GLOBAL_OPPORTUNITY}"
tweeaconnect,tweeaconnect,NEEDS_COMPANY_MAPPING,GLOBAL_OPPORTUNITY,,0.55,True,1,0,0,0,0,0,0,1,0,0,0,False,False,True,True,False,False,False,False,False,False,"recruiter/TA or opportunity-history signal present, region unresolved",1,12,"  ""tweeaconnect"": {market: GLOBAL_OPPORTUNITY_UNRESOLVED_REGION, category: GLOBAL_OPPORTUNITY}"
Getecsa,getecsa,NEEDS_COMPANY_MAPPING,NEEDS_COMPANY_MAPPING,,0.0,True,1,0,0,0,0,0,0,1,0,0,0,False,False,True,False,False,False,False,False,False,False,"no keyword, dictionary, persona, or message signal found — needs manual research",1,12,
Unite Talent,unite talent,NEEDS_COMPANY_MAPPING,GLOBAL_STAFFING,GLOBAL_STAFFING,0.8,True,1,0,0,0,0,0,0,1,0,0,0,False,False,True,True,False,False,False,False,True,False,staffing/recruiting keyword in company name,1,12,"  ""unite talent"": {market: GLOBAL_STAFFING, category: GLOBAL_STAFFING}"
UNITED MACHINING,united machining,NEEDS_COMPANY_MAPPING,GLOBAL_OPPORTUNITY,,0.55,True,1,0,0,0,0,0,0,1,0,0,0,False,False,True,True,False,False,False,False,False,False,"recruiter/TA or opportunity-history signal present, region unresolved",1,12,"  ""united machining"": {market: GLOBAL_OPPORTUNITY_UNRESOLVED_REGION, category: GLOBAL_OPPORTUNITY}"
univativ GmbH,univativ,NEEDS_COMPANY_MAPPING,GLOBAL_OPPORTUNITY,,0.55,True,1,0,0,0,0,0,0,1,0,0,0,False,False,True,True,False,False,False,False,False,False,"recruiter/TA or opportunity-history signal present, region unresolved",1,12,"  ""univativ gmbh"": {market: GLOBAL_OPPORTUNITY_UNRESOLVED_REGION, category: GLOBAL_OPPORTUNITY}"
CESAR School,cesar school,NEEDS_COMPANY_MAPPING,GLOBAL_OPPORTUNITY,,0.55,True,1,0,0,0,0,0,0,1,0,0,0,False,False,True,True,False,False,False,False,False,False,"recruiter/TA or opportunity-history signal present, region unresolved",1,12,"  ""cesar school"": {market: GLOBAL_OPPORTUNITY_UNRESOLVED_REGION, category: GLOBAL_OPPORTUNITY}"
UNODC,unodc,NEEDS_COMPANY_MAPPING,GLOBAL_OPPORTUNITY,,0.55,True,1,0,0,0,0,0,0,1,0,0,1,False,False,True,True,False,False,False,False,False,False,"recruiter/TA or opportunity-history signal present, region unresolved",1,12,"  ""unodc"": {market: GLOBAL_OPPORTUNITY_UNRESOLVED_REGION, category: GLOBAL_OPPORTUNITY}"
Valense,valense,NEEDS_COMPANY_MAPPING,GLOBAL_OPPORTUNITY,,0.55,True,1,0,0,0,0,0,0,1,0,0,0,False,False,True,True,False,False,False,False,False,False,"recruiter/TA or opportunity-history signal present, region unresolved",1,12,"  ""valense"": {market: GLOBAL_OPPORTUNITY_UNRESOLVED_REGION, category: GLOBAL_OPPORTUNITY}"
Valor Real Empreendimentos,valor real empreendimentos,NEEDS_COMPANY_MAPPING,NEEDS_COMPANY_MAPPING,,0.0,True,2,0,0,0,0,0,2,0,0,0,0,False,False,False,False,False,False,False,False,False,False,"no keyword, dictionary, persona, or message signal found — needs manual research",1,12,
Tecnocomp Tecnologia e Serviços,tecnocomp tecnologia e serviços,NEEDS_COMPANY_MAPPING,GLOBAL_OPPORTUNITY,,0.55,True,1,0,0,0,0,0,0,1,0,0,0,False,False,True,True,False,False,False,False,False,False,"recruiter/TA or opportunity-history signal present, region unresolved",1,12,"  ""tecnocomp tecnologia e serviços"": {market: GLOBAL_OPPORTUNITY_UNRESOLVED_REGION, category: GLOBAL_OPPORTUNITY}"
AEP Talento,aep talento,NEEDS_COMPANY_MAPPING,GLOBAL_OPPORTUNITY,,0.55,True,1,0,0,0,0,0,0,1,0,0,0,False,False,True,True,False,False,False,False,False,False,"recruiter/TA or opportunity-history signal present, region unresolved",1,12,"  ""aep talento"": {market: GLOBAL_OPPORTUNITY_UNRESOLVED_REGION, category: GLOBAL_OPPORTUNITY}"
Afriam International,afriam international,NEEDS_COMPANY_MAPPING,GLOBAL_OPPORTUNITY,,0.55,True,1,0,0,0,0,0,0,1,0,0,0,False,False,True,True,False,False,False,False,False,False,"recruiter/TA or opportunity-history signal present, region unresolved",1,12,"  ""afriam international"": {market: GLOBAL_OPPORTUNITY_UNRESOLVED_REGION, category: GLOBAL_OPPORTUNITY}"
Reward Gateway,reward gateway,NEEDS_COMPANY_MAPPING,GLOBAL_OPPORTUNITY,,0.55,True,1,0,0,0,0,0,0,1,0,0,0,False,False,True,True,False,False,False,False,False,False,"recruiter/TA or opportunity-history signal present, region unresolved",1,12,"  ""reward gateway"": {market: GLOBAL_OPPORTUNITY_UNRESOLVED_REGION, category: GLOBAL_OPPORTUNITY}"
RHGestor By Sólides,rhgestor by sólides,NEEDS_COMPANY_MAPPING,NEEDS_COMPANY_MAPPING,,0.0,True,2,0,0,0,0,0,2,0,0,0,0,False,False,False,False,False,False,False,False,False,False,"no keyword, dictionary, persona, or message signal found — needs manual research",1,12,
Guidance Soluções,guidance soluções,NEEDS_COMPANY_MAPPING,GLOBAL_OPPORTUNITY,,0.55,True,1,0,0,0,0,0,0,1,0,0,0,False,False,True,True,False,False,False,False,False,False,"recruiter/TA or opportunity-history signal present, region unresolved",1,12,"  ""guidance soluções"": {market: GLOBAL_OPPORTUNITY_UNRESOLVED_REGION, category: GLOBAL_OPPORTUNITY}"
Gummy Original,gummy original,NEEDS_COMPANY_MAPPING,NEEDS_COMPANY_MAPPING,,0.0,True,2,0,0,0,0,0,2,0,0,0,0,False,False,False,False,False,False,False,False,False,False,"no keyword, dictionary, persona, or message signal found — needs manual research",1,12,
cuBec,cubec,NEEDS_COMPANY_MAPPING,GLOBAL_OPPORTUNITY,,0.55,True,1,0,0,0,0,0,0,1,0,0,0,False,False,True,True,False,False,False,False,False,False,"recruiter/TA or opportunity-history signal present, region unresolved",1,12,"  ""cubec"": {market: GLOBAL_OPPORTUNITY_UNRESOLVED_REGION, category: GLOBAL_OPPORTUNITY}"
Círculo CRM,círculo crm,NEEDS_COMPANY_MAPPING,GLOBAL_OPPORTUNITY,,0.55,True,1,0,0,0,0,0,0,1,0,0,0,False,False,True,True,False,False,False,False,False,False,"recruiter/TA or opportunity-history signal present, region unresolved",1,12,"  ""círculo crm"": {market: GLOBAL_OPPORTUNITY_UNRESOLVED_REGION, category: GLOBAL_OPPORTUNITY}"
Dadosfera,dadosfera,NEEDS_COMPANY_MAPPING,NEEDS_COMPANY_MAPPING,,0.0,True,2,0,0,0,0,0,2,0,0,0,0,False,False,False,False,False,False,False,False,False,False,"no keyword, dictionary, persona, or message signal found — needs manual research",1,12,
Dadoteca,dadoteca,NEEDS_COMPANY_MAPPING,NEEDS_COMPANY_MAPPING,,0.0,True,2,0,0,0,0,0,2,0,0,0,0,False,False,False,False,False,False,False,False,False,False,"no keyword, dictionary, persona, or message signal found — needs manual research",1,12,
Daki,daki,NEEDS_COMPANY_MAPPING,NEEDS_COMPANY_MAPPING,,0.0,True,2,0,0,0,0,0,2,0,0,0,0,False,False,False,False,False,False,False,False,False,False,"no keyword, dictionary, persona, or message signal found — needs manual research",1,12,
Dall Energy,dall energy,NEEDS_COMPANY_MAPPING,GLOBAL_OPPORTUNITY,,0.55,True,1,0,0,0,0,0,0,1,0,0,0,False,False,True,True,False,False,False,False,False,False,"recruiter/TA or opportunity-history signal present, region unresolved",1,12,"  ""dall energy"": {market: GLOBAL_OPPORTUNITY_UNRESOLVED_REGION, category: GLOBAL_OPPORTUNITY}"
RTE Rodonaves,rte rodonaves,NEEDS_COMPANY_MAPPING,GLOBAL_OPPORTUNITY,,0.55,True,1,0,0,0,0,0,0,1,0,0,0,False,False,True,True,False,False,False,False,False,False,"recruiter/TA or opportunity-history signal present, region unresolved",1,12,"  ""rte rodonaves"": {market: GLOBAL_OPPORTUNITY_UNRESOLVED_REGION, category: GLOBAL_OPPORTUNITY}"
QPC Engenharia,qpc engenharia,NEEDS_COMPANY_MAPPING,NEEDS_COMPANY_MAPPING,,0.0,True,2,0,0,0,0,0,2,0,0,0,0,False,False,False,False,False,False,False,False,False,False,"no keyword, dictionary, persona, or message signal found — needs manual research",1,12,
Qualitas Electronics Ltd,qualitas electronics,NEEDS_COMPANY_MAPPING,GLOBAL_OPPORTUNITY,,0.55,True,1,0,0,0,0,0,0,1,0,0,0,False,False,True,True,False,False,False,False,False,False,"recruiter/TA or opportunity-history signal present, region unresolved",1,12,"  ""qualitas electronics ltd"": {market: GLOBAL_OPPORTUNITY_UNRESOLVED_REGION, category: GLOBAL_OPPORTUNITY}"
AppNation,appnation,NEEDS_COMPANY_MAPPING,GLOBAL_OPPORTUNITY,,0.55,True,1,0,0,0,0,0,0,1,0,0,0,False,False,True,True,False,False,False,False,False,False,"recruiter/TA or opportunity-history signal present, region unresolved",1,12,"  ""appnation"": {market: GLOBAL_OPPORTUNITY_UNRESOLVED_REGION, category: GLOBAL_OPPORTUNITY}"
Health3A,health3a,NEEDS_COMPANY_MAPPING,GLOBAL_OPPORTUNITY,,0.55,True,1,0,0,0,0,0,0,1,0,0,0,False,False,True,True,False,False,False,False,False,False,"recruiter/TA or opportunity-history signal present, region unresolved",1,12,"  ""health3a"": {market: GLOBAL_OPPORTUNITY_UNRESOLVED_REGION, category: GLOBAL_OPPORTUNITY}"
HealthBit | Inteligência em Saúde,healthbit | inteligência em saúde,NEEDS_COMPANY_MAPPING,NEEDS_COMPANY_MAPPING,,0.0,True,2,0,0,0,0,0,2,0,0,0,0,False,False,False,False,False,False,False,False,False,False,"no keyword, dictionary, persona, or message signal found — needs manual research",1,12,
HEMES,hemes,NEEDS_COMPANY_MAPPING,GLOBAL_OPPORTUNITY,,0.55,True,1,0,0,0,0,0,0,1,0,0,0,False,False,True,True,False,False,False,False,False,False,"recruiter/TA or opportunity-history signal present, region unresolved",1,12,"  ""hemes"": {market: GLOBAL_OPPORTUNITY_UNRESOLVED_REGION, category: GLOBAL_OPPORTUNITY}"
Hero,hero,NEEDS_COMPANY_MAPPING,GLOBAL_OPPORTUNITY,,0.55,True,1,0,0,0,0,0,0,1,0,0,0,False,False,True,True,False,False,False,False,False,False,"recruiter/TA or opportunity-history signal present, region unresolved",1,12,"  ""hero"": {market: GLOBAL_OPPORTUNITY_UNRESOLVED_REGION, category: GLOBAL_OPPORTUNITY}"
Hibernian Recruitment GmbH,hibernian recruitment,NEEDS_COMPANY_MAPPING,GLOBAL_STAFFING,GLOBAL_STAFFING,0.8,True,1,0,0,0,0,0,0,1,0,0,0,False,False,True,False,False,False,False,False,True,False,staffing/recruiting keyword in company name,1,12,"  ""hibernian recruitment gmbh"": {market: GLOBAL_STAFFING, category: GLOBAL_STAFFING}"
HiBob,hibob,NEEDS_COMPANY_MAPPING,GLOBAL_OPPORTUNITY,,0.55,True,1,0,0,0,0,0,0,1,0,0,0,False,False,True,True,False,False,False,False,False,False,"recruiter/TA or opportunity-history signal present, region unresolved",1,12,"  ""hibob"": {market: GLOBAL_OPPORTUNITY_UNRESOLVED_REGION, category: GLOBAL_OPPORTUNITY}"
Bouwhuysch,bouwhuysch,NEEDS_COMPANY_MAPPING,GLOBAL_OPPORTUNITY,,0.55,True,1,0,0,0,0,0,0,1,0,0,0,False,False,True,True,False,False,False,False,False,False,"recruiter/TA or opportunity-history signal present, region unresolved",1,12,"  ""bouwhuysch"": {market: GLOBAL_OPPORTUNITY_UNRESOLVED_REGION, category: GLOBAL_OPPORTUNITY}"
Bridge & Co,bridge & co,NEEDS_COMPANY_MAPPING,NEEDS_COMPANY_MAPPING,,0.0,True,2,0,0,0,0,0,2,0,0,0,0,False,False,False,False,False,False,False,False,False,False,"no keyword, dictionary, persona, or message signal found — needs manual research",1,12,
Bridgenext,bridgenext,NEEDS_COMPANY_MAPPING,GLOBAL_OPPORTUNITY,,0.55,True,1,0,0,0,0,0,0,1,0,0,0,False,False,True,True,False,False,False,False,False,False,"recruiter/TA or opportunity-history signal present, region unresolved",1,12,"  ""bridgenext"": {market: GLOBAL_OPPORTUNITY_UNRESOLVED_REGION, category: GLOBAL_OPPORTUNITY}"
Darwin Insurance,darwin insurance,NEEDS_COMPANY_MAPPING,GLOBAL_OPPORTUNITY,,0.55,True,1,0,0,0,0,0,0,1,0,0,0,False,False,True,True,False,False,False,False,False,False,"recruiter/TA or opportunity-history signal present, region unresolved",1,12,"  ""darwin insurance"": {market: GLOBAL_OPPORTUNITY_UNRESOLVED_REGION, category: GLOBAL_OPPORTUNITY}"
Rec2IT,rec2it,NEEDS_COMPANY_MAPPING,GLOBAL_OPPORTUNITY,,0.55,True,1,0,0,0,0,0,0,1,0,0,0,False,False,True,True,False,False,False,False,False,False,"recruiter/TA or opportunity-history signal present, region unresolved",1,12,"  ""rec2it"": {market: GLOBAL_OPPORTUNITY_UNRESOLVED_REGION, category: GLOBAL_OPPORTUNITY}"
Postbeamtenkrankenkasse,postbeamtenkrankenkasse,NEEDS_COMPANY_MAPPING,GLOBAL_OPPORTUNITY,,0.55,True,1,0,0,0,0,0,0,1,0,0,0,False,False,True,True,False,False,False,False,False,False,"recruiter/TA or opportunity-history signal present, region unresolved",1,12,"  ""postbeamtenkrankenkasse"": {market: GLOBAL_OPPORTUNITY_UNRESOLVED_REGION, category: GLOBAL_OPPORTUNITY}"
PragetX,pragetx,NEEDS_COMPANY_MAPPING,GLOBAL_OPPORTUNITY,,0.55,True,1,0,0,0,0,0,0,1,0,0,0,False,False,True,True,False,False,False,False,False,False,"recruiter/TA or opportunity-history signal present, region unresolved",1,12,"  ""pragetx"": {market: GLOBAL_OPPORTUNITY_UNRESOLVED_REGION, category: GLOBAL_OPPORTUNITY}"
praktischArzt & Medi-Karriere – pA Medien GmbH,praktischarzt & medi-karriere – pa medien,NEEDS_COMPANY_MAPPING,GLOBAL_OPPORTUNITY,,0.55,True,1,0,0,0,0,0,0,1,0,0,0,False,False,True,True,False,False,False,False,False,False,"recruiter/TA or opportunity-history signal present, region unresolved",1,12,"  ""praktischarzt & medi-karriere – pa medien gmbh"": {market: GLOBAL_OPPORTUNITY_UNRESOLVED_REGION, category: GLOBAL_OPPORTUNITY}"
prismat GmbH,prismat,NEEDS_COMPANY_MAPPING,GLOBAL_OPPORTUNITY,,0.55,True,1,0,0,0,0,0,0,1,0,0,0,False,False,True,True,False,False,False,False,False,False,"recruiter/TA or opportunity-history signal present, region unresolved",1,12,"  ""prismat gmbh"": {market: GLOBAL_OPPORTUNITY_UNRESOLVED_REGION, category: GLOBAL_OPPORTUNITY}"
Faculdade de Tecnologia de Americana,faculdade de tecnologia de americana,NEEDS_COMPANY_MAPPING,GLOBAL_OPPORTUNITY,,0.55,True,1,0,0,0,0,0,0,1,0,0,0,False,False,True,True,False,False,False,False,False,False,"recruiter/TA or opportunity-history signal present, region unresolved",1,12,"  ""faculdade de tecnologia de americana"": {market: GLOBAL_OPPORTUNITY_UNRESOLVED_REGION, category: GLOBAL_OPPORTUNITY}"
Familhão,familhão,NEEDS_COMPANY_MAPPING,NEEDS_COMPANY_MAPPING,,0.0,True,2,0,0,0,0,0,2,0,0,0,0,False,False,False,False,False,False,False,False,False,False,"no keyword, dictionary, persona, or message signal found — needs manual research",1,12,
Hire International,hire international,NEEDS_COMPANY_MAPPING,GLOBAL_OPPORTUNITY,,0.55,True,1,0,0,0,0,0,0,1,0,0,0,False,False,True,True,False,False,False,False,False,False,"recruiter/TA or opportunity-history signal present, region unresolved",1,12,"  ""hire international"": {market: GLOBAL_OPPORTUNITY_UNRESOLVED_REGION, category: GLOBAL_OPPORTUNITY}"
Datlo,datlo,NEEDS_COMPANY_MAPPING,NEEDS_COMPANY_MAPPING,,0.0,True,2,0,0,0,0,0,2,0,0,0,0,False,False,False,False,False,False,False,False,False,False,"no keyword, dictionary, persona, or message signal found — needs manual research",1,12,
DB Systel GmbH,db systel,NEEDS_COMPANY_MAPPING,GLOBAL_OPPORTUNITY,,0.55,True,1,0,0,0,0,0,0,1,0,0,0,False,False,True,True,False,False,False,False,False,False,"recruiter/TA or opportunity-history signal present, region unresolved",1,12,"  ""db systel gmbh"": {market: GLOBAL_OPPORTUNITY_UNRESOLVED_REGION, category: GLOBAL_OPPORTUNITY}"
DC Beauty Cosmetics,dc beauty cosmetics,NEEDS_COMPANY_MAPPING,GLOBAL_OPPORTUNITY,,0.55,True,1,0,0,0,0,0,0,1,0,0,0,False,False,True,True,False,False,False,False,False,False,"recruiter/TA or opportunity-history signal present, region unresolved",1,12,"  ""dc beauty cosmetics"": {market: GLOBAL_OPPORTUNITY_UNRESOLVED_REGION, category: GLOBAL_OPPORTUNITY}"
DC Engineers B.V,dc engineers b.v,NEEDS_COMPANY_MAPPING,GLOBAL_OPPORTUNITY,,0.55,True,1,0,0,0,0,0,0,1,0,0,0,False,False,True,True,False,False,False,False,False,False,"recruiter/TA or opportunity-history signal present, region unresolved",1,12,"  ""dc engineers b.v"": {market: GLOBAL_OPPORTUNITY_UNRESOLVED_REGION, category: GLOBAL_OPPORTUNITY}"
Professor Particular,professor particular,NEEDS_COMPANY_MAPPING,GLOBAL_OPPORTUNITY,,0.55,True,1,0,0,0,0,0,0,1,0,0,0,False,False,True,True,False,False,False,False,False,False,"recruiter/TA or opportunity-history signal present, region unresolved",1,12,"  ""professor particular"": {market: GLOBAL_OPPORTUNITY_UNRESOLVED_REGION, category: GLOBAL_OPPORTUNITY}"
Projjetta Tecnologia em Dados,projjetta tecnologia em dados,NEEDS_COMPANY_MAPPING,GLOBAL_OPPORTUNITY,,0.55,True,1,0,0,0,0,0,0,1,0,0,0,False,False,True,True,False,False,False,False,False,False,"recruiter/TA or opportunity-history signal present, region unresolved",1,12,"  ""projjetta tecnologia em dados"": {market: GLOBAL_OPPORTUNITY_UNRESOLVED_REGION, category: GLOBAL_OPPORTUNITY}"
Proxity,proxity,NEEDS_COMPANY_MAPPING,GLOBAL_OPPORTUNITY,,0.55,True,1,0,0,0,0,0,0,1,0,0,0,False,False,True,True,False,False,False,False,False,False,"recruiter/TA or opportunity-history signal present, region unresolved",1,12,"  ""proxity"": {market: GLOBAL_OPPORTUNITY_UNRESOLVED_REGION, category: GLOBAL_OPPORTUNITY}"
"PSA Sines, S.A",psa sines,NEEDS_COMPANY_MAPPING,GLOBAL_OPPORTUNITY,,0.55,True,1,0,0,0,0,0,0,1,0,0,0,False,False,True,True,False,False,False,False,False,False,"recruiter/TA or opportunity-history signal present, region unresolved",1,12,"  ""psa sines, s.a"": {market: GLOBAL_OPPORTUNITY_UNRESOLVED_REGION, category: GLOBAL_OPPORTUNITY}"
Performa_IT,performa_it,NEEDS_COMPANY_MAPPING,GLOBAL_OPPORTUNITY,,0.55,True,1,0,0,0,0,0,0,1,0,0,0,False,False,True,True,False,False,False,False,False,False,"recruiter/TA or opportunity-history signal present, region unresolved",1,12,"  ""performa_it"": {market: GLOBAL_OPPORTUNITY_UNRESOLVED_REGION, category: GLOBAL_OPPORTUNITY}"
PersonalGlobal,personalglobal,NEEDS_COMPANY_MAPPING,GLOBAL_OPPORTUNITY,,0.55,True,1,0,0,0,0,0,0,1,0,0,0,False,False,True,True,False,False,False,False,False,False,"recruiter/TA or opportunity-history signal present, region unresolved",1,12,"  ""personalglobal"": {market: GLOBAL_OPPORTUNITY_UNRESOLVED_REGION, category: GLOBAL_OPPORTUNITY}"
Personalhaus Gruppe,personalhaus gruppe,NEEDS_COMPANY_MAPPING,GLOBAL_OPPORTUNITY,,0.55,True,1,0,0,0,0,0,0,1,0,0,0,False,False,True,True,False,False,False,False,False,False,"recruiter/TA or opportunity-history signal present, region unresolved",1,12,"  ""personalhaus gruppe"": {market: GLOBAL_OPPORTUNITY_UNRESOLVED_REGION, category: GLOBAL_OPPORTUNITY}"
Pipol | Recrutamento Industrial,pipol | recrutamento industrial,NEEDS_COMPANY_MAPPING,GLOBAL_OPPORTUNITY,,0.55,True,1,0,0,0,0,0,0,1,0,0,0,False,False,True,True,False,False,False,False,False,False,"recruiter/TA or opportunity-history signal present, region unresolved",1,12,"  ""pipol | recrutamento industrial"": {market: GLOBAL_OPPORTUNITY_UNRESOLVED_REGION, category: GLOBAL_OPPORTUNITY}"
Banco PAN,banco pan,NEEDS_COMPANY_MAPPING,NEEDS_COMPANY_MAPPING,,0.0,True,2,0,0,0,0,0,2,0,0,0,0,False,False,False,False,False,False,False,False,False,False,"no keyword, dictionary, persona, or message signal found — needs manual research",1,12,
Develative,develative,NEEDS_COMPANY_MAPPING,GLOBAL_OPPORTUNITY,,0.55,True,1,0,0,0,0,0,0,1,0,0,0,False,False,True,True,False,False,False,False,False,False,"recruiter/TA or opportunity-history signal present, region unresolved",1,12,"  ""develative"": {market: GLOBAL_OPPORTUNITY_UNRESOLVED_REGION, category: GLOBAL_OPPORTUNITY}"
Devoteam,devoteam,NEEDS_COMPANY_MAPPING,GLOBAL_OPPORTUNITY,,0.55,True,1,0,0,0,0,0,0,1,0,0,0,False,False,True,True,False,False,False,False,False,False,"recruiter/TA or opportunity-history signal present, region unresolved",1,12,"  ""devoteam"": {market: GLOBAL_OPPORTUNITY_UNRESOLVED_REGION, category: GLOBAL_OPPORTUNITY}"
DFL Deutsche Fußball Liga,dfl deutsche fußball liga,NEEDS_COMPANY_MAPPING,GLOBAL_OPPORTUNITY,,0.55,True,1,0,0,0,0,0,0,1,0,0,0,False,False,True,True,False,False,False,False,False,False,"recruiter/TA or opportunity-history signal present, region unresolved",1,12,"  ""dfl deutsche fußball liga"": {market: GLOBAL_OPPORTUNITY_UNRESOLVED_REGION, category: GLOBAL_OPPORTUNITY}"
Dirección de Servicio de Salud Metropolitano Oriente,dirección de servicio de salud metropolitano oriente,NEEDS_COMPANY_MAPPING,GLOBAL_OPPORTUNITY,,0.55,True,1,0,0,0,0,0,0,1,0,0,0,False,False,True,True,False,False,False,False,False,False,"recruiter/TA or opportunity-history signal present, region unresolved",1,12,"  ""dirección de servicio de salud metropolitano oriente"": {market: GLOBAL_OPPORTUNITY_UNRESOLVED_REGION, category: GLOBAL_OPPORTUNITY}"
Planville GmbH,planville,NEEDS_COMPANY_MAPPING,GLOBAL_OPPORTUNITY,,0.55,True,1,0,0,0,0,0,0,1,0,0,0,False,False,True,True,False,False,False,False,False,False,"recruiter/TA or opportunity-history signal present, region unresolved",1,12,"  ""planville gmbh"": {market: GLOBAL_OPPORTUNITY_UNRESOLVED_REGION, category: GLOBAL_OPPORTUNITY}"
Polícia Militar do Distrito Federal - PMDF,polícia militar do distrito federal - pmdf,NEEDS_COMPANY_MAPPING,GLOBAL_OPPORTUNITY,,0.55,True,1,0,0,0,0,0,0,1,0,0,0,False,False,True,True,False,False,False,False,False,False,"recruiter/TA or opportunity-history signal present, region unresolved",1,12,"  ""polícia militar do distrito federal - pmdf"": {market: GLOBAL_OPPORTUNITY_UNRESOLVED_REGION, category: GLOBAL_OPPORTUNITY}"
Apsen Farmacêutica,apsen farmacêutica,NEEDS_COMPANY_MAPPING,NEEDS_COMPANY_MAPPING,,0.0,True,2,0,0,0,0,0,2,0,0,0,0,False,False,False,False,False,False,False,False,False,False,"no keyword, dictionary, persona, or message signal found — needs manual research",1,12,
Archie Labs,archie labs,NEEDS_COMPANY_MAPPING,GLOBAL_OPPORTUNITY,,0.55,True,1,0,0,0,0,0,0,1,0,0,0,False,False,True,True,False,False,False,False,False,False,"recruiter/TA or opportunity-history signal present, region unresolved",1,12,"  ""archie labs"": {market: GLOBAL_OPPORTUNITY_UNRESOLVED_REGION, category: GLOBAL_OPPORTUNITY}"
OneCareer GmbH,onecareer,NEEDS_COMPANY_MAPPING,GLOBAL_OPPORTUNITY,,0.55,True,1,0,0,0,0,0,0,1,0,0,0,False,False,True,True,False,False,False,False,False,False,"recruiter/TA or opportunity-history signal present, region unresolved",1,12,"  ""onecareer gmbh"": {market: GLOBAL_OPPORTUNITY_UNRESOLVED_REGION, category: GLOBAL_OPPORTUNITY}"
Onix,onix,NEEDS_COMPANY_MAPPING,GLOBAL_OPPORTUNITY,,0.55,True,1,0,0,0,0,0,0,1,0,0,0,False,False,True,True,False,False,False,False,False,False,"recruiter/TA or opportunity-history signal present, region unresolved",1,12,"  ""onix"": {market: GLOBAL_OPPORTUNITY_UNRESOLVED_REGION, category: GLOBAL_OPPORTUNITY}"
HRin,hrin,NEEDS_COMPANY_MAPPING,GLOBAL_OPPORTUNITY,,0.55,True,1,0,0,0,0,0,0,1,0,0,0,False,False,True,True,False,False,False,False,False,False,"recruiter/TA or opportunity-history signal present, region unresolved",1,12,"  ""hrin"": {market: GLOBAL_OPPORTUNITY_UNRESOLVED_REGION, category: GLOBAL_OPPORTUNITY}"
Better Collective,better collective,NEEDS_COMPANY_MAPPING,GLOBAL_OPPORTUNITY,,0.55,True,1,0,0,0,0,0,0,1,0,0,0,False,False,True,True,False,False,False,False,False,False,"recruiter/TA or opportunity-history signal present, region unresolved",1,12,"  ""better collective"": {market: GLOBAL_OPPORTUNITY_UNRESOLVED_REGION, category: GLOBAL_OPPORTUNITY}"
Bildungsreif,bildungsreif,NEEDS_COMPANY_MAPPING,GLOBAL_OPPORTUNITY,,0.55,True,1,0,0,0,0,0,0,1,0,0,0,False,False,True,True,False,False,False,False,False,False,"recruiter/TA or opportunity-history signal present, region unresolved",1,12,"  ""bildungsreif"": {market: GLOBAL_OPPORTUNITY_UNRESOLVED_REGION, category: GLOBAL_OPPORTUNITY}"
OpusClip,opusclip,NEEDS_COMPANY_MAPPING,GLOBAL_OPPORTUNITY,,0.55,True,1,0,0,0,0,0,0,1,0,0,1,False,False,True,True,False,False,False,False,False,False,"recruiter/TA or opportunity-history signal present, region unresolved",1,12,"  ""opusclip"": {market: GLOBAL_OPPORTUNITY_UNRESOLVED_REGION, category: GLOBAL_OPPORTUNITY}"
OrangeLoops,orangeloops,NEEDS_COMPANY_MAPPING,GLOBAL_OPPORTUNITY,,0.55,True,1,0,0,0,0,0,0,1,0,0,1,False,False,True,True,False,False,False,False,False,False,"recruiter/TA or opportunity-history signal present, region unresolved",1,12,"  ""orangeloops"": {market: GLOBAL_OPPORTUNITY_UNRESOLVED_REGION, category: GLOBAL_OPPORTUNITY}"
Ortobom,ortobom,NEEDS_COMPANY_MAPPING,NEEDS_COMPANY_MAPPING,,0.0,True,2,0,0,0,0,0,2,0,0,0,0,False,False,False,False,False,False,False,False,False,False,"no keyword, dictionary, persona, or message signal found — needs manual research",1,12,
Page Executive,page executive,NEEDS_COMPANY_MAPPING,GLOBAL_OPPORTUNITY,,0.55,True,1,0,0,0,0,0,0,1,0,0,0,False,False,True,True,False,False,False,False,False,False,"recruiter/TA or opportunity-history signal present, region unresolved",1,12,"  ""page executive"": {market: GLOBAL_OPPORTUNITY_UNRESOLVED_REGION, category: GLOBAL_OPPORTUNITY}"
Papp Logistics,papp logistics,NEEDS_COMPANY_MAPPING,GLOBAL_OPPORTUNITY,,0.55,True,1,0,0,0,0,0,0,1,0,0,0,False,False,True,True,False,False,False,False,False,False,"recruiter/TA or opportunity-history signal present, region unresolved",1,12,"  ""papp logistics"": {market: GLOBAL_OPPORTUNITY_UNRESOLVED_REGION, category: GLOBAL_OPPORTUNITY}"
Paraná Banco S/A,paraná banco,NEEDS_COMPANY_MAPPING,NEEDS_COMPANY_MAPPING,,0.0,True,2,0,0,0,0,0,2,0,0,0,0,False,False,False,False,False,False,False,False,False,False,"no keyword, dictionary, persona, or message signal found — needs manual research",1,12,
PassCard,passcard,NEEDS_COMPANY_MAPPING,GLOBAL_OPPORTUNITY,,0.55,True,1,0,0,0,0,0,0,1,0,0,0,False,False,True,True,False,False,False,False,False,False,"recruiter/TA or opportunity-history signal present, region unresolved",1,12,"  ""passcard"": {market: GLOBAL_OPPORTUNITY_UNRESOLVED_REGION, category: GLOBAL_OPPORTUNITY}"
PD on Demand GmbH,pd on demand,NEEDS_COMPANY_MAPPING,GLOBAL_OPPORTUNITY,,0.55,True,1,0,0,0,0,0,0,1,0,0,0,False,False,True,True,False,False,False,False,False,False,"recruiter/TA or opportunity-history signal present, region unresolved",1,12,"  ""pd on demand gmbh"": {market: GLOBAL_OPPORTUNITY_UNRESOLVED_REGION, category: GLOBAL_OPPORTUNITY}"
Peoples Republic,peoples republic,NEEDS_COMPANY_MAPPING,GLOBAL_OPPORTUNITY,,0.55,True,1,0,0,0,0,0,0,1,0,0,0,False,False,True,True,False,False,False,False,False,False,"recruiter/TA or opportunity-history signal present, region unresolved",1,12,"  ""peoples republic"": {market: GLOBAL_OPPORTUNITY_UNRESOLVED_REGION, category: GLOBAL_OPPORTUNITY}"
Mottu,mottu,NEEDS_COMPANY_MAPPING,NEEDS_COMPANY_MAPPING,,0.0,True,2,0,0,0,0,0,2,0,0,0,0,False,False,False,False,False,False,False,False,False,False,"no keyword, dictionary, persona, or message signal found — needs manual research",1,12,
Mushtari Capital,mushtari capital,NEEDS_COMPANY_MAPPING,GLOBAL_OPPORTUNITY,,0.55,True,1,0,0,0,0,0,0,1,0,0,0,False,False,True,True,False,False,False,False,False,False,"recruiter/TA or opportunity-history signal present, region unresolved",1,12,"  ""mushtari capital"": {market: GLOBAL_OPPORTUNITY_UNRESOLVED_REGION, category: GLOBAL_OPPORTUNITY}"
Nanovest,nanovest,NEEDS_COMPANY_MAPPING,GLOBAL_OPPORTUNITY,,0.55,True,1,0,0,0,0,0,0,1,0,0,0,False,False,True,True,False,False,False,False,False,False,"recruiter/TA or opportunity-history signal present, region unresolved",1,12,"  ""nanovest"": {market: GLOBAL_OPPORTUNITY_UNRESOLVED_REGION, category: GLOBAL_OPPORTUNITY}"
DSOP Educação Financeira,dsop educação financeira,NEEDS_COMPANY_MAPPING,GLOBAL_OPPORTUNITY,,0.55,True,1,0,0,0,0,0,0,1,0,0,0,False,False,True,True,False,False,False,False,False,False,"recruiter/TA or opportunity-history signal present, region unresolved",1,12,"  ""dsop educação financeira"": {market: GLOBAL_OPPORTUNITY_UNRESOLVED_REGION, category: GLOBAL_OPPORTUNITY}"
E.ON,e.on,NEEDS_COMPANY_MAPPING,NEEDS_COMPANY_MAPPING,,0.0,True,2,0,0,0,0,0,2,0,0,0,0,False,False,False,False,False,False,False,False,False,False,"no keyword, dictionary, persona, or message signal found — needs manual research",1,12,
Arise Youth Support,arise youth support,NEEDS_COMPANY_MAPPING,GLOBAL_OPPORTUNITY,,0.55,True,1,0,0,0,0,0,0,1,0,0,0,False,False,True,True,False,False,False,False,False,False,"recruiter/TA or opportunity-history signal present, region unresolved",1,12,"  ""arise youth support"": {market: GLOBAL_OPPORTUNITY_UNRESOLVED_REGION, category: GLOBAL_OPPORTUNITY}"
IAM meet,iam meet,NEEDS_COMPANY_MAPPING,GLOBAL_OPPORTUNITY,,0.55,True,1,0,0,0,0,0,0,1,0,0,0,False,False,True,True,False,False,False,False,False,False,"recruiter/TA or opportunity-history signal present, region unresolved",1,12,"  ""iam meet"": {market: GLOBAL_OPPORTUNITY_UNRESOLVED_REGION, category: GLOBAL_OPPORTUNITY}"
iBoost Talent Raleigh South,iboost talent raleigh south,NEEDS_COMPANY_MAPPING,GLOBAL_STAFFING,GLOBAL_STAFFING,0.8,True,1,0,0,0,0,0,0,1,0,0,0,False,False,True,False,False,False,False,False,True,False,staffing/recruiting keyword in company name,1,12,"  ""iboost talent raleigh south"": {market: GLOBAL_STAFFING, category: GLOBAL_STAFFING}"
Núclea,núclea,NEEDS_COMPANY_MAPPING,NEEDS_COMPANY_MAPPING,,0.0,True,2,0,0,0,0,0,2,0,0,0,0,False,False,False,False,False,False,False,False,False,False,"no keyword, dictionary, persona, or message signal found — needs manual research",1,12,
Octopus Energy,octopus energy,NEEDS_COMPANY_MAPPING,GLOBAL_OPPORTUNITY,,0.55,True,1,0,0,0,0,0,0,1,0,0,0,False,False,True,True,False,False,False,False,False,False,"recruiter/TA or opportunity-history signal present, region unresolved",1,12,"  ""octopus energy"": {market: GLOBAL_OPPORTUNITY_UNRESOLVED_REGION, category: GLOBAL_OPPORTUNITY}"
Dito CRM,dito crm,NEEDS_COMPANY_MAPPING,NEEDS_COMPANY_MAPPING,,0.0,True,2,0,0,0,0,0,2,0,0,0,0,False,False,False,False,False,False,False,False,False,False,"no keyword, dictionary, persona, or message signal found — needs manual research",1,12,
Donna,donna,NEEDS_COMPANY_MAPPING,GLOBAL_OPPORTUNITY,,0.55,True,1,0,0,0,0,0,0,1,0,0,0,False,False,True,True,False,False,False,False,False,False,"recruiter/TA or opportunity-history signal present, region unresolved",1,12,"  ""donna"": {market: GLOBAL_OPPORTUNITY_UNRESOLVED_REGION, category: GLOBAL_OPPORTUNITY}"
OmniChat,omnichat,NEEDS_COMPANY_MAPPING,NEEDS_COMPANY_MAPPING,,0.0,True,2,0,0,0,0,0,2,0,0,0,0,False,False,False,False,False,False,False,False,False,False,"no keyword, dictionary, persona, or message signal found — needs manual research",1,12,
MindBase,mindbase,NEEDS_COMPANY_MAPPING,GLOBAL_OPPORTUNITY,,0.55,True,1,0,0,0,0,0,0,1,0,0,0,False,False,True,True,False,False,False,False,False,False,"recruiter/TA or opportunity-history signal present, region unresolved",1,12,"  ""mindbase"": {market: GLOBAL_OPPORTUNITY_UNRESOLVED_REGION, category: GLOBAL_OPPORTUNITY}"
Mitsubishi Electric Automotive de México,mitsubishi electric automotive de méxico,NEEDS_COMPANY_MAPPING,GLOBAL_OPPORTUNITY,,0.55,True,1,0,0,0,0,0,0,1,0,0,0,False,False,True,True,False,False,False,False,False,False,"recruiter/TA or opportunity-history signal present, region unresolved",1,12,"  ""mitsubishi electric automotive de méxico"": {market: GLOBAL_OPPORTUNITY_UNRESOLVED_REGION, category: GLOBAL_OPPORTUNITY}"
Montash,montash,NEEDS_COMPANY_MAPPING,GLOBAL_OPPORTUNITY,,0.55,True,1,0,0,0,0,0,0,1,0,0,0,False,False,True,True,False,False,False,False,False,False,"recruiter/TA or opportunity-history signal present, region unresolved",1,12,"  ""montash"": {market: GLOBAL_OPPORTUNITY_UNRESOLVED_REGION, category: GLOBAL_OPPORTUNITY}"
Impala Search,impala search,NEEDS_COMPANY_MAPPING,GLOBAL_OPPORTUNITY,,0.55,True,1,0,0,0,0,0,0,1,0,0,0,False,False,True,True,False,False,False,False,False,False,"recruiter/TA or opportunity-history signal present, region unresolved",1,12,"  ""impala search"": {market: GLOBAL_OPPORTUNITY_UNRESOLVED_REGION, category: GLOBAL_OPPORTUNITY}"
Impel Talent,impel talent,NEEDS_COMPANY_MAPPING,GLOBAL_STAFFING,GLOBAL_STAFFING,0.8,True,1,0,0,0,0,0,0,1,0,0,0,False,False,True,True,False,False,False,False,True,False,staffing/recruiting keyword in company name,1,12,"  ""impel talent"": {market: GLOBAL_STAFFING, category: GLOBAL_STAFFING}"
IMPS The Smurfs,imps the smurfs,NEEDS_COMPANY_MAPPING,GLOBAL_OPPORTUNITY,,0.55,True,1,0,0,0,0,0,0,1,0,0,0,False,False,True,True,False,False,False,False,False,False,"recruiter/TA or opportunity-history signal present, region unresolved",1,12,"  ""imps the smurfs"": {market: GLOBAL_OPPORTUNITY_UNRESOLVED_REGION, category: GLOBAL_OPPORTUNITY}"
Innovise IT,innovise it,NEEDS_COMPANY_MAPPING,GLOBAL_OPPORTUNITY,,0.55,True,1,0,0,0,0,0,0,1,0,0,0,False,False,True,True,False,False,False,False,False,False,"recruiter/TA or opportunity-history signal present, region unresolved",1,12,"  ""innovise it"": {market: GLOBAL_OPPORTUNITY_UNRESOLVED_REGION, category: GLOBAL_OPPORTUNITY}"
Eixo Recursos Humanos,eixo recursos humanos,NEEDS_COMPANY_MAPPING,GLOBAL_OPPORTUNITY,,0.55,True,1,0,0,0,0,0,0,1,0,0,0,False,False,True,True,False,False,False,False,False,False,"recruiter/TA or opportunity-history signal present, region unresolved",1,12,"  ""eixo recursos humanos"": {market: GLOBAL_OPPORTUNITY_UNRESOLVED_REGION, category: GLOBAL_OPPORTUNITY}"
Elegance Pharmaceuticals,elegance pharmaceuticals,NEEDS_COMPANY_MAPPING,GLOBAL_OPPORTUNITY,,0.55,True,1,0,0,0,0,0,0,1,0,0,0,False,False,True,True,False,False,False,False,False,False,"recruiter/TA or opportunity-history signal present, region unresolved",1,12,"  ""elegance pharmaceuticals"": {market: GLOBAL_OPPORTUNITY_UNRESOLVED_REGION, category: GLOBAL_OPPORTUNITY}"
Asset Management,asset management,NEEDS_COMPANY_MAPPING,GLOBAL_OPPORTUNITY,,0.55,True,1,0,0,0,0,0,0,1,0,0,0,False,False,True,True,False,False,False,False,False,False,"recruiter/TA or opportunity-history signal present, region unresolved",1,12,"  ""asset management"": {market: GLOBAL_OPPORTUNITY_UNRESOLVED_REGION, category: GLOBAL_OPPORTUNITY}"
Monuv,monuv,NEEDS_COMPANY_MAPPING,GLOBAL_OPPORTUNITY,,0.55,True,1,0,0,0,0,0,0,1,0,0,0,False,False,True,True,False,False,False,False,False,False,"recruiter/TA or opportunity-history signal present, region unresolved",1,12,"  ""monuv"": {market: GLOBAL_OPPORTUNITY_UNRESOLVED_REGION, category: GLOBAL_OPPORTUNITY}"
MOONTON GAMES,moonton games,NEEDS_COMPANY_MAPPING,GLOBAL_OPPORTUNITY,,0.55,True,1,0,0,0,0,0,0,1,0,0,0,False,False,True,True,False,False,False,False,False,False,"recruiter/TA or opportunity-history signal present, region unresolved",1,12,"  ""moonton games"": {market: GLOBAL_OPPORTUNITY_UNRESOLVED_REGION, category: GLOBAL_OPPORTUNITY}"
Motoca - Aluguel de Moto,motoca - aluguel de moto,NEEDS_COMPANY_MAPPING,GLOBAL_OPPORTUNITY,,0.55,True,1,0,0,0,0,0,0,1,0,0,0,False,False,True,True,False,False,False,False,False,False,"recruiter/TA or opportunity-history signal present, region unresolved",1,12,"  ""motoca - aluguel de moto"": {market: GLOBAL_OPPORTUNITY_UNRESOLVED_REGION, category: GLOBAL_OPPORTUNITY}"
Linvo,linvo,NEEDS_COMPANY_MAPPING,GLOBAL_OPPORTUNITY,,0.55,True,1,0,0,0,0,0,0,1,0,0,0,False,False,True,True,False,False,False,False,False,False,"recruiter/TA or opportunity-history signal present, region unresolved",1,12,"  ""linvo"": {market: GLOBAL_OPPORTUNITY_UNRESOLVED_REGION, category: GLOBAL_OPPORTUNITY}"
Livre Escolha,livre escolha,NEEDS_COMPANY_MAPPING,GLOBAL_OPPORTUNITY,,0.55,True,1,0,0,0,0,0,0,1,0,0,0,False,False,True,True,False,False,False,False,False,False,"recruiter/TA or opportunity-history signal present, region unresolved",1,12,"  ""livre escolha"": {market: GLOBAL_OPPORTUNITY_UNRESOLVED_REGION, category: GLOBAL_OPPORTUNITY}"
LOCUMPRO GmbH,locumpro,NEEDS_COMPANY_MAPPING,GLOBAL_OPPORTUNITY,,0.55,True,1,0,0,0,0,0,0,1,0,0,0,False,False,True,True,False,False,False,False,False,False,"recruiter/TA or opportunity-history signal present, region unresolved",1,12,"  ""locumpro gmbh"": {market: GLOBAL_OPPORTUNITY_UNRESOLVED_REGION, category: GLOBAL_OPPORTUNITY}"
Atomic Layer Deposition,atomic layer deposition,NEEDS_COMPANY_MAPPING,GLOBAL_OPPORTUNITY,,0.55,True,1,0,0,0,0,0,0,1,0,0,0,False,False,True,True,False,False,False,False,False,False,"recruiter/TA or opportunity-history signal present, region unresolved",1,12,"  ""atomic layer deposition"": {market: GLOBAL_OPPORTUNITY_UNRESOLVED_REGION, category: GLOBAL_OPPORTUNITY}"
Aulas particulares,aulas particulares,NEEDS_COMPANY_MAPPING,GLOBAL_OPPORTUNITY,,0.55,True,1,0,0,0,0,0,0,1,0,0,0,False,False,True,True,False,False,False,False,False,False,"recruiter/TA or opportunity-history signal present, region unresolved",1,12,"  ""aulas particulares"": {market: GLOBAL_OPPORTUNITY_UNRESOLVED_REGION, category: GLOBAL_OPPORTUNITY}"
Global Automotive,automotive,NEEDS_COMPANY_MAPPING,NEEDS_COMPANY_MAPPING,,0.0,True,2,0,0,0,0,0,2,0,0,0,0,False,False,False,False,False,False,False,False,False,False,"no keyword, dictionary, persona, or message signal found — needs manual research",1,12,
Eureka - Consultores,eureka - consultores,NEEDS_COMPANY_MAPPING,GLOBAL_OPPORTUNITY,,0.55,True,1,0,0,0,0,0,0,1,0,0,0,False,False,True,True,False,False,False,False,False,False,"recruiter/TA or opportunity-history signal present, region unresolved",1,12,"  ""eureka - consultores"": {market: GLOBAL_OPPORTUNITY_UNRESOLVED_REGION, category: GLOBAL_OPPORTUNITY}"
Evers GmbH,evers,NEEDS_COMPANY_MAPPING,GLOBAL_OPPORTUNITY,,0.55,True,1,0,0,0,0,0,0,1,0,0,0,False,False,True,True,False,False,False,False,False,False,"recruiter/TA or opportunity-history signal present, region unresolved",1,12,"  ""evers gmbh"": {market: GLOBAL_OPPORTUNITY_UNRESOLVED_REGION, category: GLOBAL_OPPORTUNITY}"
Avvale,avvale,NEEDS_COMPANY_MAPPING,GLOBAL_OPPORTUNITY,,0.55,True,1,0,0,0,0,0,0,1,0,0,0,False,False,True,True,False,False,False,False,False,False,"recruiter/TA or opportunity-history signal present, region unresolved",1,12,"  ""avvale"": {market: GLOBAL_OPPORTUNITY_UNRESOLVED_REGION, category: GLOBAL_OPPORTUNITY}"
Axpo Group,axpo,NEEDS_COMPANY_MAPPING,GLOBAL_OPPORTUNITY,,0.55,True,1,0,0,0,0,0,0,1,0,0,0,False,False,True,True,False,False,False,False,False,False,"recruiter/TA or opportunity-history signal present, region unresolved",1,12,"  ""axpo group"": {market: GLOBAL_OPPORTUNITY_UNRESOLVED_REGION, category: GLOBAL_OPPORTUNITY}"
LabPro,labpro,NEEDS_COMPANY_MAPPING,GLOBAL_OPPORTUNITY,,0.55,True,1,0,0,0,0,0,0,1,0,0,0,False,False,True,True,False,False,False,False,False,False,"recruiter/TA or opportunity-history signal present, region unresolved",1,12,"  ""labpro"": {market: GLOBAL_OPPORTUNITY_UNRESOLVED_REGION, category: GLOBAL_OPPORTUNITY}"
Leads2b,leads2b,NEEDS_COMPANY_MAPPING,GLOBAL_OPPORTUNITY,,0.55,True,1,0,0,0,0,0,0,1,0,0,0,False,False,True,True,False,False,False,False,False,False,"recruiter/TA or opportunity-history signal present, region unresolved",1,12,"  ""leads2b"": {market: GLOBAL_OPPORTUNITY_UNRESOLVED_REGION, category: GLOBAL_OPPORTUNITY}"
Lingoda GmbH,lingoda,NEEDS_COMPANY_MAPPING,GLOBAL_OPPORTUNITY,,0.55,True,1,0,0,0,0,0,0,1,0,0,0,False,False,True,True,False,False,False,False,False,False,"recruiter/TA or opportunity-history signal present, region unresolved",1,12,"  ""lingoda gmbh"": {market: GLOBAL_OPPORTUNITY_UNRESOLVED_REGION, category: GLOBAL_OPPORTUNITY}"
Engenova Construções,engenova construções,NEEDS_COMPANY_MAPPING,NEEDS_COMPANY_MAPPING,,0.0,True,2,0,0,0,0,0,2,0,0,0,0,False,False,False,False,False,False,False,False,False,False,"no keyword, dictionary, persona, or message signal found — needs manual research",1,12,
"Entropy - Develop People, Elevate Teams","entropy - develop people, elevate teams",NEEDS_COMPANY_MAPPING,GLOBAL_OPPORTUNITY,,0.55,True,1,0,0,0,0,0,0,1,0,0,0,False,False,True,True,False,False,False,False,False,False,"recruiter/TA or opportunity-history signal present, region unresolved",1,12,"  ""entropy - develop people, elevate teams"": {market: GLOBAL_OPPORTUNITY_UNRESOLVED_REGION, category: GLOBAL_OPPORTUNITY}"
TP-Link,tp-link,NEEDS_COMPANY_MAPPING,GLOBAL_OPPORTUNITY,,0.55,True,1,0,0,0,0,0,0,1,0,0,0,False,False,True,True,False,False,False,False,False,False,"recruiter/TA or opportunity-history signal present, region unresolved",1,12,"  ""tp-link"": {market: GLOBAL_OPPORTUNITY_UNRESOLVED_REGION, category: GLOBAL_OPPORTUNITY}"
Change Recruitment,change recruitment,NEEDS_COMPANY_MAPPING,GLOBAL_STAFFING,GLOBAL_STAFFING,0.8,True,1,0,0,0,0,0,0,1,0,0,0,False,False,True,True,False,False,False,False,True,False,staffing/recruiting keyword in company name,1,12,"  ""change recruitment"": {market: GLOBAL_STAFFING, category: GLOBAL_STAFFING}"
chreative,chreative,NEEDS_COMPANY_MAPPING,GLOBAL_OPPORTUNITY,,0.55,True,1,0,0,0,0,0,0,1,0,0,0,False,False,True,True,False,False,False,False,False,False,"recruiter/TA or opportunity-history signal present, region unresolved",1,12,"  ""chreative"": {market: GLOBAL_OPPORTUNITY_UNRESOLVED_REGION, category: GLOBAL_OPPORTUNITY}"
Logging-In.com Inc,logging-in.com,NEEDS_COMPANY_MAPPING,GLOBAL_OPPORTUNITY,,0.55,True,1,0,0,0,0,0,0,1,0,0,0,False,False,True,True,False,False,False,False,False,False,"recruiter/TA or opportunity-history signal present, region unresolved",1,12,"  ""logging-in.com inc"": {market: GLOBAL_OPPORTUNITY_UNRESOLVED_REGION, category: GLOBAL_OPPORTUNITY}"
BM GROUP Bolivia,bm bolivia,NEEDS_COMPANY_MAPPING,GLOBAL_OPPORTUNITY,,0.55,True,1,0,0,0,0,0,0,1,0,0,1,False,False,True,True,False,False,False,False,False,False,"recruiter/TA or opportunity-history signal present, region unresolved",1,12,"  ""bm group bolivia"": {market: GLOBAL_OPPORTUNITY_UNRESOLVED_REGION, category: GLOBAL_OPPORTUNITY}"
Bold Metrics Inc,bold metrics,NEEDS_COMPANY_MAPPING,NEEDS_COMPANY_MAPPING,,0.0,True,1,0,0,0,0,0,0,1,0,0,0,False,False,True,False,False,False,False,False,False,False,"no keyword, dictionary, persona, or message signal found — needs manual research",1,12,
empower,empower,NEEDS_COMPANY_MAPPING,GLOBAL_OPPORTUNITY,,0.55,True,1,0,0,0,0,0,0,1,0,0,0,False,False,True,True,False,False,False,False,False,False,"recruiter/TA or opportunity-history signal present, region unresolved",1,12,"  ""empower"": {market: GLOBAL_OPPORTUNITY_UNRESOLVED_REGION, category: GLOBAL_OPPORTUNITY}"
Maria Enterprise,maria enterprise,NEEDS_COMPANY_MAPPING,GLOBAL_OPPORTUNITY,,0.55,True,1,0,0,0,0,0,0,1,0,0,1,False,False,True,True,False,False,False,False,False,False,"recruiter/TA or opportunity-history signal present, region unresolved",1,12,"  ""maria enterprise"": {market: GLOBAL_OPPORTUNITY_UNRESOLVED_REGION, category: GLOBAL_OPPORTUNITY}"
Instituto B55,instituto b55,NEEDS_COMPANY_MAPPING,GLOBAL_OPPORTUNITY,,0.55,True,1,0,0,0,0,0,0,1,0,0,0,False,False,True,True,False,False,False,False,False,False,"recruiter/TA or opportunity-history signal present, region unresolved",1,12,"  ""instituto b55"": {market: GLOBAL_OPPORTUNITY_UNRESOLVED_REGION, category: GLOBAL_OPPORTUNITY}"
INSTITUTO RAMA,instituto rama,NEEDS_COMPANY_MAPPING,GLOBAL_OPPORTUNITY,,0.55,True,1,0,0,0,0,0,0,1,0,0,0,False,False,True,True,False,False,False,False,False,False,"recruiter/TA or opportunity-history signal present, region unresolved",1,12,"  ""instituto rama"": {market: GLOBAL_OPPORTUNITY_UNRESOLVED_REGION, category: GLOBAL_OPPORTUNITY}"
Measurelab,measurelab,NEEDS_COMPANY_MAPPING,GLOBAL_OPPORTUNITY,,0.55,True,1,0,0,0,0,0,0,1,0,0,0,False,False,True,True,False,False,False,False,False,False,"recruiter/TA or opportunity-history signal present, region unresolved",1,12,"  ""measurelab"": {market: GLOBAL_OPPORTUNITY_UNRESOLVED_REGION, category: GLOBAL_OPPORTUNITY}"
MelhorPlano.net,melhorplano.net,NEEDS_COMPANY_MAPPING,GLOBAL_OPPORTUNITY,,0.55,True,1,0,0,0,0,0,0,1,0,0,0,False,False,True,True,False,False,False,False,False,False,"recruiter/TA or opportunity-history signal present, region unresolved",1,12,"  ""melhorplano.net"": {market: GLOBAL_OPPORTUNITY_UNRESOLVED_REGION, category: GLOBAL_OPPORTUNITY}"
Mench-adv 'מנצ,mench-adv 'מנצ,NEEDS_COMPANY_MAPPING,GLOBAL_OPPORTUNITY,,0.55,True,1,0,0,0,0,0,0,1,0,0,0,False,False,True,True,False,False,False,False,False,False,"recruiter/TA or opportunity-history signal present, region unresolved",1,12,"  ""mench-adv 'מנצ"": {market: GLOBAL_OPPORTUNITY_UNRESOLVED_REGION, category: GLOBAL_OPPORTUNITY}"
MessageMatch,messagematch,NEEDS_COMPANY_MAPPING,GLOBAL_OPPORTUNITY,,0.55,True,1,0,0,0,0,0,0,1,0,0,1,False,False,True,True,False,False,False,False,False,False,"recruiter/TA or opportunity-history signal present, region unresolved",1,12,"  ""messagematch"": {market: GLOBAL_OPPORTUNITY_UNRESOLVED_REGION, category: GLOBAL_OPPORTUNITY}"
Mewa,mewa,NEEDS_COMPANY_MAPPING,GLOBAL_OPPORTUNITY,,0.55,True,1,0,0,0,0,0,0,1,0,0,0,False,False,True,True,False,False,False,False,False,False,"recruiter/TA or opportunity-history signal present, region unresolved",1,12,"  ""mewa"": {market: GLOBAL_OPPORTUNITY_UNRESOLVED_REGION, category: GLOBAL_OPPORTUNITY}"
Cantinho da Hora Mini Mercado,cantinho da hora mini mercado,NEEDS_COMPANY_MAPPING,GLOBAL_OPPORTUNITY,,0.55,True,1,0,0,0,0,0,0,1,0,0,0,False,False,True,True,False,False,False,False,False,False,"recruiter/TA or opportunity-history signal present, region unresolved",1,12,"  ""cantinho da hora mini mercado"": {market: GLOBAL_OPPORTUNITY_UNRESOLVED_REGION, category: GLOBAL_OPPORTUNITY}"
Aarohaan Sales and Services,aarohaan sales and,NEEDS_COMPANY_MAPPING,GLOBAL_OPPORTUNITY,,0.55,True,1,0,0,0,0,0,0,1,0,0,1,False,False,True,True,False,False,False,False,False,False,"recruiter/TA or opportunity-history signal present, region unresolved",1,12,"  ""aarohaan sales and services"": {market: GLOBAL_OPPORTUNITY_UNRESOLVED_REGION, category: GLOBAL_OPPORTUNITY}"
XSITE Segurança da Informação,xsite segurança da informação,NEEDS_COMPANY_MAPPING,NEEDS_COMPANY_MAPPING,,0.0,True,2,0,0,0,0,0,2,0,0,0,0,False,False,False,False,False,False,False,False,False,False,"no keyword, dictionary, persona, or message signal found — needs manual research",1,12,
adorsys,adorsys,NEEDS_COMPANY_MAPPING,GLOBAL_OPPORTUNITY,,0.55,True,1,0,0,0,0,0,0,1,0,0,0,False,False,True,True,False,False,False,False,False,False,"recruiter/TA or opportunity-history signal present, region unresolved",1,12,"  ""adorsys"": {market: GLOBAL_OPPORTUNITY_UNRESOLVED_REGION, category: GLOBAL_OPPORTUNITY}"
Various Companies,various companies,NEEDS_COMPANY_MAPPING,GLOBAL_OPPORTUNITY,,0.55,True,1,0,0,0,0,0,0,1,0,0,0,False,False,True,True,False,False,False,False,False,False,"recruiter/TA or opportunity-history signal present, region unresolved",1,12,"  ""various companies"": {market: GLOBAL_OPPORTUNITY_UNRESOLVED_REGION, category: GLOBAL_OPPORTUNITY}"
Veloe,veloe,NEEDS_COMPANY_MAPPING,GLOBAL_OPPORTUNITY,,0.55,True,1,0,0,0,0,0,0,1,0,0,0,False,False,True,True,False,False,False,False,False,False,"recruiter/TA or opportunity-history signal present, region unresolved",1,12,"  ""veloe"": {market: GLOBAL_OPPORTUNITY_UNRESOLVED_REGION, category: GLOBAL_OPPORTUNITY}"
Casa dos Ventos Energias Renováveis,casa dos ventos energias renováveis,NEEDS_COMPANY_MAPPING,GLOBAL_OPPORTUNITY,,0.55,True,1,0,0,0,0,0,0,1,0,0,0,False,False,True,True,False,False,False,False,False,False,"recruiter/TA or opportunity-history signal present, region unresolved",1,12,"  ""casa dos ventos energias renováveis"": {market: GLOBAL_OPPORTUNITY_UNRESOLVED_REGION, category: GLOBAL_OPPORTUNITY}"
Geeky Bugs,geeky bugs,NEEDS_COMPANY_MAPPING,GLOBAL_OPPORTUNITY,,0.55,True,1,0,0,0,0,0,0,1,0,0,0,False,False,True,True,False,False,False,False,False,False,"recruiter/TA or opportunity-history signal present, region unresolved",1,12,"  ""geeky bugs"": {market: GLOBAL_OPPORTUNITY_UNRESOLVED_REGION, category: GLOBAL_OPPORTUNITY}"
General Motors South America,general motors south america,NEEDS_COMPANY_MAPPING,LATAM_USD_CONFIRMED,,0.85,True,2,0,0,0,0,0,2,0,0,0,0,False,False,False,False,False,True,False,False,False,False,LATAM keyword in company name,1,12,"  ""general motors south america"": {market: LATAM_USD, category: GLOBAL_OPPORTUNITY}"
Generali,generali,NEEDS_COMPANY_MAPPING,GLOBAL_OPPORTUNITY,,0.55,True,1,0,0,0,0,0,0,1,0,0,0,False,False,True,True,False,False,False,False,False,False,"recruiter/TA or opportunity-history signal present, region unresolved",1,12,"  ""generali"": {market: GLOBAL_OPPORTUNITY_UNRESOLVED_REGION, category: GLOBAL_OPPORTUNITY}"
Cash Flow Positif,cash flow positif,NEEDS_COMPANY_MAPPING,GLOBAL_OPPORTUNITY,,0.55,True,1,0,0,0,0,0,0,1,0,0,0,False,False,True,True,False,False,False,False,False,False,"recruiter/TA or opportunity-history signal present, region unresolved",1,12,"  ""cash flow positif"": {market: GLOBAL_OPPORTUNITY_UNRESOLVED_REGION, category: GLOBAL_OPPORTUNITY}"
Caylent,caylent,NEEDS_COMPANY_MAPPING,GLOBAL_OPPORTUNITY,,0.55,True,1,0,0,0,0,0,0,1,0,0,0,False,False,True,True,False,False,False,False,False,False,"recruiter/TA or opportunity-history signal present, region unresolved",1,12,"  ""caylent"": {market: GLOBAL_OPPORTUNITY_UNRESOLVED_REGION, category: GLOBAL_OPPORTUNITY}"
Vibe Group,vibe,NEEDS_COMPANY_MAPPING,GLOBAL_OPPORTUNITY,,0.55,True,1,0,0,0,0,0,0,1,0,0,0,False,False,True,True,False,False,False,False,False,False,"recruiter/TA or opportunity-history signal present, region unresolved",1,12,"  ""vibe group"": {market: GLOBAL_OPPORTUNITY_UNRESOLVED_REGION, category: GLOBAL_OPPORTUNITY}"
Vorbrix,vorbrix,NEEDS_COMPANY_MAPPING,GLOBAL_OPPORTUNITY,,0.55,True,1,0,0,0,0,0,0,1,0,0,0,False,False,True,True,False,False,False,False,False,False,"recruiter/TA or opportunity-history signal present, region unresolved",1,12,"  ""vorbrix"": {market: GLOBAL_OPPORTUNITY_UNRESOLVED_REGION, category: GLOBAL_OPPORTUNITY}"
Vp GmbH,vp,NEEDS_COMPANY_MAPPING,GLOBAL_OPPORTUNITY,,0.55,True,1,0,0,0,0,0,0,1,0,0,0,False,False,True,True,False,False,False,False,False,False,"recruiter/TA or opportunity-history signal present, region unresolved",1,12,"  ""vp gmbh"": {market: GLOBAL_OPPORTUNITY_UNRESOLVED_REGION, category: GLOBAL_OPPORTUNITY}"
VR Bank Schleswig-Holstein Mitte,vr bank schleswig-holstein mitte,NEEDS_COMPANY_MAPPING,GLOBAL_OPPORTUNITY,,0.55,True,1,0,0,0,0,0,0,1,0,0,0,False,False,True,True,False,False,False,False,False,False,"recruiter/TA or opportunity-history signal present, region unresolved",1,12,"  ""vr bank schleswig-holstein mitte"": {market: GLOBAL_OPPORTUNITY_UNRESOLVED_REGION, category: GLOBAL_OPPORTUNITY}"
WorkIT,workit,NEEDS_COMPANY_MAPPING,NEEDS_COMPANY_MAPPING,,0.0,True,1,0,0,0,0,0,1,0,0,0,0,False,False,False,False,False,False,False,False,False,False,"no keyword, dictionary, persona, or message signal found — needs manual research",1,11,
Wonga,wonga,NEEDS_COMPANY_MAPPING,NEEDS_COMPANY_MAPPING,,0.0,True,1,0,0,0,0,0,1,0,0,0,0,False,False,False,False,False,False,False,False,False,False,"no keyword, dictionary, persona, or message signal found — needs manual research",1,11,
WK Personalberatung GmbH,wk personalberatung,NEEDS_COMPANY_MAPPING,NEEDS_COMPANY_MAPPING,,0.0,True,1,0,0,0,0,0,1,0,0,0,0,False,False,False,False,False,False,False,False,False,False,"no keyword, dictionary, persona, or message signal found — needs manual research",1,11,
Wizdaa,wizdaa,NEEDS_COMPANY_MAPPING,NEEDS_COMPANY_MAPPING,,0.0,True,1,0,0,0,0,0,1,0,0,0,0,False,False,False,False,False,False,False,False,False,False,"no keyword, dictionary, persona, or message signal found — needs manual research",1,11,
WiiGroup,wiigroup,NEEDS_COMPANY_MAPPING,NEEDS_COMPANY_MAPPING,,0.0,True,1,0,0,0,0,0,1,0,0,0,0,False,False,False,False,False,False,False,False,False,False,"no keyword, dictionary, persona, or message signal found — needs manual research",1,11,
WIANCO OTT Robotics GmbH,wianco ott robotics,NEEDS_COMPANY_MAPPING,NEEDS_COMPANY_MAPPING,,0.0,True,1,0,0,0,0,0,1,0,0,0,0,False,False,False,False,False,False,False,False,False,False,"no keyword, dictionary, persona, or message signal found — needs manual research",1,11,
WhyBrilliant,whybrilliant,NEEDS_COMPANY_MAPPING,NEEDS_COMPANY_MAPPING,,0.0,True,1,0,0,0,0,0,1,0,0,0,0,False,False,False,False,False,False,False,False,False,False,"no keyword, dictionary, persona, or message signal found — needs manual research",1,11,
Westcoaching,westcoaching,NEEDS_COMPANY_MAPPING,NEEDS_COMPANY_MAPPING,,0.0,True,1,0,0,0,0,0,1,0,0,0,0,False,False,False,False,False,False,False,False,False,False,"no keyword, dictionary, persona, or message signal found — needs manual research",1,11,
Werving op Maat,werving op maat,NEEDS_COMPANY_MAPPING,NEEDS_COMPANY_MAPPING,,0.0,True,1,0,0,0,0,0,1,0,0,0,0,False,False,False,False,False,False,False,False,False,False,"no keyword, dictionary, persona, or message signal found — needs manual research",1,11,
Gabriel,gabriel,NEEDS_COMPANY_MAPPING,NEEDS_COMPANY_MAPPING,,0.0,True,1,0,0,0,0,0,1,0,0,0,0,False,False,False,False,False,False,False,False,False,False,"no keyword, dictionary, persona, or message signal found — needs manual research",1,11,
Fundação para Inovações Tecnológicas - FITec,fundação para inovações tecnológicas - fitec,NEEDS_COMPANY_MAPPING,NEEDS_COMPANY_MAPPING,,0.0,True,1,0,0,0,0,0,1,0,0,0,0,False,False,False,False,False,False,False,False,False,False,"no keyword, dictionary, persona, or message signal found — needs manual research",1,11,
Fundación Génesis Empresarial,fundación génesis empresarial,NEEDS_COMPANY_MAPPING,NEEDS_COMPANY_MAPPING,,0.0,True,1,0,0,0,0,0,1,0,0,0,0,False,False,False,False,False,False,False,False,False,False,"no keyword, dictionary, persona, or message signal found — needs manual research",1,11,
Bending Spoons,bending spoons,NEEDS_COMPANY_MAPPING,NEEDS_COMPANY_MAPPING,,0.0,True,1,0,0,0,0,0,1,0,0,0,0,False,False,False,False,False,False,False,False,False,False,"no keyword, dictionary, persona, or message signal found — needs manual research",1,11,
Bemobi,bemobi,NEEDS_COMPANY_MAPPING,NEEDS_COMPANY_MAPPING,,0.0,True,1,0,0,0,0,0,1,0,0,0,0,False,False,False,False,False,False,False,False,False,False,"no keyword, dictionary, persona, or message signal found — needs manual research",1,11,
Belastingdienst,belastingdienst,NEEDS_COMPANY_MAPPING,NEEDS_COMPANY_MAPPING,,0.0,True,1,0,0,0,0,0,1,0,0,0,0,False,False,False,False,False,False,False,False,False,False,"no keyword, dictionary, persona, or message signal found — needs manual research",1,11,
beFesti,befesti,NEEDS_COMPANY_MAPPING,NEEDS_COMPANY_MAPPING,,0.0,True,1,0,0,0,0,0,1,0,0,0,0,False,False,False,False,False,False,False,False,False,False,"no keyword, dictionary, persona, or message signal found — needs manual research",1,11,
itscout365,itscout365,NEEDS_COMPANY_MAPPING,NEEDS_COMPANY_MAPPING,,0.0,True,1,0,0,0,0,0,1,0,0,0,0,False,False,False,False,False,False,False,False,False,False,"no keyword, dictionary, persona, or message signal found — needs manual research",1,11,
ITF CHEMICAL LTDA,itf chemical,NEEDS_COMPANY_MAPPING,NEEDS_COMPANY_MAPPING,,0.0,True,1,0,0,0,0,0,1,0,0,0,0,False,False,False,False,False,False,False,False,False,False,"no keyword, dictionary, persona, or message signal found — needs manual research",1,11,
Istituto Comprensivo,istituto comprensivo,NEEDS_COMPANY_MAPPING,NEEDS_COMPANY_MAPPING,,0.0,True,1,0,0,0,0,0,1,0,0,0,0,False,False,False,False,False,False,False,False,False,False,"no keyword, dictionary, persona, or message signal found — needs manual research",1,11,
isolutions AG,isolutions,NEEDS_COMPANY_MAPPING,NEEDS_COMPANY_MAPPING,,0.0,True,1,0,0,0,0,0,1,0,0,0,0,False,False,False,False,False,False,False,False,False,False,"no keyword, dictionary, persona, or message signal found — needs manual research",1,11,
IQVIA,iqvia,NEEDS_COMPANY_MAPPING,NEEDS_COMPANY_MAPPING,,0.0,True,1,0,0,0,0,0,1,0,0,0,0,False,False,False,False,False,False,False,False,False,False,"no keyword, dictionary, persona, or message signal found — needs manual research",1,11,
Camil Alimentos S/A,camil alimentos,NEEDS_COMPANY_MAPPING,NEEDS_COMPANY_MAPPING,,0.0,True,1,0,0,0,0,0,1,0,0,0,0,False,False,False,False,False,False,False,False,False,False,"no keyword, dictionary, persona, or message signal found — needs manual research",1,11,
Cambridge Family Enterprise Group (CFEG),cambridge family enterprise (cfeg),NEEDS_COMPANY_MAPPING,NEEDS_COMPANY_MAPPING,,0.0,True,1,0,0,0,0,0,1,0,0,0,0,False,False,False,False,False,False,False,False,False,False,"no keyword, dictionary, persona, or message signal found — needs manual research",1,11,
Cambium Assessment,cambium assessment,NEEDS_COMPANY_MAPPING,NEEDS_COMPANY_MAPPING,,0.0,True,1,0,0,0,0,0,1,0,0,0,0,False,False,False,False,False,False,False,False,False,False,"no keyword, dictionary, persona, or message signal found — needs manual research",1,11,
Caju,caju,NEEDS_COMPANY_MAPPING,NEEDS_COMPANY_MAPPING,,0.0,True,1,0,0,0,0,0,1,0,0,0,0,False,False,False,False,False,False,False,False,False,False,"no keyword, dictionary, persona, or message signal found — needs manual research",1,11,
Zubale,zubale,NEEDS_COMPANY_MAPPING,NEEDS_COMPANY_MAPPING,,0.0,True,1,0,0,0,0,0,1,0,0,0,0,False,False,False,False,False,False,False,False,False,False,"no keyword, dictionary, persona, or message signal found — needs manual research",1,11,
Zortify,zortify,NEEDS_COMPANY_MAPPING,NEEDS_COMPANY_MAPPING,,0.0,True,1,0,0,0,0,0,1,0,0,0,0,False,False,False,False,False,False,False,False,False,False,"no keyword, dictionary, persona, or message signal found — needs manual research",1,11,
Zixbe,zixbe,NEEDS_COMPANY_MAPPING,NEEDS_COMPANY_MAPPING,,0.0,True,1,0,0,0,0,0,1,0,0,0,0,False,False,False,False,False,False,False,False,False,False,"no keyword, dictionary, persona, or message signal found — needs manual research",1,11,
ZEISS Group,zeiss,NEEDS_COMPANY_MAPPING,NEEDS_COMPANY_MAPPING,,0.0,True,1,0,0,0,0,0,1,0,0,0,0,False,False,False,False,False,False,False,False,False,False,"no keyword, dictionary, persona, or message signal found — needs manual research",1,11,
ZapSign,zapsign,NEEDS_COMPANY_MAPPING,NEEDS_COMPANY_MAPPING,,0.0,True,1,0,0,0,0,0,1,0,0,0,0,False,False,False,False,False,False,False,False,False,False,"no keyword, dictionary, persona, or message signal found — needs manual research",1,11,
Abercrombie & Fitch Co,abercrombie & fitch co,NEEDS_COMPANY_MAPPING,NEEDS_COMPANY_MAPPING,,0.0,True,1,0,0,0,0,0,1,0,0,0,0,False,False,False,False,False,False,False,False,False,False,"no keyword, dictionary, persona, or message signal found — needs manual research",1,11,
Abbott,abbott,NEEDS_COMPANY_MAPPING,NEEDS_COMPANY_MAPPING,,0.0,True,1,0,0,0,0,0,1,0,0,0,0,False,False,False,False,False,False,False,False,False,False,"no keyword, dictionary, persona, or message signal found — needs manual research",1,11,
Inttegra,inttegra,NEEDS_COMPANY_MAPPING,NEEDS_COMPANY_MAPPING,,0.0,True,1,0,0,0,0,0,1,0,0,0,0,False,False,False,False,False,False,False,False,False,False,"no keyword, dictionary, persona, or message signal found — needs manual research",1,11,
Intermedia,intermedia,NEEDS_COMPANY_MAPPING,NEEDS_COMPANY_MAPPING,,0.0,True,1,0,0,0,0,0,1,0,0,0,0,False,False,False,False,False,False,False,False,False,False,"no keyword, dictionary, persona, or message signal found — needs manual research",1,11,
InterEx Group,interex,NEEDS_COMPANY_MAPPING,NEEDS_COMPANY_MAPPING,,0.0,True,1,0,0,0,0,0,1,0,0,0,0,False,False,False,False,False,False,False,False,False,False,"no keyword, dictionary, persona, or message signal found — needs manual research",1,11,
Inter&Co,inter&co,NEEDS_COMPANY_MAPPING,NEEDS_COMPANY_MAPPING,,0.0,True,1,0,0,0,0,0,1,0,0,0,0,False,False,False,False,False,False,False,False,False,False,"no keyword, dictionary, persona, or message signal found — needs manual research",1,11,
Azuris Company,azuris company,NEEDS_COMPANY_MAPPING,NEEDS_COMPANY_MAPPING,,0.0,True,1,0,0,0,0,0,1,0,0,0,0,False,False,False,False,False,False,False,False,False,False,"no keyword, dictionary, persona, or message signal found — needs manual research",1,11,
JMAN Group,jman,NEEDS_COMPANY_MAPPING,NEEDS_COMPANY_MAPPING,,0.0,True,1,0,0,0,0,0,1,0,0,0,0,False,False,False,False,False,False,False,False,False,False,"no keyword, dictionary, persona, or message signal found — needs manual research",1,11,
Jfm Industria e Comercio LTDA,jfm industria e comercio,NEEDS_COMPANY_MAPPING,NEEDS_COMPANY_MAPPING,,0.0,True,1,0,0,0,0,0,1,0,0,0,0,False,False,False,False,False,False,False,False,False,False,"no keyword, dictionary, persona, or message signal found — needs manual research",1,11,
JEM Systems,jem systems,NEEDS_COMPANY_MAPPING,NEEDS_COMPANY_MAPPING,,0.0,True,1,0,0,0,0,0,1,0,0,0,0,False,False,False,False,False,False,False,False,False,False,"no keyword, dictionary, persona, or message signal found — needs manual research",1,11,
JD Casa & Construção,jd casa & construção,NEEDS_COMPANY_MAPPING,NEEDS_COMPANY_MAPPING,,0.0,True,1,0,0,0,0,0,1,0,0,0,0,False,False,False,False,False,False,False,False,False,False,"no keyword, dictionary, persona, or message signal found — needs manual research",1,11,
Janina Ott - systemische Beratung/Coaching,janina ott - systemische beratung/coaching,NEEDS_COMPANY_MAPPING,NEEDS_COMPANY_MAPPING,,0.0,True,1,0,0,0,0,0,1,0,0,0,0,False,False,False,False,False,False,False,False,False,False,"no keyword, dictionary, persona, or message signal found — needs manual research",1,11,
Jambo Education Ltd,jambo education,NEEDS_COMPANY_MAPPING,NEEDS_COMPANY_MAPPING,,0.0,True,1,0,0,0,0,0,1,0,0,0,0,False,False,False,False,False,False,False,False,False,False,"no keyword, dictionary, persona, or message signal found — needs manual research",1,11,
Jadara Solutions,jadara,NEEDS_COMPANY_MAPPING,GLOBAL_OPPORTUNITY,GLOBAL_CONSULTING,0.55,True,1,0,0,0,0,0,1,0,0,0,0,False,False,False,False,False,False,False,False,False,True,generic 'solutions' keyword in company name (weak signal),1,11,"  ""jadara solutions"": {market: GLOBAL_OPPORTUNITY_UNRESOLVED_REGION, category: GLOBAL_CONSULTING}"
J.P. Morgan,j.p. morgan,NEEDS_COMPANY_MAPPING,NEEDS_COMPANY_MAPPING,,0.0,True,1,0,0,0,0,0,1,0,0,0,0,False,False,False,False,False,False,False,False,False,False,"no keyword, dictionary, persona, or message signal found — needs manual research",1,11,
IZZON Lab,izzon lab,NEEDS_COMPANY_MAPPING,NEEDS_COMPANY_MAPPING,,0.0,True,1,0,0,0,0,0,1,0,0,0,0,False,False,False,False,False,False,False,False,False,False,"no keyword, dictionary, persona, or message signal found — needs manual research",1,11,
iUNGO,iungo,NEEDS_COMPANY_MAPPING,NEEDS_COMPANY_MAPPING,,0.0,True,1,0,0,0,0,0,1,0,0,0,0,False,False,False,False,False,False,False,False,False,False,"no keyword, dictionary, persona, or message signal found — needs manual research",1,11,
IU Group,iu,NEEDS_COMPANY_MAPPING,NEEDS_COMPANY_MAPPING,,0.0,True,1,0,0,0,0,0,1,0,0,0,0,False,False,False,False,False,False,False,False,False,False,"no keyword, dictionary, persona, or message signal found — needs manual research",1,11,
Jumbo Supermarkten,jumbo supermarkten,NEEDS_COMPANY_MAPPING,NEEDS_COMPANY_MAPPING,,0.0,True,1,0,0,0,0,0,1,0,0,0,0,False,False,False,False,False,False,False,False,False,False,"no keyword, dictionary, persona, or message signal found — needs manual research",1,11,
JPMorganChase,jpmorganchase,NEEDS_COMPANY_MAPPING,NEEDS_COMPANY_MAPPING,,0.0,True,1,0,0,0,0,0,1,0,0,0,0,False,False,False,False,False,False,False,False,False,False,"no keyword, dictionary, persona, or message signal found — needs manual research",1,11,
Join Talent,join talent,NEEDS_COMPANY_MAPPING,GLOBAL_STAFFING,GLOBAL_STAFFING,0.8,True,1,0,0,0,0,0,1,0,0,0,0,False,False,False,False,False,False,False,False,True,False,staffing/recruiting keyword in company name,1,11,"  ""join talent"": {market: GLOBAL_STAFFING, category: GLOBAL_STAFFING}"
Jobwal,jobwal,NEEDS_COMPANY_MAPPING,NEEDS_COMPANY_MAPPING,,0.0,True,1,0,0,0,0,0,1,0,0,0,0,False,False,False,False,False,False,False,False,False,False,"no keyword, dictionary, persona, or message signal found — needs manual research",1,11,
JobTeaser,jobteaser,NEEDS_COMPANY_MAPPING,NEEDS_COMPANY_MAPPING,,0.0,True,1,0,0,0,0,0,1,0,0,0,0,False,False,False,False,False,False,False,False,False,False,"no keyword, dictionary, persona, or message signal found — needs manual research",1,11,
Jobscan,jobscan,NEEDS_COMPANY_MAPPING,NEEDS_COMPANY_MAPPING,,0.0,True,1,0,0,0,0,0,1,0,0,0,0,False,False,False,False,False,False,False,False,False,False,"no keyword, dictionary, persona, or message signal found — needs manual research",1,11,
JobInside UG,jobinside ug,NEEDS_COMPANY_MAPPING,NEEDS_COMPANY_MAPPING,,0.0,True,1,0,0,0,0,0,1,0,0,0,0,False,False,False,False,False,False,False,False,False,False,"no keyword, dictionary, persona, or message signal found — needs manual research",1,11,
Jobcrown GmbH,jobcrown,NEEDS_COMPANY_MAPPING,NEEDS_COMPANY_MAPPING,,0.0,True,1,0,0,0,0,0,1,0,0,0,0,False,False,False,False,False,False,False,False,False,False,"no keyword, dictionary, persona, or message signal found — needs manual research",1,11,
Ipsos,ipsos,NEEDS_COMPANY_MAPPING,NEEDS_COMPANY_MAPPING,,0.0,True,1,0,0,0,0,0,1,0,0,0,0,False,False,False,False,False,False,False,False,False,False,"no keyword, dictionary, persona, or message signal found — needs manual research",1,11,
IORQ,iorq,NEEDS_COMPANY_MAPPING,NEEDS_COMPANY_MAPPING,,0.0,True,1,0,0,0,0,0,1,0,0,0,0,False,False,False,False,False,False,False,False,False,False,"no keyword, dictionary, persona, or message signal found — needs manual research",1,11,
Ion Interactive,ion interactive,NEEDS_COMPANY_MAPPING,NEEDS_COMPANY_MAPPING,,0.0,True,1,0,0,0,0,0,1,0,0,0,0,False,False,False,False,False,False,False,False,False,False,"no keyword, dictionary, persona, or message signal found — needs manual research",1,11,
IO TECNOLOGIA E SERVICOS LTDA,io tecnologia e servicos,NEEDS_COMPANY_MAPPING,NEEDS_COMPANY_MAPPING,,0.0,True,1,0,0,0,0,0,1,0,0,0,0,False,False,False,False,False,False,False,False,False,False,"no keyword, dictionary, persona, or message signal found — needs manual research",1,11,
Invillia,invillia,NEEDS_COMPANY_MAPPING,NEEDS_COMPANY_MAPPING,,0.0,True,1,0,0,0,0,0,1,0,0,0,0,False,False,False,False,False,False,False,False,False,False,"no keyword, dictionary, persona, or message signal found — needs manual research",1,11,
InvGate,invgate,NEEDS_COMPANY_MAPPING,NEEDS_COMPANY_MAPPING,,0.0,True,1,0,0,0,0,0,1,0,0,0,0,False,False,False,False,False,False,False,False,False,False,"no keyword, dictionary, persona, or message signal found — needs manual research",1,11,
inVentiv,inventiv,NEEDS_COMPANY_MAPPING,NEEDS_COMPANY_MAPPING,,0.0,True,1,0,0,0,0,0,1,0,0,0,0,False,False,False,False,False,False,False,False,False,False,"no keyword, dictionary, persona, or message signal found — needs manual research",1,11,
Invenergy,invenergy,NEEDS_COMPANY_MAPPING,NEEDS_COMPANY_MAPPING,,0.0,True,1,0,0,0,0,0,1,0,0,0,0,False,False,False,False,False,False,False,False,False,False,"no keyword, dictionary, persona, or message signal found — needs manual research",1,11,
Kinebot,kinebot,NEEDS_COMPANY_MAPPING,NEEDS_COMPANY_MAPPING,,0.0,True,1,0,0,0,0,0,1,0,0,0,0,False,False,False,False,False,False,False,False,False,False,"no keyword, dictionary, persona, or message signal found — needs manual research",1,11,
Kimberly-Clark,kimberly-clark,NEEDS_COMPANY_MAPPING,NEEDS_COMPANY_MAPPING,,0.0,True,1,0,0,0,0,0,1,0,0,0,0,False,False,False,False,False,False,False,False,False,False,"no keyword, dictionary, persona, or message signal found — needs manual research",1,11,
Kids First COP groep,kids first cop groep,NEEDS_COMPANY_MAPPING,NEEDS_COMPANY_MAPPING,,0.0,True,1,0,0,0,0,0,1,0,0,0,0,False,False,False,False,False,False,False,False,False,False,"no keyword, dictionary, persona, or message signal found — needs manual research",1,11,
KI people,ki people,NEEDS_COMPANY_MAPPING,NEEDS_COMPANY_MAPPING,,0.0,True,1,0,0,0,0,0,1,0,0,0,0,False,False,False,False,False,False,False,False,False,False,"no keyword, dictionary, persona, or message signal found — needs manual research",1,11,
Ketterer Kunst GmbH & Co. KG,ketterer kunst & co,NEEDS_COMPANY_MAPPING,NEEDS_COMPANY_MAPPING,,0.0,True,1,0,0,0,0,0,1,0,0,0,0,False,False,False,False,False,False,False,False,False,False,"no keyword, dictionary, persona, or message signal found — needs manual research",1,11,
KELTIS,keltis,NEEDS_COMPANY_MAPPING,NEEDS_COMPANY_MAPPING,,0.0,True,1,0,0,0,0,0,1,0,0,0,0,False,False,False,False,False,False,False,False,False,False,"no keyword, dictionary, persona, or message signal found — needs manual research",1,11,
Keio University Global Research Institute (KGRI),keio university research institute (kgri),NEEDS_COMPANY_MAPPING,NEEDS_COMPANY_MAPPING,,0.0,True,1,0,0,0,0,0,1,0,0,0,0,False,False,False,False,False,False,False,False,False,False,"no keyword, dictionary, persona, or message signal found — needs manual research",1,11,
Keeta,keeta,NEEDS_COMPANY_MAPPING,NEEDS_COMPANY_MAPPING,,0.0,True,1,0,0,0,0,0,1,0,0,0,0,False,False,False,False,False,False,False,False,False,False,"no keyword, dictionary, persona, or message signal found — needs manual research",1,11,
Kazulo Displays,kazulo displays,NEEDS_COMPANY_MAPPING,NEEDS_COMPANY_MAPPING,,0.0,True,1,0,0,0,0,0,1,0,0,0,0,False,False,False,False,False,False,False,False,False,False,"no keyword, dictionary, persona, or message signal found — needs manual research",1,11,
Kata Vegh Psychologist,kata vegh psychologist,NEEDS_COMPANY_MAPPING,NEEDS_COMPANY_MAPPING,,0.0,True,1,0,0,0,0,0,1,0,0,0,0,False,False,False,False,False,False,False,False,False,False,"no keyword, dictionary, persona, or message signal found — needs manual research",1,11,
Kasparov Finance & BI,kasparov finance & bi,NEEDS_COMPANY_MAPPING,NEEDS_COMPANY_MAPPING,,0.0,True,1,0,0,0,0,0,1,0,0,0,0,False,False,False,False,False,False,False,False,False,False,"no keyword, dictionary, persona, or message signal found — needs manual research",1,11,
Kantar,kantar,NEEDS_COMPANY_MAPPING,NEEDS_COMPANY_MAPPING,,0.0,True,1,0,0,0,0,0,1,0,0,0,0,False,False,False,False,False,False,False,False,False,False,"no keyword, dictionary, persona, or message signal found — needs manual research",1,11,
Kajae,kajae,NEEDS_COMPANY_MAPPING,NEEDS_COMPANY_MAPPING,,0.0,True,1,0,0,0,0,0,1,0,0,0,0,False,False,False,False,False,False,False,False,False,False,"no keyword, dictionary, persona, or message signal found — needs manual research",1,11,
KA Resources Recruitment SL,ka resources recruitment,NEEDS_COMPANY_MAPPING,GLOBAL_STAFFING,GLOBAL_STAFFING,0.8,True,1,0,0,0,0,0,1,0,0,0,0,False,False,False,False,False,False,False,False,True,False,staffing/recruiting keyword in company name,1,11,"  ""ka resources recruitment sl"": {market: GLOBAL_STAFFING, category: GLOBAL_STAFFING}"
Just Eat Takeaway.com,just eat takeaway.com,NEEDS_COMPANY_MAPPING,NEEDS_COMPANY_MAPPING,,0.0,True,1,0,0,0,0,0,1,0,0,0,0,False,False,False,False,False,False,False,False,False,False,"no keyword, dictionary, persona, or message signal found — needs manual research",1,11,
Jumpstart Immigration,jumpstart immigration,NEEDS_COMPANY_MAPPING,NEEDS_COMPANY_MAPPING,,0.0,True,1,0,0,0,0,0,1,0,0,0,0,False,False,False,False,False,False,False,False,False,False,"no keyword, dictionary, persona, or message signal found — needs manual research",1,11,
Kora Saúde,kora saúde,NEEDS_COMPANY_MAPPING,NEEDS_COMPANY_MAPPING,,0.0,True,1,0,0,0,0,0,1,0,0,0,0,False,False,False,False,False,False,False,False,False,False,"no keyword, dictionary, persona, or message signal found — needs manual research",1,11,
KooKoo Strategy,kookoo strategy,NEEDS_COMPANY_MAPPING,NEEDS_COMPANY_MAPPING,,0.0,True,1,0,0,0,0,0,1,0,0,0,0,False,False,False,False,False,False,False,False,False,False,"no keyword, dictionary, persona, or message signal found — needs manual research",1,11,
KONCILI,koncili,NEEDS_COMPANY_MAPPING,NEEDS_COMPANY_MAPPING,,0.0,True,1,0,0,0,0,0,1,0,0,0,0,False,False,False,False,False,False,False,False,False,False,"no keyword, dictionary, persona, or message signal found — needs manual research",1,11,
Kodros | Financials voor gemeenten,kodros | financials voor gemeenten,NEEDS_COMPANY_MAPPING,NEEDS_COMPANY_MAPPING,,0.0,True,1,0,0,0,0,0,1,0,0,0,0,False,False,False,False,False,False,False,False,False,False,"no keyword, dictionary, persona, or message signal found — needs manual research",1,11,
Koc Electro,koc electro,NEEDS_COMPANY_MAPPING,NEEDS_COMPANY_MAPPING,,0.0,True,1,0,0,0,0,0,1,0,0,0,0,False,False,False,False,False,False,False,False,False,False,"no keyword, dictionary, persona, or message signal found — needs manual research",1,11,
Kliente 360,kliente 360,NEEDS_COMPANY_MAPPING,NEEDS_COMPANY_MAPPING,,0.0,True,1,0,0,0,0,0,1,0,0,0,0,False,False,False,False,False,False,False,False,False,False,"no keyword, dictionary, persona, or message signal found — needs manual research",1,11,
Estratég.IA Financeira e Analítica,estratég.ia financeira e analítica,NEEDS_COMPANY_MAPPING,NEEDS_COMPANY_MAPPING,,0.0,True,1,0,0,0,0,0,1,0,0,0,0,False,False,False,False,False,False,False,False,False,False,"no keyword, dictionary, persona, or message signal found — needs manual research",1,11,
Estoca,estoca,NEEDS_COMPANY_MAPPING,NEEDS_COMPANY_MAPPING,,0.0,True,1,0,0,0,0,0,1,0,0,0,0,False,False,False,False,False,False,False,False,False,False,"no keyword, dictionary, persona, or message signal found — needs manual research",1,11,
ESSOR Seguros S.A,essor seguros,NEEDS_COMPANY_MAPPING,NEEDS_COMPANY_MAPPING,,0.0,True,1,0,0,0,0,0,1,0,0,0,0,False,False,False,False,False,False,False,False,False,False,"no keyword, dictionary, persona, or message signal found — needs manual research",1,11,
Essential BPO,essential bpo,NEEDS_COMPANY_MAPPING,NEEDS_COMPANY_MAPPING,,0.0,True,1,0,0,0,0,0,1,0,0,0,0,False,False,False,False,False,False,False,False,False,False,"no keyword, dictionary, persona, or message signal found — needs manual research",1,11,
Erzbistum Köln,erzbistum köln,NEEDS_COMPANY_MAPPING,NEEDS_COMPANY_MAPPING,,0.0,True,1,0,0,0,0,0,1,0,0,0,0,False,False,False,False,False,False,False,False,False,False,"no keyword, dictionary, persona, or message signal found — needs manual research",1,11,
EquiTalent,equitalent,NEEDS_COMPANY_MAPPING,NEEDS_COMPANY_MAPPING,,0.0,True,1,0,0,0,0,0,1,0,0,0,0,False,False,False,False,False,False,False,False,False,False,"no keyword, dictionary, persona, or message signal found — needs manual research",1,11,
EQT Group,eqt,NEEDS_COMPANY_MAPPING,NEEDS_COMPANY_MAPPING,,0.0,True,1,0,0,0,0,0,1,0,0,0,0,False,False,False,False,False,False,False,False,False,False,"no keyword, dictionary, persona, or message signal found — needs manual research",1,11,
EpsiHome,epsihome,NEEDS_COMPANY_MAPPING,NEEDS_COMPANY_MAPPING,,0.0,True,1,0,0,0,0,0,1,0,0,0,0,False,False,False,False,False,False,False,False,False,False,"no keyword, dictionary, persona, or message signal found — needs manual research",1,11,
epostbox,epostbox,NEEDS_COMPANY_MAPPING,NEEDS_COMPANY_MAPPING,,0.0,True,1,0,0,0,0,0,1,0,0,0,0,False,False,False,False,False,False,False,False,False,False,"no keyword, dictionary, persona, or message signal found — needs manual research",1,11,
Kleinkunstig,kleinkunstig,NEEDS_COMPANY_MAPPING,NEEDS_COMPANY_MAPPING,,0.0,True,1,0,0,0,0,0,1,0,0,0,0,False,False,False,False,False,False,False,False,False,False,"no keyword, dictionary, persona, or message signal found — needs manual research",1,11,
Eviden,eviden,NEEDS_COMPANY_MAPPING,NEEDS_COMPANY_MAPPING,,0.0,True,1,0,0,0,0,0,1,0,0,0,0,False,False,False,False,False,False,False,False,False,False,"no keyword, dictionary, persona, or message signal found — needs manual research",1,11,
European Society of Radiology,european society of radiology,NEEDS_COMPANY_MAPPING,NEEDS_COMPANY_MAPPING,,0.0,True,1,0,0,0,0,0,1,0,0,0,0,False,False,False,False,False,False,False,False,False,False,"no keyword, dictionary, persona, or message signal found — needs manual research",1,11,
European Investment Bank (EIB),european investment bank (eib),NEEDS_COMPANY_MAPPING,NEEDS_COMPANY_MAPPING,,0.0,True,1,0,0,0,0,0,1,0,0,0,0,False,False,False,False,False,False,False,False,False,False,"no keyword, dictionary, persona, or message signal found — needs manual research",1,11,
EUROCONTROL,eurocontrol,NEEDS_COMPANY_MAPPING,NEEDS_COMPANY_MAPPING,,0.0,True,1,0,0,0,0,0,1,0,0,0,0,False,False,False,False,False,False,False,False,False,False,"no keyword, dictionary, persona, or message signal found — needs manual research",1,11,
ETFbook,etfbook,NEEDS_COMPANY_MAPPING,NEEDS_COMPANY_MAPPING,,0.0,True,1,0,0,0,0,0,1,0,0,0,0,False,False,False,False,False,False,False,False,False,False,"no keyword, dictionary, persona, or message signal found — needs manual research",1,11,
Etengo,etengo,NEEDS_COMPANY_MAPPING,NEEDS_COMPANY_MAPPING,,0.0,True,1,0,0,0,0,0,1,0,0,0,0,False,False,False,False,False,False,False,False,False,False,"no keyword, dictionary, persona, or message signal found — needs manual research",1,11,
Auten Energy - Energia Compartilhada,auten energy - energia compartilhada,NEEDS_COMPANY_MAPPING,NEEDS_COMPANY_MAPPING,,0.0,True,1,0,0,0,0,0,1,0,0,0,0,False,False,False,False,False,False,False,False,False,False,"no keyword, dictionary, persona, or message signal found — needs manual research",1,11,
Auria,auria,NEEDS_COMPANY_MAPPING,NEEDS_COMPANY_MAPPING,,0.0,True,1,0,0,0,0,0,1,0,0,0,0,False,False,False,False,False,False,False,False,False,False,"no keyword, dictionary, persona, or message signal found — needs manual research",1,11,
AudioCodes,audiocodes,NEEDS_COMPANY_MAPPING,NEEDS_COMPANY_MAPPING,,0.0,True,1,0,0,0,0,0,1,0,0,0,0,False,False,False,False,False,False,False,False,False,False,"no keyword, dictionary, persona, or message signal found — needs manual research",1,11,
Atruvia AG,atruvia,NEEDS_COMPANY_MAPPING,NEEDS_COMPANY_MAPPING,,0.0,True,1,0,0,0,0,0,1,0,0,0,0,False,False,False,False,False,False,False,False,False,False,"no keyword, dictionary, persona, or message signal found — needs manual research",1,11,
Atmosera,atmosera,NEEDS_COMPANY_MAPPING,NEEDS_COMPANY_MAPPING,,0.0,True,1,0,0,0,0,0,1,0,0,0,0,False,False,False,False,False,False,False,False,False,False,"no keyword, dictionary, persona, or message signal found — needs manual research",1,11,
Atlântico,atlântico,NEEDS_COMPANY_MAPPING,NEEDS_COMPANY_MAPPING,,0.0,True,1,0,0,0,0,0,1,0,0,0,0,False,False,False,False,False,False,False,False,False,False,"no keyword, dictionary, persona, or message signal found — needs manual research",1,11,
Atlas Governance,atlas governance,NEEDS_COMPANY_MAPPING,NEEDS_COMPANY_MAPPING,,0.0,True,1,0,0,0,0,0,1,0,0,0,0,False,False,False,False,False,False,False,False,False,False,"no keyword, dictionary, persona, or message signal found — needs manual research",1,11,
ATIVU Tecnologia | Gestão de Custos e Ativos de TI e Telecom,ativu tecnologia | gestão de custos e ativos de ti e telecom,NEEDS_COMPANY_MAPPING,NEEDS_COMPANY_MAPPING,,0.0,True,1,0,0,0,0,0,1,0,0,0,0,False,False,False,False,False,False,False,False,False,False,"no keyword, dictionary, persona, or message signal found — needs manual research",1,11,
Kovi,kovi,NEEDS_COMPANY_MAPPING,NEEDS_COMPANY_MAPPING,,0.0,True,1,0,0,0,0,0,1,0,0,0,0,False,False,False,False,False,False,False,False,False,False,"no keyword, dictionary, persona, or message signal found — needs manual research",1,11,
Kordsa,kordsa,NEEDS_COMPANY_MAPPING,NEEDS_COMPANY_MAPPING,,0.0,True,1,0,0,0,0,0,1,0,0,0,0,False,False,False,False,False,False,False,False,False,False,"no keyword, dictionary, persona, or message signal found — needs manual research",1,11,
Layse Tattoo,layse tattoo,NEEDS_COMPANY_MAPPING,NEEDS_COMPANY_MAPPING,,0.0,True,1,0,0,0,0,0,1,0,0,0,0,False,False,False,False,False,False,False,False,False,False,"no keyword, dictionary, persona, or message signal found — needs manual research",1,11,
LAUTEC Group,lautec,NEEDS_COMPANY_MAPPING,NEEDS_COMPANY_MAPPING,,0.0,True,1,0,0,0,0,0,1,0,0,0,0,False,False,False,False,False,False,False,False,False,False,"no keyword, dictionary, persona, or message signal found — needs manual research",1,11,
latex,latex,NEEDS_COMPANY_MAPPING,NEEDS_COMPANY_MAPPING,,0.0,True,1,0,0,0,0,0,1,0,0,0,0,False,False,False,False,False,False,False,False,False,False,"no keyword, dictionary, persona, or message signal found — needs manual research",1,11,
Larissa Sanford,larissa sanford,NEEDS_COMPANY_MAPPING,NEEDS_COMPANY_MAPPING,,0.0,True,1,0,0,0,0,0,1,0,0,0,0,False,False,False,False,False,False,False,False,False,False,"no keyword, dictionary, persona, or message signal found — needs manual research",1,11,
Lapônia - Concessionário de Caminhões e Chassis de Ônibus Volvo,lapônia - concessionário de caminhões e chassis de ônibus volvo,NEEDS_COMPANY_MAPPING,NEEDS_COMPANY_MAPPING,,0.0,True,1,0,0,0,0,0,1,0,0,0,0,False,False,False,False,False,False,False,False,False,False,"no keyword, dictionary, persona, or message signal found — needs manual research",1,11,
LanceSoft UAE,lancesoft uae,NEEDS_COMPANY_MAPPING,NEEDS_COMPANY_MAPPING,,0.0,True,1,0,0,0,0,0,1,0,0,0,0,False,False,False,False,False,False,False,False,False,False,"no keyword, dictionary, persona, or message signal found — needs manual research",1,11,
Laghetto,laghetto,NEEDS_COMPANY_MAPPING,NEEDS_COMPANY_MAPPING,,0.0,True,1,0,0,0,0,0,1,0,0,0,0,False,False,False,False,False,False,False,False,False,False,"no keyword, dictionary, persona, or message signal found — needs manual research",1,11,
KWAN,kwan,NEEDS_COMPANY_MAPPING,NEEDS_COMPANY_MAPPING,,0.0,True,1,0,0,0,0,0,1,0,0,0,0,False,False,False,False,False,False,False,False,False,False,"no keyword, dictionary, persona, or message signal found — needs manual research",1,11,
Kunumi,kunumi,NEEDS_COMPANY_MAPPING,NEEDS_COMPANY_MAPPING,,0.0,True,1,0,0,0,0,0,1,0,0,0,0,False,False,False,False,False,False,False,False,False,False,"no keyword, dictionary, persona, or message signal found — needs manual research",1,11,
Krones,krones,NEEDS_COMPANY_MAPPING,NEEDS_COMPANY_MAPPING,,0.0,True,1,0,0,0,0,0,1,0,0,0,0,False,False,False,False,False,False,False,False,False,False,"no keyword, dictionary, persona, or message signal found — needs manual research",1,11,
AXA Global Business Services (AXA GBS),axa business (axa gbs),NEEDS_COMPANY_MAPPING,NEEDS_COMPANY_MAPPING,,0.0,True,1,0,0,0,0,0,1,0,0,0,0,False,False,False,False,False,False,False,False,False,False,"no keyword, dictionary, persona, or message signal found — needs manual research",1,11,
Awalé Resources,awalé resources,NEEDS_COMPANY_MAPPING,NEEDS_COMPANY_MAPPING,,0.0,True,1,0,0,0,0,0,1,0,0,0,0,False,False,False,False,False,False,False,False,False,False,"no keyword, dictionary, persona, or message signal found — needs manual research",1,11,
Avito,avito,NEEDS_COMPANY_MAPPING,NEEDS_COMPANY_MAPPING,,0.0,True,1,0,0,0,0,0,1,0,0,0,0,False,False,False,False,False,False,False,False,False,False,"no keyword, dictionary, persona, or message signal found — needs manual research",1,11,
Avenue,avenue,NEEDS_COMPANY_MAPPING,NEEDS_COMPANY_MAPPING,,0.0,True,1,0,0,0,0,0,1,0,0,0,0,False,False,False,False,False,False,False,False,False,False,"no keyword, dictionary, persona, or message signal found — needs manual research",1,11,
ExitLag,exitlag,NEEDS_COMPANY_MAPPING,NEEDS_COMPANY_MAPPING,,0.0,True,1,0,0,0,0,0,1,0,0,0,0,False,False,False,False,False,False,False,False,False,False,"no keyword, dictionary, persona, or message signal found — needs manual research",1,11,
Exactpi Recruitment & More,exactpi recruitment & more,NEEDS_COMPANY_MAPPING,GLOBAL_STAFFING,GLOBAL_STAFFING,0.8,True,1,0,0,0,0,0,1,0,0,0,0,False,False,False,False,False,False,False,False,True,False,staffing/recruiting keyword in company name,1,11,"  ""exactpi recruitment & more"": {market: GLOBAL_STAFFING, category: GLOBAL_STAFFING}"
Link School,link school,NEEDS_COMPANY_MAPPING,NEEDS_COMPANY_MAPPING,,0.0,True,1,0,0,0,0,0,1,0,0,0,0,False,False,False,False,False,False,False,False,False,False,"no keyword, dictionary, persona, or message signal found — needs manual research",1,11,
Lifemate Furniture,lifemate furniture,NEEDS_COMPANY_MAPPING,NEEDS_COMPANY_MAPPING,,0.0,True,1,0,0,0,0,0,1,0,0,0,0,False,False,False,False,False,False,False,False,False,False,"no keyword, dictionary, persona, or message signal found — needs manual research",1,11,
LHP Engineering Solutions,lhp engineering,NEEDS_COMPANY_MAPPING,GLOBAL_OPPORTUNITY,GLOBAL_CONSULTING,0.55,True,1,0,0,0,0,0,1,0,0,0,0,False,False,False,False,False,False,False,False,False,True,generic 'solutions' keyword in company name (weak signal),1,11,"  ""lhp engineering solutions"": {market: GLOBAL_OPPORTUNITY_UNRESOLVED_REGION, category: GLOBAL_CONSULTING}"
LGT Transport,lgt transport,NEEDS_COMPANY_MAPPING,NEEDS_COMPANY_MAPPING,,0.0,True,1,0,0,0,0,0,1,0,0,0,0,False,False,False,False,False,False,False,False,False,False,"no keyword, dictionary, persona, or message signal found — needs manual research",1,11,
LG Consultores,lg consultores,NEEDS_COMPANY_MAPPING,NEEDS_COMPANY_MAPPING,,0.0,True,1,0,0,0,0,0,1,0,0,0,0,False,False,False,False,False,False,False,False,False,False,"no keyword, dictionary, persona, or message signal found — needs manual research",1,11,
LG CNS,lg cns,NEEDS_COMPANY_MAPPING,NEEDS_COMPANY_MAPPING,,0.0,True,1,0,0,0,0,0,1,0,0,0,0,False,False,False,False,False,False,False,False,False,False,"no keyword, dictionary, persona, or message signal found — needs manual research",1,11,
Level.works,level.works,NEEDS_COMPANY_MAPPING,NEEDS_COMPANY_MAPPING,,0.0,True,1,0,0,0,0,0,1,0,0,0,0,False,False,False,False,False,False,False,False,False,False,"no keyword, dictionary, persona, or message signal found — needs manual research",1,11,
Lesaffre,lesaffre,NEEDS_COMPANY_MAPPING,NEEDS_COMPANY_MAPPING,,0.0,True,1,0,0,0,0,0,1,0,0,0,0,False,False,False,False,False,False,False,False,False,False,"no keyword, dictionary, persona, or message signal found — needs manual research",1,11,
Leroy Merlin,leroy merlin,NEEDS_COMPANY_MAPPING,NEEDS_COMPANY_MAPPING,,0.0,True,1,0,0,0,0,0,1,0,0,0,0,False,False,False,False,False,False,False,False,False,False,"no keyword, dictionary, persona, or message signal found — needs manual research",1,11,
Lenovo PCCW Solutions,lenovo pccw,NEEDS_COMPANY_MAPPING,GLOBAL_OPPORTUNITY,GLOBAL_CONSULTING,0.55,True,1,0,0,0,0,0,1,0,0,0,0,False,False,False,False,False,False,False,False,False,True,generic 'solutions' keyword in company name (weak signal),1,11,"  ""lenovo pccw solutions"": {market: GLOBAL_OPPORTUNITY_UNRESOLVED_REGION, category: GLOBAL_CONSULTING}"
Learnlight,learnlight,NEEDS_COMPANY_MAPPING,NEEDS_COMPANY_MAPPING,,0.0,True,1,0,0,0,0,0,1,0,0,0,0,False,False,False,False,False,False,False,False,False,False,"no keyword, dictionary, persona, or message signal found — needs manual research",1,11,
LeanConvert,leanconvert,NEEDS_COMPANY_MAPPING,NEEDS_COMPANY_MAPPING,,0.0,True,1,0,0,0,0,0,1,0,0,0,0,False,False,False,False,False,False,False,False,False,False,"no keyword, dictionary, persona, or message signal found — needs manual research",1,11,
LeadHRM,leadhrm,NEEDS_COMPANY_MAPPING,NEEDS_COMPANY_MAPPING,,0.0,True,1,0,0,0,0,0,1,0,0,0,0,False,False,False,False,False,False,False,False,False,False,"no keyword, dictionary, persona, or message signal found — needs manual research",1,11,
Leaders Lifestyle,leaders lifestyle,NEEDS_COMPANY_MAPPING,NEEDS_COMPANY_MAPPING,,0.0,True,1,0,0,0,0,0,1,0,0,0,0,False,False,False,False,False,False,False,False,False,False,"no keyword, dictionary, persona, or message signal found — needs manual research",1,11,
LCM Sports and Pet Products,lcm sports and pet products,NEEDS_COMPANY_MAPPING,NEEDS_COMPANY_MAPPING,,0.0,True,1,0,0,0,0,0,1,0,0,0,0,False,False,False,False,False,False,False,False,False,False,"no keyword, dictionary, persona, or message signal found — needs manual research",1,11,
LCM Energy,lcm energy,NEEDS_COMPANY_MAPPING,NEEDS_COMPANY_MAPPING,,0.0,True,1,0,0,0,0,0,1,0,0,0,0,False,False,False,False,False,False,False,False,False,False,"no keyword, dictionary, persona, or message signal found — needs manual research",1,11,
Lojas Eskala,lojas eskala,NEEDS_COMPANY_MAPPING,NEEDS_COMPANY_MAPPING,,0.0,True,1,0,0,0,0,0,1,0,0,0,0,False,False,False,False,False,False,False,False,False,False,"no keyword, dictionary, persona, or message signal found — needs manual research",1,11,
LKS NEXT,lks next,NEEDS_COMPANY_MAPPING,NEEDS_COMPANY_MAPPING,,0.0,True,1,0,0,0,0,0,1,0,0,0,0,False,False,False,False,False,False,False,False,False,False,"no keyword, dictionary, persona, or message signal found — needs manual research",1,11,
LivaNova,livanova,NEEDS_COMPANY_MAPPING,NEEDS_COMPANY_MAPPING,,0.0,True,1,0,0,0,0,0,1,0,0,0,0,False,False,False,False,False,False,False,False,False,False,"no keyword, dictionary, persona, or message signal found — needs manual research",1,11,
Litcessory,litcessory,NEEDS_COMPANY_MAPPING,NEEDS_COMPANY_MAPPING,,0.0,True,1,0,0,0,0,0,1,0,0,0,0,False,False,False,False,False,False,False,False,False,False,"no keyword, dictionary, persona, or message signal found — needs manual research",1,11,
Lisalog Operador Logístico,lisalog operador logístico,NEEDS_COMPANY_MAPPING,NEEDS_COMPANY_MAPPING,,0.0,True,1,0,0,0,0,0,1,0,0,0,0,False,False,False,False,False,False,False,False,False,False,"no keyword, dictionary, persona, or message signal found — needs manual research",1,11,
EP Carreira e Recolocação,ep carreira e recolocação,NEEDS_COMPANY_MAPPING,NEEDS_COMPANY_MAPPING,,0.0,True,1,0,0,0,0,0,1,0,0,0,0,False,False,False,False,False,False,False,False,False,False,"no keyword, dictionary, persona, or message signal found — needs manual research",1,11,
Enpal,enpal,NEEDS_COMPANY_MAPPING,NEEDS_COMPANY_MAPPING,,0.0,True,1,0,0,0,0,0,1,0,0,0,0,False,False,False,False,False,False,False,False,False,False,"no keyword, dictionary, persona, or message signal found — needs manual research",1,11,
EngSearch | engineering people,engsearch | engineering people,NEEDS_COMPANY_MAPPING,NEEDS_COMPANY_MAPPING,,0.0,True,1,0,0,0,0,0,1,0,0,0,0,False,False,False,False,False,False,False,False,False,False,"no keyword, dictionary, persona, or message signal found — needs manual research",1,11,
Engemon Operation Services,engemon operation,NEEDS_COMPANY_MAPPING,NEEDS_COMPANY_MAPPING,,0.0,True,1,0,0,0,0,0,1,0,0,0,0,False,False,False,False,False,False,False,False,False,False,"no keyword, dictionary, persona, or message signal found — needs manual research",1,11,
Engemon IT,engemon it,NEEDS_COMPANY_MAPPING,NEEDS_COMPANY_MAPPING,,0.0,True,1,0,0,0,0,0,1,0,0,0,0,False,False,False,False,False,False,False,False,False,False,"no keyword, dictionary, persona, or message signal found — needs manual research",1,11,
Enerquin,enerquin,NEEDS_COMPANY_MAPPING,NEEDS_COMPANY_MAPPING,,0.0,True,1,0,0,0,0,0,1,0,0,0,0,False,False,False,False,False,False,False,False,False,False,"no keyword, dictionary, persona, or message signal found — needs manual research",1,11,
Endress+Hauser Gruppe,endress+hauser gruppe,NEEDS_COMPANY_MAPPING,NEEDS_COMPANY_MAPPING,,0.0,True,1,0,0,0,0,0,1,0,0,0,0,False,False,False,False,False,False,False,False,False,False,"no keyword, dictionary, persona, or message signal found — needs manual research",1,11,
Endeavor Labs,endeavor labs,NEEDS_COMPANY_MAPPING,NEEDS_COMPANY_MAPPING,,0.0,True,1,0,0,0,0,0,1,0,0,0,0,False,False,False,False,False,False,False,False,False,False,"no keyword, dictionary, persona, or message signal found — needs manual research",1,11,
ENABL A/S,enabl a/s,NEEDS_COMPANY_MAPPING,NEEDS_COMPANY_MAPPING,,0.0,True,1,0,0,0,0,0,1,0,0,0,0,False,False,False,False,False,False,False,False,False,False,"no keyword, dictionary, persona, or message signal found — needs manual research",1,11,
EMSERH - Empresa Maranhense de Serviços Hospitalares,emserh - empresa maranhense de serviços hospitalares,NEEDS_COMPANY_MAPPING,NEEDS_COMPANY_MAPPING,,0.0,True,1,0,0,0,0,0,1,0,0,0,0,False,False,False,False,False,False,False,False,False,False,"no keyword, dictionary, persona, or message signal found — needs manual research",1,11,
Linuxell Informática,linuxell informática,NEEDS_COMPANY_MAPPING,NEEDS_COMPANY_MAPPING,,0.0,True,1,0,0,0,0,0,1,0,0,0,0,False,False,False,False,False,False,False,False,False,False,"no keyword, dictionary, persona, or message signal found — needs manual research",1,11,
Bluhm Systeme GmbH,bluhm systeme,NEEDS_COMPANY_MAPPING,NEEDS_COMPANY_MAPPING,,0.0,True,1,0,0,0,0,0,1,0,0,0,0,False,False,False,False,False,False,False,False,False,False,"no keyword, dictionary, persona, or message signal found — needs manual research",1,11,
Bluer Tecnologia,bluer tecnologia,NEEDS_COMPANY_MAPPING,NEEDS_COMPANY_MAPPING,,0.0,True,1,0,0,0,0,0,1,0,0,0,0,False,False,False,False,False,False,False,False,False,False,"no keyword, dictionary, persona, or message signal found — needs manual research",1,11,
Maplink,maplink,NEEDS_COMPANY_MAPPING,NEEDS_COMPANY_MAPPING,,0.0,True,1,0,0,0,0,0,1,0,0,0,0,False,False,False,False,False,False,False,False,False,False,"no keyword, dictionary, persona, or message signal found — needs manual research",1,11,
Manserv,manserv,NEEDS_COMPANY_MAPPING,NEEDS_COMPANY_MAPPING,,0.0,True,1,0,0,0,0,0,1,0,0,0,0,False,False,False,False,False,False,False,False,False,False,"no keyword, dictionary, persona, or message signal found — needs manual research",1,11,
malomatia,malomatia,NEEDS_COMPANY_MAPPING,NEEDS_COMPANY_MAPPING,,0.0,True,1,0,0,0,0,0,1,0,0,0,0,False,False,False,False,False,False,False,False,False,False,"no keyword, dictionary, persona, or message signal found — needs manual research",1,11,
MakeValue,makevalue,NEEDS_COMPANY_MAPPING,NEEDS_COMPANY_MAPPING,,0.0,True,1,0,0,0,0,0,1,0,0,0,0,False,False,False,False,False,False,False,False,False,False,"no keyword, dictionary, persona, or message signal found — needs manual research",1,11,
Magneto,magneto,NEEDS_COMPANY_MAPPING,NEEDS_COMPANY_MAPPING,,0.0,True,1,0,0,0,0,0,1,0,0,0,0,False,False,False,False,False,False,False,False,False,False,"no keyword, dictionary, persona, or message signal found — needs manual research",1,11,
Madison Wells,madison wells,NEEDS_COMPANY_MAPPING,NEEDS_COMPANY_MAPPING,,0.0,True,1,0,0,0,0,0,1,0,0,0,0,False,False,False,False,False,False,False,False,False,False,"no keyword, dictionary, persona, or message signal found — needs manual research",1,11,
MadeiraMadeira,madeiramadeira,NEEDS_COMPANY_MAPPING,NEEDS_COMPANY_MAPPING,,0.0,True,1,0,0,0,0,0,1,0,0,0,0,False,False,False,False,False,False,False,False,False,False,"no keyword, dictionary, persona, or message signal found — needs manual research",1,11,
Macrosol Energia Solar,macrosol energia solar,NEEDS_COMPANY_MAPPING,NEEDS_COMPANY_MAPPING,,0.0,True,1,0,0,0,0,0,1,0,0,0,0,False,False,False,False,False,False,False,False,False,False,"no keyword, dictionary, persona, or message signal found — needs manual research",1,11,
Mabu Mabu,mabu mabu,NEEDS_COMPANY_MAPPING,NEEDS_COMPANY_MAPPING,,0.0,True,1,0,0,0,0,0,1,0,0,0,0,False,False,False,False,False,False,False,False,False,False,"no keyword, dictionary, persona, or message signal found — needs manual research",1,11,
MABI,mabi,NEEDS_COMPANY_MAPPING,NEEDS_COMPANY_MAPPING,,0.0,True,1,0,0,0,0,0,1,0,0,0,0,False,False,False,False,False,False,False,False,False,False,"no keyword, dictionary, persona, or message signal found — needs manual research",1,11,
Lyric,lyric,NEEDS_COMPANY_MAPPING,NEEDS_COMPANY_MAPPING,,0.0,True,1,0,0,0,0,0,1,0,0,0,0,False,False,False,False,False,False,False,False,False,False,"no keyword, dictionary, persona, or message signal found — needs manual research",1,11,
Luxor Group,luxor,NEEDS_COMPANY_MAPPING,NEEDS_COMPANY_MAPPING,,0.0,True,1,0,0,0,0,0,1,0,0,0,0,False,False,False,False,False,False,False,False,False,False,"no keyword, dictionary, persona, or message signal found — needs manual research",1,11,
LoyaltyCom,loyaltycom,NEEDS_COMPANY_MAPPING,NEEDS_COMPANY_MAPPING,,0.0,True,1,0,0,0,0,0,1,0,0,0,0,False,False,False,False,False,False,False,False,False,False,"no keyword, dictionary, persona, or message signal found — needs manual research",1,11,
Lovely,lovely,NEEDS_COMPANY_MAPPING,NEEDS_COMPANY_MAPPING,,0.0,True,1,0,0,0,0,0,1,0,0,0,0,False,False,False,False,False,False,False,False,False,False,"no keyword, dictionary, persona, or message signal found — needs manual research",1,11,
Instituto Semear,instituto semear,NEEDS_COMPANY_MAPPING,NEEDS_COMPANY_MAPPING,,0.0,True,1,0,0,0,0,0,1,0,0,0,0,False,False,False,False,False,False,False,False,False,False,"no keyword, dictionary, persona, or message signal found — needs manual research",1,11,
Instituto Nacional de Telecomunicações - Inatel,instituto nacional de telecomunicações - inatel,NEEDS_COMPANY_MAPPING,NEEDS_COMPANY_MAPPING,,0.0,True,1,0,0,0,0,0,1,0,0,0,0,False,False,False,False,False,False,False,False,False,False,"no keyword, dictionary, persona, or message signal found — needs manual research",1,11,
Instituto IA Saúde,instituto ia saúde,NEEDS_COMPANY_MAPPING,NEEDS_COMPANY_MAPPING,,0.0,True,1,0,0,0,0,0,1,0,0,0,0,False,False,False,False,False,False,False,False,False,False,"no keyword, dictionary, persona, or message signal found — needs manual research",1,11,
"Instituto Federal de Educação, Ciência e Tecnologia do Ceará","instituto federal de educação, ciência e tecnologia do ceará",NEEDS_COMPANY_MAPPING,NEEDS_COMPANY_MAPPING,,0.0,True,1,0,0,0,0,0,1,0,0,0,0,False,False,False,False,False,False,False,False,False,False,"no keyword, dictionary, persona, or message signal found — needs manual research",1,11,
Instituto Atlântico,instituto atlântico,NEEDS_COMPANY_MAPPING,NEEDS_COMPANY_MAPPING,,0.0,True,1,0,0,0,0,0,1,0,0,0,0,False,False,False,False,False,False,False,False,False,False,"no keyword, dictionary, persona, or message signal found — needs manual research",1,11,
Inspira Rede de Educadores,inspira rede de educadores,NEEDS_COMPANY_MAPPING,NEEDS_COMPANY_MAPPING,,0.0,True,1,0,0,0,0,0,1,0,0,0,0,False,False,False,False,False,False,False,False,False,False,"no keyword, dictionary, persona, or message signal found — needs manual research",1,11,
Insider Store,insider store,NEEDS_COMPANY_MAPPING,NEEDS_COMPANY_MAPPING,,0.0,True,1,0,0,0,0,0,1,0,0,0,0,False,False,False,False,False,False,False,False,False,False,"no keyword, dictionary, persona, or message signal found — needs manual research",1,11,
Inove Drywall e Steel Frame,inove drywall e steel frame,NEEDS_COMPANY_MAPPING,NEEDS_COMPANY_MAPPING,,0.0,True,1,0,0,0,0,0,1,0,0,0,0,False,False,False,False,False,False,False,False,False,False,"no keyword, dictionary, persona, or message signal found — needs manual research",1,11,
emnify,emnify,NEEDS_COMPANY_MAPPING,NEEDS_COMPANY_MAPPING,,0.0,True,1,0,0,0,0,0,1,0,0,0,0,False,False,False,False,False,False,False,False,False,False,"no keyword, dictionary, persona, or message signal found — needs manual research",1,11,
Emers Vietnam,emers vietnam,NEEDS_COMPANY_MAPPING,NEEDS_COMPANY_MAPPING,,0.0,True,1,0,0,0,0,0,1,0,0,0,0,False,False,False,False,False,False,False,False,False,False,"no keyword, dictionary, persona, or message signal found — needs manual research",1,11,
Em Transição de Carreira - In Career Transition,em transição de carreira - in career transition,NEEDS_COMPANY_MAPPING,NEEDS_COMPANY_MAPPING,,0.0,True,1,0,0,0,0,0,1,0,0,0,0,False,False,False,False,False,False,False,False,False,False,"no keyword, dictionary, persona, or message signal found — needs manual research",1,11,
Bombril,bombril,NEEDS_COMPANY_MAPPING,NEEDS_COMPANY_MAPPING,,0.0,True,1,0,0,0,0,0,1,0,0,0,0,False,False,False,False,False,False,False,False,False,False,"no keyword, dictionary, persona, or message signal found — needs manual research",1,11,
Bold Talent Co,bold talent co,NEEDS_COMPANY_MAPPING,GLOBAL_STAFFING,GLOBAL_STAFFING,0.8,True,1,0,0,0,0,0,1,0,0,0,0,False,False,False,False,False,False,False,False,True,False,staffing/recruiting keyword in company name,1,11,"  ""bold talent co"": {market: GLOBAL_STAFFING, category: GLOBAL_STAFFING}"
Boen Groen,boen groen,NEEDS_COMPANY_MAPPING,NEEDS_COMPANY_MAPPING,,0.0,True,1,0,0,0,0,0,1,0,0,0,0,False,False,False,False,False,False,False,False,False,False,"no keyword, dictionary, persona, or message signal found — needs manual research",1,11,
BMN Nederland,bmn nederland,NEEDS_COMPANY_MAPPING,NEEDS_COMPANY_MAPPING,,0.0,True,1,0,0,0,0,0,1,0,0,0,0,False,False,False,False,False,False,False,False,False,False,"no keyword, dictionary, persona, or message signal found — needs manual research",1,11,
MEGGLE GmbH & Co. KG,meggle & co,NEEDS_COMPANY_MAPPING,NEEDS_COMPANY_MAPPING,,0.0,True,1,0,0,0,0,0,1,0,0,0,0,False,False,False,False,False,False,False,False,False,False,"no keyword, dictionary, persona, or message signal found — needs manual research",1,11,
Mega distribuidora de cosméticos,mega distribuidora de cosméticos,NEEDS_COMPANY_MAPPING,NEEDS_COMPANY_MAPPING,,0.0,True,1,0,0,0,0,0,1,0,0,0,0,False,False,False,False,False,False,False,False,False,False,"no keyword, dictionary, persona, or message signal found — needs manual research",1,11,
Medway,medway,NEEDS_COMPANY_MAPPING,NEEDS_COMPANY_MAPPING,,0.0,True,1,0,0,0,0,0,1,0,0,0,0,False,False,False,False,False,False,False,False,False,False,"no keyword, dictionary, persona, or message signal found — needs manual research",1,11,
Mayo Clinic,mayo clinic,NEEDS_COMPANY_MAPPING,NEEDS_COMPANY_MAPPING,,0.0,True,1,0,0,0,0,0,1,0,0,0,0,False,False,False,False,False,False,False,False,False,False,"no keyword, dictionary, persona, or message signal found — needs manual research",1,11,
Mattos Engelberg Echenique Advogados,mattos engelberg echenique advogados,NEEDS_COMPANY_MAPPING,NEEDS_COMPANY_MAPPING,,0.0,True,1,0,0,0,0,0,1,0,0,0,0,False,False,False,False,False,False,False,False,False,False,"no keyword, dictionary, persona, or message signal found — needs manual research",1,11,
Masterplan.com,masterplan.com,NEEDS_COMPANY_MAPPING,NEEDS_COMPANY_MAPPING,,0.0,True,1,0,0,0,0,0,1,0,0,0,0,False,False,False,False,False,False,False,False,False,False,"no keyword, dictionary, persona, or message signal found — needs manual research",1,11,
Masentó Group,masentó,NEEDS_COMPANY_MAPPING,NEEDS_COMPANY_MAPPING,,0.0,True,1,0,0,0,0,0,1,0,0,0,0,False,False,False,False,False,False,False,False,False,False,"no keyword, dictionary, persona, or message signal found — needs manual research",1,11,
Markus Schmidleitner - Villa Bergzauber,markus schmidleitner - villa bergzauber,NEEDS_COMPANY_MAPPING,NEEDS_COMPANY_MAPPING,,0.0,True,1,0,0,0,0,0,1,0,0,0,0,False,False,False,False,False,False,False,False,False,False,"no keyword, dictionary, persona, or message signal found — needs manual research",1,11,
Markel,markel,NEEDS_COMPANY_MAPPING,NEEDS_COMPANY_MAPPING,,0.0,True,1,0,0,0,0,0,1,0,0,0,0,False,False,False,False,False,False,False,False,False,False,"no keyword, dictionary, persona, or message signal found — needs manual research",1,11,
MariaDB,mariadb,NEEDS_COMPANY_MAPPING,NEEDS_COMPANY_MAPPING,,0.0,True,1,0,0,0,0,0,1,0,0,0,0,False,False,False,False,False,False,False,False,False,False,"no keyword, dictionary, persona, or message signal found — needs manual research",1,11,
ETEGEC,etegec,NEEDS_COMPANY_MAPPING,NEEDS_COMPANY_MAPPING,,0.0,True,1,0,0,0,0,0,1,0,0,0,0,False,False,False,False,False,False,False,False,False,False,"no keyword, dictionary, persona, or message signal found — needs manual research",1,11,
estudante,estudante,NEEDS_COMPANY_MAPPING,NEEDS_COMPANY_MAPPING,,0.0,True,1,0,0,0,0,0,1,0,0,0,0,False,False,False,False,False,False,False,False,False,False,"no keyword, dictionary, persona, or message signal found — needs manual research",1,11,
Avant Business Services,avant business,NEEDS_COMPANY_MAPPING,NEEDS_COMPANY_MAPPING,,0.0,True,1,0,0,0,0,0,1,0,0,0,0,False,False,False,False,False,False,False,False,False,False,"no keyword, dictionary, persona, or message signal found — needs manual research",1,11,
AVA Bioenergia,ava bioenergia,NEEDS_COMPANY_MAPPING,NEEDS_COMPANY_MAPPING,,0.0,True,1,0,0,0,0,0,1,0,0,0,0,False,False,False,False,False,False,False,False,False,False,"no keyword, dictionary, persona, or message signal found — needs manual research",1,11,
INSYS icom,insys icom,NEEDS_COMPANY_MAPPING,NEEDS_COMPANY_MAPPING,,0.0,True,1,0,0,0,0,0,1,0,0,0,0,False,False,False,False,False,False,False,False,False,False,"no keyword, dictionary, persona, or message signal found — needs manual research",1,11,
Ministerie van Defensie,ministerie van defensie,NEEDS_COMPANY_MAPPING,NEEDS_COMPANY_MAPPING,,0.0,True,1,0,0,0,0,0,1,0,0,0,0,False,False,False,False,False,False,False,False,False,False,"no keyword, dictionary, persona, or message signal found — needs manual research",1,11,
Mineral Resources,mineral resources,NEEDS_COMPANY_MAPPING,NEEDS_COMPANY_MAPPING,,0.0,True,1,0,0,0,0,0,1,0,0,0,0,False,False,False,False,False,False,False,False,False,False,"no keyword, dictionary, persona, or message signal found — needs manual research",1,11,
Mineradores,mineradores,NEEDS_COMPANY_MAPPING,NEEDS_COMPANY_MAPPING,,0.0,True,1,0,0,0,0,0,1,0,0,0,0,False,False,False,False,False,False,False,False,False,False,"no keyword, dictionary, persona, or message signal found — needs manual research",1,11,
Mindful Concepts,mindful concepts,NEEDS_COMPANY_MAPPING,NEEDS_COMPANY_MAPPING,,0.0,True,1,0,0,0,0,0,1,0,0,0,0,False,False,False,False,False,False,False,False,False,False,"no keyword, dictionary, persona, or message signal found — needs manual research",1,11,
Mindbody,mindbody,NEEDS_COMPANY_MAPPING,NEEDS_COMPANY_MAPPING,,0.0,True,1,0,0,0,0,0,1,0,0,0,0,False,False,False,False,False,False,False,False,False,False,"no keyword, dictionary, persona, or message signal found — needs manual research",1,11,
Midway,midway,NEEDS_COMPANY_MAPPING,NEEDS_COMPANY_MAPPING,,0.0,True,1,0,0,0,0,0,1,0,0,0,0,False,False,False,False,False,False,False,False,False,False,"no keyword, dictionary, persona, or message signal found — needs manual research",1,11,
Microlins,microlins,NEEDS_COMPANY_MAPPING,NEEDS_COMPANY_MAPPING,,0.0,True,1,0,0,0,0,0,1,0,0,0,0,False,False,False,False,False,False,False,False,False,False,"no keyword, dictionary, persona, or message signal found — needs manual research",1,11,
Mibbers,mibbers,NEEDS_COMPANY_MAPPING,NEEDS_COMPANY_MAPPING,,0.0,True,1,0,0,0,0,0,1,0,0,0,0,False,False,False,False,False,False,False,False,False,False,"no keyword, dictionary, persona, or message signal found — needs manual research",1,11,
MHP – A Porsche Company,mhp – a porsche company,NEEDS_COMPANY_MAPPING,NEEDS_COMPANY_MAPPING,,0.0,True,1,0,0,0,0,0,1,0,0,0,0,False,False,False,False,False,False,False,False,False,False,"no keyword, dictionary, persona, or message signal found — needs manual research",1,11,
MG Manutenção,mg manutenção,NEEDS_COMPANY_MAPPING,NEEDS_COMPANY_MAPPING,,0.0,True,1,0,0,0,0,0,1,0,0,0,0,False,False,False,False,False,False,False,False,False,False,"no keyword, dictionary, persona, or message signal found — needs manual research",1,11,
Meu bess,meu bess,NEEDS_COMPANY_MAPPING,NEEDS_COMPANY_MAPPING,,0.0,True,1,0,0,0,0,0,1,0,0,0,0,False,False,False,False,False,False,False,False,False,False,"no keyword, dictionary, persona, or message signal found — needs manual research",1,11,
Mercury Theatre,mercury theatre,NEEDS_COMPANY_MAPPING,NEEDS_COMPANY_MAPPING,,0.0,True,1,0,0,0,0,0,1,0,0,0,0,False,False,False,False,False,False,False,False,False,False,"no keyword, dictionary, persona, or message signal found — needs manual research",1,11,
Mercafacil,mercafacil,NEEDS_COMPANY_MAPPING,NEEDS_COMPANY_MAPPING,,0.0,True,1,0,0,0,0,0,1,0,0,0,0,False,False,False,False,False,False,False,False,False,False,"no keyword, dictionary, persona, or message signal found — needs manual research",1,11,
Mentor vzw,mentor vzw,NEEDS_COMPANY_MAPPING,NEEDS_COMPANY_MAPPING,,0.0,True,1,0,0,0,0,0,1,0,0,0,0,False,False,False,False,False,False,False,False,False,False,"no keyword, dictionary, persona, or message signal found — needs manual research",1,11,
Meng GmbH,meng,NEEDS_COMPANY_MAPPING,NEEDS_COMPANY_MAPPING,,0.0,True,1,0,0,0,0,0,1,0,0,0,0,False,False,False,False,False,False,False,False,False,False,"no keyword, dictionary, persona, or message signal found — needs manual research",1,11,
Mein Leben,mein leben,NEEDS_COMPANY_MAPPING,NEEDS_COMPANY_MAPPING,,0.0,True,1,0,0,0,0,0,1,0,0,0,0,False,False,False,False,False,False,False,False,False,False,"no keyword, dictionary, persona, or message signal found — needs manual research",1,11,
Immobilien Robert Ellinghoven,immobilien robert ellinghoven,NEEDS_COMPANY_MAPPING,NEEDS_COMPANY_MAPPING,,0.0,True,1,0,0,0,0,0,1,0,0,0,0,False,False,False,False,False,False,False,False,False,False,"no keyword, dictionary, persona, or message signal found — needs manual research",1,11,
IMG Courses,img courses,NEEDS_COMPANY_MAPPING,NEEDS_COMPANY_MAPPING,,0.0,True,1,0,0,0,0,0,1,0,0,0,0,False,False,False,False,False,False,False,False,False,False,"no keyword, dictionary, persona, or message signal found — needs manual research",1,11,
Images Group,images,NEEDS_COMPANY_MAPPING,NEEDS_COMPANY_MAPPING,,0.0,True,1,0,0,0,0,0,1,0,0,0,0,False,False,False,False,False,False,False,False,False,False,"no keyword, dictionary, persona, or message signal found — needs manual research",1,11,
IMA - Instituto Mineiro de Agropecuária,ima - instituto mineiro de agropecuária,NEEDS_COMPANY_MAPPING,NEEDS_COMPANY_MAPPING,,0.0,True,1,0,0,0,0,0,1,0,0,0,0,False,False,False,False,False,False,False,False,False,False,"no keyword, dictionary, persona, or message signal found — needs manual research",1,11,
ILERWORK,ilerwork,NEEDS_COMPANY_MAPPING,NEEDS_COMPANY_MAPPING,,0.0,True,1,0,0,0,0,0,1,0,0,0,0,False,False,False,False,False,False,False,False,False,False,"no keyword, dictionary, persona, or message signal found — needs manual research",1,11,
Asian Bloom HR,asian bloom hr,NEEDS_COMPANY_MAPPING,NEEDS_COMPANY_MAPPING,,0.0,True,1,0,0,0,0,0,1,0,0,0,0,False,False,False,False,False,False,False,False,False,False,"no keyword, dictionary, persona, or message signal found — needs manual research",1,11,
Monks,monks,NEEDS_COMPANY_MAPPING,NEEDS_COMPANY_MAPPING,,0.0,True,1,0,0,0,0,0,1,0,0,0,0,False,False,False,False,False,False,False,False,False,False,"no keyword, dictionary, persona, or message signal found — needs manual research",1,11,
Monee,monee,NEEDS_COMPANY_MAPPING,NEEDS_COMPANY_MAPPING,,0.0,True,1,0,0,0,0,0,1,0,0,0,0,False,False,False,False,False,False,False,False,False,False,"no keyword, dictionary, persona, or message signal found — needs manual research",1,11,
MODIFI,modifi,NEEDS_COMPANY_MAPPING,NEEDS_COMPANY_MAPPING,,0.0,True,1,0,0,0,0,0,1,0,0,0,0,False,False,False,False,False,False,False,False,False,False,"no keyword, dictionary, persona, or message signal found — needs manual research",1,11,
Modern Health,modern health,NEEDS_COMPANY_MAPPING,NEEDS_COMPANY_MAPPING,,0.0,True,1,0,0,0,0,0,1,0,0,0,0,False,False,False,False,False,False,False,False,False,False,"no keyword, dictionary, persona, or message signal found — needs manual research",1,11,
MİTAS GROUP,mi̇tas,NEEDS_COMPANY_MAPPING,NEEDS_COMPANY_MAPPING,,0.0,True,1,0,0,0,0,0,1,0,0,0,0,False,False,False,False,False,False,False,False,False,False,"no keyword, dictionary, persona, or message signal found — needs manual research",1,11,
Mixam,mixam,NEEDS_COMPANY_MAPPING,NEEDS_COMPANY_MAPPING,,0.0,True,1,0,0,0,0,0,1,0,0,0,0,False,False,False,False,False,False,False,False,False,False,"no keyword, dictionary, persona, or message signal found — needs manual research",1,11,
MIT Sloan School of Management,mit sloan school of management,NEEDS_COMPANY_MAPPING,NEEDS_COMPANY_MAPPING,,0.0,True,1,0,0,0,0,0,1,0,0,0,0,False,False,False,False,False,False,False,False,False,False,"no keyword, dictionary, persona, or message signal found — needs manual research",1,11,
Miro,miro,NEEDS_COMPANY_MAPPING,NEEDS_COMPANY_MAPPING,,0.0,True,1,0,0,0,0,0,1,0,0,0,0,False,False,False,False,False,False,False,False,False,False,"no keyword, dictionary, persona, or message signal found — needs manual research",1,11,
MintMe.com,mintme.com,NEEDS_COMPANY_MAPPING,NEEDS_COMPANY_MAPPING,,0.0,True,1,0,0,0,0,0,1,0,0,0,0,False,False,False,False,False,False,False,False,False,False,"no keyword, dictionary, persona, or message signal found — needs manual research",1,11,
Ministério da Cultura,ministério da cultura,NEEDS_COMPANY_MAPPING,NEEDS_COMPANY_MAPPING,,0.0,True,1,0,0,0,0,0,1,0,0,0,0,False,False,False,False,False,False,False,False,False,False,"no keyword, dictionary, persona, or message signal found — needs manual research",1,11,
Blackstraw,blackstraw,NEEDS_COMPANY_MAPPING,NEEDS_COMPANY_MAPPING,,0.0,True,1,0,0,0,0,0,1,0,0,0,0,False,False,False,False,False,False,False,False,False,False,"no keyword, dictionary, persona, or message signal found — needs manual research",1,11,
Birdie,birdie,NEEDS_COMPANY_MAPPING,NEEDS_COMPANY_MAPPING,,0.0,True,1,0,0,0,0,0,1,0,0,0,0,False,False,False,False,False,False,False,False,False,False,"no keyword, dictionary, persona, or message signal found — needs manual research",1,11,
ELIS,elis,NEEDS_COMPANY_MAPPING,NEEDS_COMPANY_MAPPING,,0.0,True,1,0,0,0,0,0,1,0,0,0,0,False,False,False,False,False,False,False,False,False,False,"no keyword, dictionary, persona, or message signal found — needs manual research",1,11,
Elements,elements,NEEDS_COMPANY_MAPPING,NEEDS_COMPANY_MAPPING,,0.0,True,1,0,0,0,0,0,1,0,0,0,0,False,False,False,False,False,False,False,False,False,False,"no keyword, dictionary, persona, or message signal found — needs manual research",1,11,
Eldar,eldar,NEEDS_COMPANY_MAPPING,NEEDS_COMPANY_MAPPING,,0.0,True,1,0,0,0,0,0,1,0,0,0,0,False,False,False,False,False,False,False,False,False,False,"no keyword, dictionary, persona, or message signal found — needs manual research",1,11,
EGPA Design,egpa design,NEEDS_COMPANY_MAPPING,NEEDS_COMPANY_MAPPING,,0.0,True,1,0,0,0,0,0,1,0,0,0,0,False,False,False,False,False,False,False,False,False,False,"no keyword, dictionary, persona, or message signal found — needs manual research",1,11,
Efí Bank,efí bank,NEEDS_COMPANY_MAPPING,NEEDS_COMPANY_MAPPING,,0.0,True,1,0,0,0,0,0,1,0,0,0,0,False,False,False,False,False,False,False,False,False,False,"no keyword, dictionary, persona, or message signal found — needs manual research",1,11,
EF Global Career,ef career,NEEDS_COMPANY_MAPPING,NEEDS_COMPANY_MAPPING,,0.0,True,1,0,0,0,0,0,1,0,0,0,0,False,False,False,False,False,False,False,False,False,False,"no keyword, dictionary, persona, or message signal found — needs manual research",1,11,
Assessoria RG,assessoria rg,NEEDS_COMPANY_MAPPING,NEEDS_COMPANY_MAPPING,,0.0,True,1,0,0,0,0,0,1,0,0,0,0,False,False,False,False,False,False,False,False,False,False,"no keyword, dictionary, persona, or message signal found — needs manual research",1,11,
ASSERTIZE,assertize,NEEDS_COMPANY_MAPPING,NEEDS_COMPANY_MAPPING,,0.0,True,1,0,0,0,0,0,1,0,0,0,0,False,False,False,False,False,False,False,False,False,False,"no keyword, dictionary, persona, or message signal found — needs manual research",1,11,
InnovArise by Grupo AG,innovarise by grupo,NEEDS_COMPANY_MAPPING,NEEDS_COMPANY_MAPPING,,0.0,True,1,0,0,0,0,0,1,0,0,0,0,False,False,False,False,False,False,False,False,False,False,"no keyword, dictionary, persona, or message signal found — needs manual research",1,11,
Inkora,inkora,NEEDS_COMPANY_MAPPING,NEEDS_COMPANY_MAPPING,,0.0,True,1,0,0,0,0,0,1,0,0,0,0,False,False,False,False,False,False,False,False,False,False,"no keyword, dictionary, persona, or message signal found — needs manual research",1,11,
ING Italia,ing italia,NEEDS_COMPANY_MAPPING,NEEDS_COMPANY_MAPPING,,0.0,True,1,0,0,0,0,0,1,0,0,0,0,False,False,False,False,False,False,False,False,False,False,"no keyword, dictionary, persona, or message signal found — needs manual research",1,11,
Infinite Lambda,infinite lambda,NEEDS_COMPANY_MAPPING,NEEDS_COMPANY_MAPPING,,0.0,True,1,0,0,0,0,0,1,0,0,0,0,False,False,False,False,False,False,False,False,False,False,"no keyword, dictionary, persona, or message signal found — needs manual research",1,11,
InBetta,inbetta,NEEDS_COMPANY_MAPPING,NEEDS_COMPANY_MAPPING,,0.0,True,1,0,0,0,0,0,1,0,0,0,0,False,False,False,False,False,False,False,False,False,False,"no keyword, dictionary, persona, or message signal found — needs manual research",1,11,
IMS People Possible,ims people possible,NEEDS_COMPANY_MAPPING,NEEDS_COMPANY_MAPPING,,0.0,True,1,0,0,0,0,0,1,0,0,0,0,False,False,False,False,False,False,False,False,False,False,"no keyword, dictionary, persona, or message signal found — needs manual research",1,11,
Nasir Float Glass Industries Ltd,nasir float glass industries,NEEDS_COMPANY_MAPPING,NEEDS_COMPANY_MAPPING,,0.0,True,1,0,0,0,0,0,1,0,0,0,0,False,False,False,False,False,False,False,False,False,False,"no keyword, dictionary, persona, or message signal found — needs manual research",1,11,
NACHO Sales,nacho sales,NEEDS_COMPANY_MAPPING,NEEDS_COMPANY_MAPPING,,0.0,True,1,0,0,0,0,0,1,0,0,0,0,False,False,False,False,False,False,False,False,False,False,"no keyword, dictionary, persona, or message signal found — needs manual research",1,11,
n1co,n1co,NEEDS_COMPANY_MAPPING,NEEDS_COMPANY_MAPPING,,0.0,True,1,0,0,0,0,0,1,0,0,0,0,False,False,False,False,False,False,False,False,False,False,"no keyword, dictionary, persona, or message signal found — needs manual research",1,11,
MurryConsult LLC,murryconsult,NEEDS_COMPANY_MAPPING,NEEDS_COMPANY_MAPPING,,0.0,True,1,0,0,0,0,0,1,0,0,0,0,False,False,False,False,False,False,False,False,False,False,"no keyword, dictionary, persona, or message signal found — needs manual research",1,11,
mSupply,msupply,NEEDS_COMPANY_MAPPING,NEEDS_COMPANY_MAPPING,,0.0,True,1,0,0,0,0,0,1,0,0,0,0,False,False,False,False,False,False,False,False,False,False,"no keyword, dictionary, persona, or message signal found — needs manual research",1,11,
MSC Mediterranean Shipping Company,msc mediterranean shipping company,NEEDS_COMPANY_MAPPING,NEEDS_COMPANY_MAPPING,,0.0,True,1,0,0,0,0,0,1,0,0,0,0,False,False,False,False,False,False,False,False,False,False,"no keyword, dictionary, persona, or message signal found — needs manual research",1,11,
MOZAYDO,mozaydo,NEEDS_COMPANY_MAPPING,NEEDS_COMPANY_MAPPING,,0.0,True,1,0,0,0,0,0,1,0,0,0,0,False,False,False,False,False,False,False,False,False,False,"no keyword, dictionary, persona, or message signal found — needs manual research",1,11,
MOTUS Consultora | Estratégia en Recursos Humanos,motus consultora | estratégia en recursos humanos,NEEDS_COMPANY_MAPPING,NEEDS_COMPANY_MAPPING,,0.0,True,1,0,0,0,0,0,1,0,0,0,0,False,False,False,False,False,False,False,False,False,False,"no keyword, dictionary, persona, or message signal found — needs manual research",1,11,
Moody's Corporation,moody's,NEEDS_COMPANY_MAPPING,NEEDS_COMPANY_MAPPING,,0.0,True,1,0,0,0,0,0,1,0,0,0,0,False,False,False,False,False,False,False,False,False,False,"no keyword, dictionary, persona, or message signal found — needs manual research",1,11,
atelier TILIJA,atelier tilija,NEEDS_COMPANY_MAPPING,NEEDS_COMPANY_MAPPING,,0.0,True,1,0,0,0,0,0,1,0,0,0,0,False,False,False,False,False,False,False,False,False,False,"no keyword, dictionary, persona, or message signal found — needs manual research",1,11,
ATALIAN,atalian,NEEDS_COMPANY_MAPPING,NEEDS_COMPANY_MAPPING,,0.0,True,1,0,0,0,0,0,1,0,0,0,0,False,False,False,False,False,False,False,False,False,False,"no keyword, dictionary, persona, or message signal found — needs manual research",1,11,
Astrana Health,astrana health,NEEDS_COMPANY_MAPPING,NEEDS_COMPANY_MAPPING,,0.0,True,1,0,0,0,0,0,1,0,0,0,0,False,False,False,False,False,False,False,False,False,False,"no keyword, dictionary, persona, or message signal found — needs manual research",1,11,
Astellas Pharma,astellas pharma,NEEDS_COMPANY_MAPPING,NEEDS_COMPANY_MAPPING,,0.0,True,1,0,0,0,0,0,1,0,0,0,0,False,False,False,False,False,False,False,False,False,False,"no keyword, dictionary, persona, or message signal found — needs manual research",1,11,
Assurant,assurant,NEEDS_COMPANY_MAPPING,NEEDS_COMPANY_MAPPING,,0.0,True,1,0,0,0,0,0,1,0,0,0,0,False,False,False,False,False,False,False,False,False,False,"no keyword, dictionary, persona, or message signal found — needs manual research",1,11,
Associacao Junior Achievement Do Rio Grande Do Sul,associacao junior achievement do rio grande do sul,NEEDS_COMPANY_MAPPING,NEEDS_COMPANY_MAPPING,,0.0,True,1,0,0,0,0,0,1,0,0,0,0,False,False,False,False,False,False,False,False,False,False,"no keyword, dictionary, persona, or message signal found — needs manual research",1,11,
Asset Locale,asset locale,NEEDS_COMPANY_MAPPING,NEEDS_COMPANY_MAPPING,,0.0,True,1,0,0,0,0,0,1,0,0,0,0,False,False,False,False,False,False,False,False,False,False,"no keyword, dictionary, persona, or message signal found — needs manual research",1,11,
EAE Solutions,eae,NEEDS_COMPANY_MAPPING,GLOBAL_OPPORTUNITY,GLOBAL_CONSULTING,0.55,True,1,0,0,0,0,0,1,0,0,0,0,False,False,False,False,False,False,False,False,False,True,generic 'solutions' keyword in company name (weak signal),1,11,"  ""eae solutions"": {market: GLOBAL_OPPORTUNITY_UNRESOLVED_REGION, category: GLOBAL_CONSULTING}"
e-Safer,e-safer,NEEDS_COMPANY_MAPPING,NEEDS_COMPANY_MAPPING,,0.0,True,1,0,0,0,0,0,1,0,0,0,0,False,False,False,False,False,False,False,False,False,False,"no keyword, dictionary, persona, or message signal found — needs manual research",1,11,
DZ BANK AG,dz bank,NEEDS_COMPANY_MAPPING,NEEDS_COMPANY_MAPPING,,0.0,True,1,0,0,0,0,0,1,0,0,0,0,False,False,False,False,False,False,False,False,False,False,"no keyword, dictionary, persona, or message signal found — needs manual research",1,11,
DynamicCare Benefícios,dynamiccare benefícios,NEEDS_COMPANY_MAPPING,NEEDS_COMPANY_MAPPING,,0.0,True,1,0,0,0,0,0,1,0,0,0,0,False,False,False,False,False,False,False,False,False,False,"no keyword, dictionary, persona, or message signal found — needs manual research",1,11,
Dutch TecSource B.V,dutch tecsource b.v,NEEDS_COMPANY_MAPPING,NEEDS_COMPANY_MAPPING,,0.0,True,1,0,0,0,0,0,1,0,0,0,0,False,False,False,False,False,False,False,False,False,False,"no keyword, dictionary, persona, or message signal found — needs manual research",1,11,
DUO GROUP,duo,NEEDS_COMPANY_MAPPING,NEEDS_COMPANY_MAPPING,,0.0,True,1,0,0,0,0,0,1,0,0,0,0,False,False,False,False,False,False,False,False,False,False,"no keyword, dictionary, persona, or message signal found — needs manual research",1,11,
Dunbia Group,dunbia,NEEDS_COMPANY_MAPPING,NEEDS_COMPANY_MAPPING,,0.0,True,1,0,0,0,0,0,1,0,0,0,0,False,False,False,False,False,False,False,False,False,False,"no keyword, dictionary, persona, or message signal found — needs manual research",1,11,
Dualis,dualis,NEEDS_COMPANY_MAPPING,NEEDS_COMPANY_MAPPING,,0.0,True,1,0,0,0,0,0,1,0,0,0,0,False,False,False,False,False,False,False,False,False,False,"no keyword, dictionary, persona, or message signal found — needs manual research",1,11,
dr. Fuchs Personalberatung,dr. fuchs personalberatung,NEEDS_COMPANY_MAPPING,NEEDS_COMPANY_MAPPING,,0.0,True,1,0,0,0,0,0,1,0,0,0,0,False,False,False,False,False,False,False,False,False,False,"no keyword, dictionary, persona, or message signal found — needs manual research",1,11,
Neue Narrative,neue narrative,NEEDS_COMPANY_MAPPING,NEEDS_COMPANY_MAPPING,,0.0,True,1,0,0,0,0,0,1,0,0,0,0,False,False,False,False,False,False,False,False,False,False,"no keyword, dictionary, persona, or message signal found — needs manual research",1,11,
NETZSCH Group,netzsch,NEEDS_COMPANY_MAPPING,NEEDS_COMPANY_MAPPING,,0.0,True,1,0,0,0,0,0,1,0,0,0,0,False,False,False,False,False,False,False,False,False,False,"no keyword, dictionary, persona, or message signal found — needs manual research",1,11,
Netfive,netfive,NEEDS_COMPANY_MAPPING,NEEDS_COMPANY_MAPPING,,0.0,True,1,0,0,0,0,0,1,0,0,0,0,False,False,False,False,False,False,False,False,False,False,"no keyword, dictionary, persona, or message signal found — needs manual research",1,11,
Net Temps Limited,net temps,NEEDS_COMPANY_MAPPING,NEEDS_COMPANY_MAPPING,,0.0,True,1,0,0,0,0,0,1,0,0,0,0,False,False,False,False,False,False,False,False,False,False,"no keyword, dictionary, persona, or message signal found — needs manual research",1,11,
Nessentis,nessentis,NEEDS_COMPANY_MAPPING,NEEDS_COMPANY_MAPPING,,0.0,True,1,0,0,0,0,0,1,0,0,0,0,False,False,False,False,False,False,False,False,False,False,"no keyword, dictionary, persona, or message signal found — needs manual research",1,11,
NeenOpal Inc,neenopal,NEEDS_COMPANY_MAPPING,NEEDS_COMPANY_MAPPING,,0.0,True,1,0,0,0,0,0,1,0,0,0,0,False,False,False,False,False,False,False,False,False,False,"no keyword, dictionary, persona, or message signal found — needs manual research",1,11,
NAVA · Executive Support & Growth,nava · executive support & growth,NEEDS_COMPANY_MAPPING,NEEDS_COMPANY_MAPPING,,0.0,True,1,0,0,0,0,0,1,0,0,0,0,False,False,False,False,False,False,False,False,False,False,"no keyword, dictionary, persona, or message signal found — needs manual research",1,11,
Ninecon,ninecon,NEEDS_COMPANY_MAPPING,NEEDS_COMPANY_MAPPING,,0.0,True,1,0,0,0,0,0,1,0,0,0,0,False,False,False,False,False,False,False,False,False,False,"no keyword, dictionary, persona, or message signal found — needs manual research",1,11,
Nike,nike,NEEDS_COMPANY_MAPPING,NEEDS_COMPANY_MAPPING,,0.0,True,1,0,0,0,0,0,1,0,0,0,0,False,False,False,False,False,False,False,False,False,False,"no keyword, dictionary, persona, or message signal found — needs manual research",1,11,
NielsenIQ,nielseniq,NEEDS_COMPANY_MAPPING,NEEDS_COMPANY_MAPPING,,0.0,True,1,0,0,0,0,0,1,0,0,0,0,False,False,False,False,False,False,False,False,False,False,"no keyword, dictionary, persona, or message signal found — needs manual research",1,11,
Nidec Corporation Global,nidec,NEEDS_COMPANY_MAPPING,NEEDS_COMPANY_MAPPING,,0.0,True,1,0,0,0,0,0,1,0,0,0,0,False,False,False,False,False,False,False,False,False,False,"no keyword, dictionary, persona, or message signal found — needs manual research",1,11,
Nicoly Oliveira,nicoly oliveira,NEEDS_COMPANY_MAPPING,NEEDS_COMPANY_MAPPING,,0.0,True,1,0,0,0,0,0,1,0,0,0,0,False,False,False,False,False,False,False,False,False,False,"no keyword, dictionary, persona, or message signal found — needs manual research",1,11,
NGAGE,ngage,NEEDS_COMPANY_MAPPING,NEEDS_COMPANY_MAPPING,,0.0,True,1,0,0,0,0,0,1,0,0,0,0,False,False,False,False,False,False,False,False,False,False,"no keyword, dictionary, persona, or message signal found — needs manual research",1,11,
nexwave,nexwave,NEEDS_COMPANY_MAPPING,NEEDS_COMPANY_MAPPING,,0.0,True,1,0,0,0,0,0,1,0,0,0,0,False,False,False,False,False,False,False,False,False,False,"no keyword, dictionary, persona, or message signal found — needs manual research",1,11,
NexCen Global Inc,nexcen,NEEDS_COMPANY_MAPPING,NEEDS_COMPANY_MAPPING,,0.0,True,1,0,0,0,0,0,1,0,0,0,0,False,False,False,False,False,False,False,False,False,False,"no keyword, dictionary, persona, or message signal found — needs manual research",1,11,
NewtonX,newtonx,NEEDS_COMPANY_MAPPING,NEEDS_COMPANY_MAPPING,,0.0,True,1,0,0,0,0,0,1,0,0,0,0,False,False,False,False,False,False,False,False,False,False,"no keyword, dictionary, persona, or message signal found — needs manual research",1,11,
Newsela,newsela,NEEDS_COMPANY_MAPPING,NEEDS_COMPANY_MAPPING,,0.0,True,1,0,0,0,0,0,1,0,0,0,0,False,False,False,False,False,False,False,False,False,False,"no keyword, dictionary, persona, or message signal found — needs manual research",1,11,
Newnew | Educação Corporativa,newnew | educação corporativa,NEEDS_COMPANY_MAPPING,NEEDS_COMPANY_MAPPING,,0.0,True,1,0,0,0,0,0,1,0,0,0,0,False,False,False,False,False,False,False,False,False,False,"no keyword, dictionary, persona, or message signal found — needs manual research",1,11,
Neumüller Elektronik GmbH,neumüller elektronik,NEEDS_COMPANY_MAPPING,NEEDS_COMPANY_MAPPING,,0.0,True,1,0,0,0,0,0,1,0,0,0,0,False,False,False,False,False,False,False,False,False,False,"no keyword, dictionary, persona, or message signal found — needs manual research",1,11,
Eden,eden,NEEDS_COMPANY_MAPPING,NEEDS_COMPANY_MAPPING,,0.0,True,1,0,0,0,0,0,1,0,0,0,0,False,False,False,False,False,False,False,False,False,False,"no keyword, dictionary, persona, or message signal found — needs manual research",1,11,
EcoVidaPlast,ecovidaplast,NEEDS_COMPANY_MAPPING,NEEDS_COMPANY_MAPPING,,0.0,True,1,0,0,0,0,0,1,0,0,0,0,False,False,False,False,False,False,False,False,False,False,"no keyword, dictionary, persona, or message signal found — needs manual research",1,11,
EBANX,ebanx,NEEDS_COMPANY_MAPPING,NEEDS_COMPANY_MAPPING,,0.0,True,1,0,0,0,0,0,1,0,0,0,0,False,False,False,False,False,False,False,False,False,False,"no keyword, dictionary, persona, or message signal found — needs manual research",1,11,
Easy Carros,easy carros,NEEDS_COMPANY_MAPPING,NEEDS_COMPANY_MAPPING,,0.0,True,1,0,0,0,0,0,1,0,0,0,0,False,False,False,False,False,False,False,False,False,False,"no keyword, dictionary, persona, or message signal found — needs manual research",1,11,
iCube - Direction informatique Castel,icube - direction informatique castel,NEEDS_COMPANY_MAPPING,NEEDS_COMPANY_MAPPING,,0.0,True,1,0,0,0,0,0,1,0,0,0,0,False,False,False,False,False,False,False,False,False,False,"no keyword, dictionary, persona, or message signal found — needs manual research",1,11,
ICTS,icts,NEEDS_COMPANY_MAPPING,NEEDS_COMPANY_MAPPING,,0.0,True,1,0,0,0,0,0,1,0,0,0,0,False,False,False,False,False,False,False,False,False,False,"no keyword, dictionary, persona, or message signal found — needs manual research",1,11,
ICT Group,ict,NEEDS_COMPANY_MAPPING,NEEDS_COMPANY_MAPPING,,0.0,True,1,0,0,0,0,0,1,0,0,0,0,False,False,False,False,False,False,False,False,False,False,"no keyword, dictionary, persona, or message signal found — needs manual research",1,11,
Ici - Instituto das Cidades Inteligentes,ici - instituto das cidades inteligentes,NEEDS_COMPANY_MAPPING,NEEDS_COMPANY_MAPPING,,0.0,True,1,0,0,0,0,0,1,0,0,0,0,False,False,False,False,False,False,False,False,False,False,"no keyword, dictionary, persona, or message signal found — needs manual research",1,11,
IBRA+ Carreira e Recolocação Assertiva,ibra+ carreira e recolocação assertiva,NEEDS_COMPANY_MAPPING,NEEDS_COMPANY_MAPPING,,0.0,True,1,0,0,0,0,0,1,0,0,0,0,False,False,False,False,False,False,False,False,False,False,"no keyword, dictionary, persona, or message signal found — needs manual research",1,11,
i9edu,i9edu,NEEDS_COMPANY_MAPPING,NEEDS_COMPANY_MAPPING,,0.0,True,1,0,0,0,0,0,1,0,0,0,0,False,False,False,False,False,False,False,False,False,False,"no keyword, dictionary, persona, or message signal found — needs manual research",1,11,
i-Link Solutions/State of MA,i-link /state of ma,NEEDS_COMPANY_MAPPING,GLOBAL_OPPORTUNITY,GLOBAL_CONSULTING,0.55,True,1,0,0,0,0,0,1,0,0,0,0,False,False,False,False,False,False,False,False,False,True,generic 'solutions' keyword in company name (weak signal),1,11,"  ""i-link solutions/state of ma"": {market: GLOBAL_OPPORTUNITY_UNRESOLVED_REGION, category: GLOBAL_CONSULTING}"
ARTEMIS Augenkliniken und med. Versorgungszentren,artemis augenkliniken und med. versorgungszentren,NEEDS_COMPANY_MAPPING,NEEDS_COMPANY_MAPPING,,0.0,True,1,0,0,0,0,0,1,0,0,0,0,False,False,False,False,False,False,False,False,False,False,"no keyword, dictionary, persona, or message signal found — needs manual research",1,11,
Arrows,arrows,NEEDS_COMPANY_MAPPING,NEEDS_COMPANY_MAPPING,,0.0,True,1,0,0,0,0,0,1,0,0,0,0,False,False,False,False,False,False,False,False,False,False,"no keyword, dictionary, persona, or message signal found — needs manual research",1,11,
Arrow Electronics,arrow electronics,NEEDS_COMPANY_MAPPING,NEEDS_COMPANY_MAPPING,,0.0,True,1,0,0,0,0,0,1,0,0,0,0,False,False,False,False,False,False,False,False,False,False,"no keyword, dictionary, persona, or message signal found — needs manual research",1,11,
Armenian Code Academy,armenian code academy,NEEDS_COMPANY_MAPPING,NEEDS_COMPANY_MAPPING,,0.0,True,1,0,0,0,0,0,1,0,0,0,0,False,False,False,False,False,False,False,False,False,False,"no keyword, dictionary, persona, or message signal found — needs manual research",1,11,
ArkValue,arkvalue,NEEDS_COMPANY_MAPPING,NEEDS_COMPANY_MAPPING,,0.0,True,1,0,0,0,0,0,1,0,0,0,0,False,False,False,False,False,False,False,False,False,False,"no keyword, dictionary, persona, or message signal found — needs manual research",1,11,
ARIMANY Selecció de Talent,arimany selecció de talent,NEEDS_COMPANY_MAPPING,GLOBAL_STAFFING,GLOBAL_STAFFING,0.8,True,1,0,0,0,0,0,1,0,0,0,0,False,False,False,False,False,False,False,False,True,False,staffing/recruiting keyword in company name,1,11,"  ""arimany selecció de talent"": {market: GLOBAL_STAFFING, category: GLOBAL_STAFFING}"
Arik Tekh LLC,arik tekh,NEEDS_COMPANY_MAPPING,NEEDS_COMPANY_MAPPING,,0.0,True,1,0,0,0,0,0,1,0,0,0,0,False,False,False,False,False,False,False,False,False,False,"no keyword, dictionary, persona, or message signal found — needs manual research",1,11,
Nomad Career,nomad career,NEEDS_COMPANY_MAPPING,NEEDS_COMPANY_MAPPING,,0.0,True,1,0,0,0,0,0,1,0,0,0,0,False,False,False,False,False,False,False,False,False,False,"no keyword, dictionary, persona, or message signal found — needs manual research",1,11,
Nodos Hub,nodos hub,NEEDS_COMPANY_MAPPING,NEEDS_COMPANY_MAPPING,,0.0,True,1,0,0,0,0,0,1,0,0,0,0,False,False,False,False,False,False,False,False,False,False,"no keyword, dictionary, persona, or message signal found — needs manual research",1,11,
Oasis Infobyte,oasis infobyte,NEEDS_COMPANY_MAPPING,NEEDS_COMPANY_MAPPING,,0.0,True,1,0,0,0,0,0,1,0,0,0,0,False,False,False,False,False,False,False,False,False,False,"no keyword, dictionary, persona, or message signal found — needs manual research",1,11,
O'Reilly Media,o'reilly media,NEEDS_COMPANY_MAPPING,NEEDS_COMPANY_MAPPING,,0.0,True,1,0,0,0,0,0,1,0,0,0,0,False,False,False,False,False,False,False,False,False,False,"no keyword, dictionary, persona, or message signal found — needs manual research",1,11,
Nômad Recursos Humanos,nômad recursos humanos,NEEDS_COMPANY_MAPPING,NEEDS_COMPANY_MAPPING,,0.0,True,1,0,0,0,0,0,1,0,0,0,0,False,False,False,False,False,False,False,False,False,False,"no keyword, dictionary, persona, or message signal found — needs manual research",1,11,
NuageIT,nuageit,NEEDS_COMPANY_MAPPING,NEEDS_COMPANY_MAPPING,,0.0,True,1,0,0,0,0,0,1,0,0,0,0,False,False,False,False,False,False,False,False,False,False,"no keyword, dictionary, persona, or message signal found — needs manual research",1,11,
NTT Ltd,ntt,NEEDS_COMPANY_MAPPING,NEEDS_COMPANY_MAPPING,,0.0,True,1,0,0,0,0,0,1,0,0,0,0,False,False,False,False,False,False,False,False,False,False,"no keyword, dictionary, persona, or message signal found — needs manual research",1,11,
notro,notro,NEEDS_COMPANY_MAPPING,NEEDS_COMPANY_MAPPING,,0.0,True,1,0,0,0,0,0,1,0,0,0,0,False,False,False,False,False,False,False,False,False,False,"no keyword, dictionary, persona, or message signal found — needs manual research",1,11,
Nord Group,nord,NEEDS_COMPANY_MAPPING,NEEDS_COMPANY_MAPPING,,0.0,True,1,0,0,0,0,0,1,0,0,0,0,False,False,False,False,False,False,False,False,False,False,"no keyword, dictionary, persona, or message signal found — needs manual research",1,11,
ASHRAE Brasília Student Branch,ashrae brasília student branch,NEEDS_COMPANY_MAPPING,NEEDS_COMPANY_MAPPING,,0.0,True,1,0,0,0,0,0,1,0,0,0,0,False,False,False,False,False,False,False,False,False,False,"no keyword, dictionary, persona, or message signal found — needs manual research",1,11,
"Aseguradora General, S.A",aseguradora general,NEEDS_COMPANY_MAPPING,NEEDS_COMPANY_MAPPING,,0.0,True,1,0,0,0,0,0,1,0,0,0,0,False,False,False,False,False,False,False,False,False,False,"no keyword, dictionary, persona, or message signal found — needs manual research",1,11,
Arvato,arvato,NEEDS_COMPANY_MAPPING,NEEDS_COMPANY_MAPPING,,0.0,True,1,0,0,0,0,0,1,0,0,0,0,False,False,False,False,False,False,False,False,False,False,"no keyword, dictionary, persona, or message signal found — needs manual research",1,11,
IKO International,iko international,NEEDS_COMPANY_MAPPING,NEEDS_COMPANY_MAPPING,,0.0,True,1,0,0,0,0,0,1,0,0,0,0,False,False,False,False,False,False,False,False,False,False,"no keyword, dictionary, persona, or message signal found — needs manual research",1,11,
IFSP - Campus Salto,ifsp - campus salto,NEEDS_COMPANY_MAPPING,NEEDS_COMPANY_MAPPING,,0.0,True,1,0,0,0,0,0,1,0,0,0,0,False,False,False,False,False,False,False,False,False,False,"no keyword, dictionary, persona, or message signal found — needs manual research",1,11,
ieTeam Consultores,ieteam consultores,NEEDS_COMPANY_MAPPING,NEEDS_COMPANY_MAPPING,,0.0,True,1,0,0,0,0,0,1,0,0,0,0,False,False,False,False,False,False,False,False,False,False,"no keyword, dictionary, persona, or message signal found — needs manual research",1,11,
IEEE,ieee,NEEDS_COMPANY_MAPPING,NEEDS_COMPANY_MAPPING,,0.0,True,1,0,0,0,0,0,1,0,0,0,0,False,False,False,False,False,False,False,False,False,False,"no keyword, dictionary, persona, or message signal found — needs manual research",1,11,
ID\TBWA,id\tbwa,NEEDS_COMPANY_MAPPING,NEEDS_COMPANY_MAPPING,,0.0,True,1,0,0,0,0,0,1,0,0,0,0,False,False,False,False,False,False,False,False,False,False,"no keyword, dictionary, persona, or message signal found — needs manual research",1,11,
ID.me,id.me,NEEDS_COMPANY_MAPPING,NEEDS_COMPANY_MAPPING,,0.0,True,1,0,0,0,0,0,1,0,0,0,0,False,False,False,False,False,False,False,False,False,False,"no keyword, dictionary, persona, or message signal found — needs manual research",1,11,
Odebrecht Angola,odebrecht angola,NEEDS_COMPANY_MAPPING,NEEDS_COMPANY_MAPPING,,0.0,True,1,0,0,0,0,0,1,0,0,0,0,False,False,False,False,False,False,False,False,False,False,"no keyword, dictionary, persona, or message signal found — needs manual research",1,11,
Odeabank,odeabank,NEEDS_COMPANY_MAPPING,NEEDS_COMPANY_MAPPING,,0.0,True,1,0,0,0,0,0,1,0,0,0,0,False,False,False,False,False,False,False,False,False,False,"no keyword, dictionary, persona, or message signal found — needs manual research",1,11,
OctronX™,octronx™,NEEDS_COMPANY_MAPPING,NEEDS_COMPANY_MAPPING,,0.0,True,1,0,0,0,0,0,1,0,0,0,0,False,False,False,False,False,False,False,False,False,False,"no keyword, dictionary, persona, or message signal found — needs manual research",1,11,
DPT - Departamento de Polícia Técnica,dpt - departamento de polícia técnica,NEEDS_COMPANY_MAPPING,NEEDS_COMPANY_MAPPING,,0.0,True,1,0,0,0,0,0,1,0,0,0,0,False,False,False,False,False,False,False,False,False,False,"no keyword, dictionary, persona, or message signal found — needs manual research",1,11,
DPS - Das Prüfunternehmen,dps - das prüfunternehmen,NEEDS_COMPANY_MAPPING,NEEDS_COMPANY_MAPPING,,0.0,True,1,0,0,0,0,0,1,0,0,0,0,False,False,False,False,False,False,False,False,False,False,"no keyword, dictionary, persona, or message signal found — needs manual research",1,11,
Doutor Finanças,doutor finanças,NEEDS_COMPANY_MAPPING,NEEDS_COMPANY_MAPPING,,0.0,True,1,0,0,0,0,0,1,0,0,0,0,False,False,False,False,False,False,False,False,False,False,"no keyword, dictionary, persona, or message signal found — needs manual research",1,11,
"Douro Acima-Transportes Turismo e Restauração, Lda","douro acima-transportes turismo e restauração, lda",NEEDS_COMPANY_MAPPING,NEEDS_COMPANY_MAPPING,,0.0,True,1,0,0,0,0,0,1,0,0,0,0,False,False,False,False,False,False,False,False,False,False,"no keyword, dictionary, persona, or message signal found — needs manual research",1,11,
DOT LABS,dot labs,NEEDS_COMPANY_MAPPING,NEEDS_COMPANY_MAPPING,,0.0,True,1,0,0,0,0,0,1,0,0,0,0,False,False,False,False,False,False,False,False,False,False,"no keyword, dictionary, persona, or message signal found — needs manual research",1,11,
Dorko,dorko,NEEDS_COMPANY_MAPPING,NEEDS_COMPANY_MAPPING,,0.0,True,1,0,0,0,0,0,1,0,0,0,0,False,False,False,False,False,False,False,False,False,False,"no keyword, dictionary, persona, or message signal found — needs manual research",1,11,
Dock,dock,NEEDS_COMPANY_MAPPING,NEEDS_COMPANY_MAPPING,,0.0,True,1,0,0,0,0,0,1,0,0,0,0,False,False,False,False,False,False,False,False,False,False,"no keyword, dictionary, persona, or message signal found — needs manual research",1,11,
DNX Soluções Tecnológicas,dnx soluções tecnológicas,NEEDS_COMPANY_MAPPING,NEEDS_COMPANY_MAPPING,,0.0,True,1,0,0,0,0,0,1,0,0,0,0,False,False,False,False,False,False,False,False,False,False,"no keyword, dictionary, persona, or message signal found — needs manual research",1,11,
DNR Teleserviços,dnr teleserviços,NEEDS_COMPANY_MAPPING,NEEDS_COMPANY_MAPPING,,0.0,True,1,0,0,0,0,0,1,0,0,0,0,False,False,False,False,False,False,False,False,False,False,"no keyword, dictionary, persona, or message signal found — needs manual research",1,11,
dnata,dnata,NEEDS_COMPANY_MAPPING,NEEDS_COMPANY_MAPPING,,0.0,True,1,0,0,0,0,0,1,0,0,0,0,False,False,False,False,False,False,False,False,False,False,"no keyword, dictionary, persona, or message signal found — needs manual research",1,11,
Ocean Investment,ocean investment,NEEDS_COMPANY_MAPPING,NEEDS_COMPANY_MAPPING,,0.0,True,1,0,0,0,0,0,1,0,0,0,0,False,False,False,False,False,False,False,False,False,False,"no keyword, dictionary, persona, or message signal found — needs manual research",1,11,
Obrela,obrela,NEEDS_COMPANY_MAPPING,NEEDS_COMPANY_MAPPING,,0.0,True,1,0,0,0,0,0,1,0,0,0,0,False,False,False,False,False,False,False,False,False,False,"no keyword, dictionary, persona, or message signal found — needs manual research",1,11,
Oberender AG,oberender,NEEDS_COMPANY_MAPPING,NEEDS_COMPANY_MAPPING,,0.0,True,1,0,0,0,0,0,1,0,0,0,0,False,False,False,False,False,False,False,False,False,False,"no keyword, dictionary, persona, or message signal found — needs manual research",1,11,
Bernoulli Educação,bernoulli educação,NEEDS_COMPANY_MAPPING,NEEDS_COMPANY_MAPPING,,0.0,True,1,0,0,0,0,0,1,0,0,0,0,False,False,False,False,False,False,False,False,False,False,"no keyword, dictionary, persona, or message signal found — needs manual research",1,11,
Berger Bau- und Industriebedarf GmbH,berger bau- und industriebedarf,NEEDS_COMPANY_MAPPING,NEEDS_COMPANY_MAPPING,,0.0,True,1,0,0,0,0,0,1,0,0,0,0,False,False,False,False,False,False,False,False,False,False,"no keyword, dictionary, persona, or message signal found — needs manual research",1,11,
Opny,opny,NEEDS_COMPANY_MAPPING,NEEDS_COMPANY_MAPPING,,0.0,True,1,0,0,0,0,0,1,0,0,0,0,False,False,False,False,False,False,False,False,False,False,"no keyword, dictionary, persona, or message signal found — needs manual research",1,11,
OPLIUM,oplium,NEEDS_COMPANY_MAPPING,NEEDS_COMPANY_MAPPING,,0.0,True,1,0,0,0,0,0,1,0,0,0,0,False,False,False,False,False,False,False,False,False,False,"no keyword, dictionary, persona, or message signal found — needs manual research",1,11,
OpenTalent,opentalent,NEEDS_COMPANY_MAPPING,NEEDS_COMPANY_MAPPING,,0.0,True,1,0,0,0,0,0,1,0,0,0,0,False,False,False,False,False,False,False,False,False,False,"no keyword, dictionary, persona, or message signal found — needs manual research",1,11,
openEuler,openeuler,NEEDS_COMPANY_MAPPING,NEEDS_COMPANY_MAPPING,,0.0,True,1,0,0,0,0,0,1,0,0,0,0,False,False,False,False,False,False,False,False,False,False,"no keyword, dictionary, persona, or message signal found — needs manual research",1,11,
OpenCON,opencon,NEEDS_COMPANY_MAPPING,NEEDS_COMPANY_MAPPING,,0.0,True,1,0,0,0,0,0,1,0,0,0,0,False,False,False,False,False,False,False,False,False,False,"no keyword, dictionary, persona, or message signal found — needs manual research",1,11,
Openbaar Ministerie,openbaar ministerie,NEEDS_COMPANY_MAPPING,NEEDS_COMPANY_MAPPING,,0.0,True,1,0,0,0,0,0,1,0,0,0,0,False,False,False,False,False,False,False,False,False,False,"no keyword, dictionary, persona, or message signal found — needs manual research",1,11,
Open (YC W24),open (yc w24),NEEDS_COMPANY_MAPPING,NEEDS_COMPANY_MAPPING,,0.0,True,1,0,0,0,0,0,1,0,0,0,0,False,False,False,False,False,False,False,False,False,False,"no keyword, dictionary, persona, or message signal found — needs manual research",1,11,
Onis Welzijn,onis welzijn,NEEDS_COMPANY_MAPPING,NEEDS_COMPANY_MAPPING,,0.0,True,1,0,0,0,0,0,1,0,0,0,0,False,False,False,False,False,False,False,False,False,False,"no keyword, dictionary, persona, or message signal found — needs manual research",1,11,
ONE HIRING,one hiring,NEEDS_COMPANY_MAPPING,NEEDS_COMPANY_MAPPING,,0.0,True,1,0,0,0,0,0,1,0,0,0,0,False,False,False,False,False,False,False,False,False,False,"no keyword, dictionary, persona, or message signal found — needs manual research",1,11,
Omnidocs,omnidocs,NEEDS_COMPANY_MAPPING,NEEDS_COMPANY_MAPPING,,0.0,True,1,0,0,0,0,0,1,0,0,0,0,False,False,False,False,False,False,False,False,False,False,"no keyword, dictionary, persona, or message signal found — needs manual research",1,11,
OM Housing,om housing,NEEDS_COMPANY_MAPPING,NEEDS_COMPANY_MAPPING,,0.0,True,1,0,0,0,0,0,1,0,0,0,0,False,False,False,False,False,False,False,False,False,False,"no keyword, dictionary, persona, or message signal found — needs manual research",1,11,
OllyGarden,ollygarden,NEEDS_COMPANY_MAPPING,NEEDS_COMPANY_MAPPING,,0.0,True,1,0,0,0,0,0,1,0,0,0,0,False,False,False,False,False,False,False,False,False,False,"no keyword, dictionary, persona, or message signal found — needs manual research",1,11,
OdontoCompany,odontocompany,NEEDS_COMPANY_MAPPING,NEEDS_COMPANY_MAPPING,,0.0,True,1,0,0,0,0,0,1,0,0,0,0,False,False,False,False,False,False,False,False,False,False,"no keyword, dictionary, persona, or message signal found — needs manual research",1,11,
Odido Nederland,odido nederland,NEEDS_COMPANY_MAPPING,NEEDS_COMPANY_MAPPING,,0.0,True,1,0,0,0,0,0,1,0,0,0,0,False,False,False,False,False,False,False,False,False,False,"no keyword, dictionary, persona, or message signal found — needs manual research",1,11,
over99,over99,NEEDS_COMPANY_MAPPING,NEEDS_COMPANY_MAPPING,,0.0,True,1,0,0,0,0,0,1,0,0,0,0,False,False,False,False,False,False,False,False,False,False,"no keyword, dictionary, persona, or message signal found — needs manual research",1,11,
OTP Group,otp,NEEDS_COMPANY_MAPPING,NEEDS_COMPANY_MAPPING,,0.0,True,1,0,0,0,0,0,1,0,0,0,0,False,False,False,False,False,False,False,False,False,False,"no keyword, dictionary, persona, or message signal found — needs manual research",1,11,
Orbital Gaming,orbital gaming,NEEDS_COMPANY_MAPPING,NEEDS_COMPANY_MAPPING,,0.0,True,1,0,0,0,0,0,1,0,0,0,0,False,False,False,False,False,False,False,False,False,False,"no keyword, dictionary, persona, or message signal found — needs manual research",1,11,
Orange Business Services,orange business,NEEDS_COMPANY_MAPPING,NEEDS_COMPANY_MAPPING,,0.0,True,1,0,0,0,0,0,1,0,0,0,0,False,False,False,False,False,False,False,False,False,False,"no keyword, dictionary, persona, or message signal found — needs manual research",1,11,
Optimum Solutions Pte Ltd,optimum pte,NEEDS_COMPANY_MAPPING,GLOBAL_OPPORTUNITY,GLOBAL_CONSULTING,0.55,True,1,0,0,0,0,0,1,0,0,0,0,False,False,False,False,False,False,False,False,False,True,generic 'solutions' keyword in company name (weak signal),1,11,"  ""optimum solutions pte ltd"": {market: GLOBAL_OPPORTUNITY_UNRESOLVED_REGION, category: GLOBAL_CONSULTING}"
Optiflow,optiflow,NEEDS_COMPANY_MAPPING,NEEDS_COMPANY_MAPPING,,0.0,True,1,0,0,0,0,0,1,0,0,0,0,False,False,False,False,False,False,False,False,False,False,"no keyword, dictionary, persona, or message signal found — needs manual research",1,11,
hyrUP GmbH,hyrup,NEEDS_COMPANY_MAPPING,NEEDS_COMPANY_MAPPING,,0.0,True,1,0,0,0,0,0,1,0,0,0,0,False,False,False,False,False,False,False,False,False,False,"no keyword, dictionary, persona, or message signal found — needs manual research",1,11,
Humanitas DMH - dienstverlening aan mensen met een hulpvraag,humanitas dmh - dienstverlening aan mensen met een hulpvraag,NEEDS_COMPANY_MAPPING,NEEDS_COMPANY_MAPPING,,0.0,True,1,0,0,0,0,0,1,0,0,0,0,False,False,False,False,False,False,False,False,False,False,"no keyword, dictionary, persona, or message signal found — needs manual research",1,11,
Hub Infinity,hub infinity,NEEDS_COMPANY_MAPPING,NEEDS_COMPANY_MAPPING,,0.0,True,1,0,0,0,0,0,1,0,0,0,0,False,False,False,False,False,False,False,False,False,False,"no keyword, dictionary, persona, or message signal found — needs manual research",1,11,
HR® Employment Bureau,hr® employment bureau,NEEDS_COMPANY_MAPPING,NEEDS_COMPANY_MAPPING,,0.0,True,1,0,0,0,0,0,1,0,0,0,0,False,False,False,False,False,False,False,False,False,False,"no keyword, dictionary, persona, or message signal found — needs manual research",1,11,
Explortal Logistics,explortal logistics,NEEDS_COMPANY_MAPPING,NEEDS_COMPANY_MAPPING,,0.0,True,1,0,0,0,0,0,1,0,0,0,0,False,False,False,False,False,False,False,False,False,False,"no keyword, dictionary, persona, or message signal found — needs manual research",1,11,
expertum Gruppe,expertum gruppe,NEEDS_COMPANY_MAPPING,NEEDS_COMPANY_MAPPING,,0.0,True,1,0,0,0,0,0,1,0,0,0,0,False,False,False,False,False,False,False,False,False,False,"no keyword, dictionary, persona, or message signal found — needs manual research",1,11,
BIGSEO,bigseo,NEEDS_COMPANY_MAPPING,NEEDS_COMPANY_MAPPING,,0.0,True,1,0,0,0,0,0,1,0,0,0,0,False,False,False,False,False,False,False,False,False,False,"no keyword, dictionary, persona, or message signal found — needs manual research",1,11,
BI4ALL,bi4all,NEEDS_COMPANY_MAPPING,NEEDS_COMPANY_MAPPING,,0.0,True,1,0,0,0,0,0,1,0,0,0,0,False,False,False,False,False,False,False,False,False,False,"no keyword, dictionary, persona, or message signal found — needs manual research",1,11,
Bi Smart,bi smart,NEEDS_COMPANY_MAPPING,NEEDS_COMPANY_MAPPING,,0.0,True,1,0,0,0,0,0,1,0,0,0,0,False,False,False,False,False,False,False,False,False,False,"no keyword, dictionary, persona, or message signal found — needs manual research",1,11,
BeSmart Corp,besmart,NEEDS_COMPANY_MAPPING,NEEDS_COMPANY_MAPPING,,0.0,True,1,0,0,0,0,0,1,0,0,0,0,False,False,False,False,False,False,False,False,False,False,"no keyword, dictionary, persona, or message signal found — needs manual research",1,11,
Peoplematters,peoplematters,NEEDS_COMPANY_MAPPING,NEEDS_COMPANY_MAPPING,,0.0,True,1,0,0,0,0,0,1,0,0,0,0,False,False,False,False,False,False,False,False,False,False,"no keyword, dictionary, persona, or message signal found — needs manual research",1,11,
People Made Machines,people made machines,NEEDS_COMPANY_MAPPING,NEEDS_COMPANY_MAPPING,,0.0,True,1,0,0,0,0,0,1,0,0,0,0,False,False,False,False,False,False,False,False,False,False,"no keyword, dictionary, persona, or message signal found — needs manual research",1,11,
Pentágono Engenharia,pentágono engenharia,NEEDS_COMPANY_MAPPING,NEEDS_COMPANY_MAPPING,,0.0,True,1,0,0,0,0,0,1,0,0,0,0,False,False,False,False,False,False,False,False,False,False,"no keyword, dictionary, persona, or message signal found — needs manual research",1,11,
Pensecom - Inteligência em Recursos Humanos,pensecom - inteligência em recursos humanos,NEEDS_COMPANY_MAPPING,NEEDS_COMPANY_MAPPING,,0.0,True,1,0,0,0,0,0,1,0,0,0,0,False,False,False,False,False,False,False,False,False,False,"no keyword, dictionary, persona, or message signal found — needs manual research",1,11,
Pecege,pecege,NEEDS_COMPANY_MAPPING,NEEDS_COMPANY_MAPPING,,0.0,True,1,0,0,0,0,0,1,0,0,0,0,False,False,False,False,False,False,False,False,False,False,"no keyword, dictionary, persona, or message signal found — needs manual research",1,11,
PdH | Partei der Humanisten,pdh | partei der humanisten,NEEDS_COMPANY_MAPPING,NEEDS_COMPANY_MAPPING,,0.0,True,1,0,0,0,0,0,1,0,0,0,0,False,False,False,False,False,False,False,False,False,False,"no keyword, dictionary, persona, or message signal found — needs manual research",1,11,
PBCN GmbH,pbcn,NEEDS_COMPANY_MAPPING,NEEDS_COMPANY_MAPPING,,0.0,True,1,0,0,0,0,0,1,0,0,0,0,False,False,False,False,False,False,False,False,False,False,"no keyword, dictionary, persona, or message signal found — needs manual research",1,11,
Payoneer,payoneer,NEEDS_COMPANY_MAPPING,NEEDS_COMPANY_MAPPING,,0.0,True,1,0,0,0,0,0,1,0,0,0,0,False,False,False,False,False,False,False,False,False,False,"no keyword, dictionary, persona, or message signal found — needs manual research",1,11,
Patton Labs Inc,patton labs,NEEDS_COMPANY_MAPPING,NEEDS_COMPANY_MAPPING,,0.0,True,1,0,0,0,0,0,1,0,0,0,0,False,False,False,False,False,False,False,False,False,False,"no keyword, dictionary, persona, or message signal found — needs manual research",1,11,
Parcelhero,parcelhero,NEEDS_COMPANY_MAPPING,NEEDS_COMPANY_MAPPING,,0.0,True,1,0,0,0,0,0,1,0,0,0,0,False,False,False,False,False,False,False,False,False,False,"no keyword, dictionary, persona, or message signal found — needs manual research",1,11,
"Paragon Films, Inc. México","paragon films, . méxico",NEEDS_COMPANY_MAPPING,NEEDS_COMPANY_MAPPING,,0.0,True,1,0,0,0,0,0,1,0,0,0,0,False,False,False,False,False,False,False,False,False,False,"no keyword, dictionary, persona, or message signal found — needs manual research",1,11,
Paperlike,paperlike,NEEDS_COMPANY_MAPPING,NEEDS_COMPANY_MAPPING,,0.0,True,1,0,0,0,0,0,1,0,0,0,0,False,False,False,False,False,False,False,False,False,False,"no keyword, dictionary, persona, or message signal found — needs manual research",1,11,
PALAS,palas,NEEDS_COMPANY_MAPPING,NEEDS_COMPANY_MAPPING,,0.0,True,1,0,0,0,0,0,1,0,0,0,0,False,False,False,False,False,False,False,False,False,False,"no keyword, dictionary, persona, or message signal found — needs manual research",1,11,
Page Contracting,page contracting,NEEDS_COMPANY_MAPPING,NEEDS_COMPANY_MAPPING,,0.0,True,1,0,0,0,0,0,1,0,0,0,0,False,False,False,False,False,False,False,False,False,False,"no keyword, dictionary, persona, or message signal found — needs manual research",1,11,
Owen Daniels,owen daniels,NEEDS_COMPANY_MAPPING,NEEDS_COMPANY_MAPPING,,0.0,True,1,0,0,0,0,0,1,0,0,0,0,False,False,False,False,False,False,False,False,False,False,"no keyword, dictionary, persona, or message signal found — needs manual research",1,11,
Overmind,overmind,NEEDS_COMPANY_MAPPING,NEEDS_COMPANY_MAPPING,,0.0,True,1,0,0,0,0,0,1,0,0,0,0,False,False,False,False,False,False,False,False,False,False,"no keyword, dictionary, persona, or message signal found — needs manual research",1,11,
HomeBuddy,homebuddy,NEEDS_COMPANY_MAPPING,NEEDS_COMPANY_MAPPING,,0.0,True,1,0,0,0,0,0,1,0,0,0,0,False,False,False,False,False,False,False,False,False,False,"no keyword, dictionary, persona, or message signal found — needs manual research",1,11,
Home2 Suites by Hilton,home2 suites by hilton,NEEDS_COMPANY_MAPPING,NEEDS_COMPANY_MAPPING,,0.0,True,1,0,0,0,0,0,1,0,0,0,0,False,False,False,False,False,False,False,False,False,False,"no keyword, dictionary, persona, or message signal found — needs manual research",1,11,
HitOcean,hitocean,NEEDS_COMPANY_MAPPING,NEEDS_COMPANY_MAPPING,,0.0,True,1,0,0,0,0,0,1,0,0,0,0,False,False,False,False,False,False,False,False,False,False,"no keyword, dictionary, persona, or message signal found — needs manual research",1,11,
Hit Ocean,hit ocean,NEEDS_COMPANY_MAPPING,NEEDS_COMPANY_MAPPING,,0.0,True,1,0,0,0,0,0,1,0,0,0,0,False,False,False,False,False,False,False,False,False,False,"no keyword, dictionary, persona, or message signal found — needs manual research",1,11,
PKF Attest,pkf attest,NEEDS_COMPANY_MAPPING,NEEDS_COMPANY_MAPPING,,0.0,True,1,0,0,0,0,0,1,0,0,0,0,False,False,False,False,False,False,False,False,False,False,"no keyword, dictionary, persona, or message signal found — needs manual research",1,11,
Pismo,pismo,NEEDS_COMPANY_MAPPING,NEEDS_COMPANY_MAPPING,,0.0,True,1,0,0,0,0,0,1,0,0,0,0,False,False,False,False,False,False,False,False,False,False,"no keyword, dictionary, persona, or message signal found — needs manual research",1,11,
Pipeimob,pipeimob,NEEDS_COMPANY_MAPPING,NEEDS_COMPANY_MAPPING,,0.0,True,1,0,0,0,0,0,1,0,0,0,0,False,False,False,False,False,False,False,False,False,False,"no keyword, dictionary, persona, or message signal found — needs manual research",1,11,
PINPOINT,pinpoint,NEEDS_COMPANY_MAPPING,NEEDS_COMPANY_MAPPING,,0.0,True,1,0,0,0,0,0,1,0,0,0,0,False,False,False,False,False,False,False,False,False,False,"no keyword, dictionary, persona, or message signal found — needs manual research",1,11,
PinkRoccade Local Government,pinkroccade local government,NEEDS_COMPANY_MAPPING,NEEDS_COMPANY_MAPPING,,0.0,True,1,0,0,0,0,0,1,0,0,0,0,False,False,False,False,False,False,False,False,False,False,"no keyword, dictionary, persona, or message signal found — needs manual research",1,11,
Petz,petz,NEEDS_COMPANY_MAPPING,NEEDS_COMPANY_MAPPING,,0.0,True,1,0,0,0,0,0,1,0,0,0,0,False,False,False,False,False,False,False,False,False,False,"no keyword, dictionary, persona, or message signal found — needs manual research",1,11,
Peter Park,peter park,NEEDS_COMPANY_MAPPING,NEEDS_COMPANY_MAPPING,,0.0,True,1,0,0,0,0,0,1,0,0,0,0,False,False,False,False,False,False,False,False,False,False,"no keyword, dictionary, persona, or message signal found — needs manual research",1,11,
Pessoa Jurídica,pessoa jurídica,NEEDS_COMPANY_MAPPING,NEEDS_COMPANY_MAPPING,,0.0,True,1,0,0,0,0,0,1,0,0,0,0,False,False,False,False,False,False,False,False,False,False,"no keyword, dictionary, persona, or message signal found — needs manual research",1,11,
Pertemps Network Group,pertemps network,NEEDS_COMPANY_MAPPING,NEEDS_COMPANY_MAPPING,,0.0,True,1,0,0,0,0,0,1,0,0,0,0,False,False,False,False,False,False,False,False,False,False,"no keyword, dictionary, persona, or message signal found — needs manual research",1,11,
Perspective Dragon,perspective dragon,NEEDS_COMPANY_MAPPING,NEEDS_COMPANY_MAPPING,,0.0,True,1,0,0,0,0,0,1,0,0,0,0,False,False,False,False,False,False,False,False,False,False,"no keyword, dictionary, persona, or message signal found — needs manual research",1,11,
Persistent Systems,persistent systems,NEEDS_COMPANY_MAPPING,NEEDS_COMPANY_MAPPING,,0.0,True,1,0,0,0,0,0,1,0,0,0,0,False,False,False,False,False,False,False,False,False,False,"no keyword, dictionary, persona, or message signal found — needs manual research",1,11,
Peritus Partners,peritus partners,NEEDS_COMPANY_MAPPING,NEEDS_COMPANY_MAPPING,,0.0,True,1,0,0,0,0,0,1,0,0,0,0,False,False,False,False,False,False,False,False,False,False,"no keyword, dictionary, persona, or message signal found — needs manual research",1,11,
Direzione Servizi Srl,direzione servizi srl,NEEDS_COMPANY_MAPPING,NEEDS_COMPANY_MAPPING,,0.0,True,1,0,0,0,0,0,1,0,0,0,0,False,False,False,False,False,False,False,False,False,False,"no keyword, dictionary, persona, or message signal found — needs manual research",1,11,
DHL Global Forwarding,dhl forwarding,NEEDS_COMPANY_MAPPING,NEEDS_COMPANY_MAPPING,,0.0,True,1,0,0,0,0,0,1,0,0,0,0,False,False,False,False,False,False,False,False,False,False,"no keyword, dictionary, persona, or message signal found — needs manual research",1,11,
dhauz,dhauz,NEEDS_COMPANY_MAPPING,NEEDS_COMPANY_MAPPING,,0.0,True,1,0,0,0,0,0,1,0,0,0,0,False,False,False,False,False,False,False,False,False,False,"no keyword, dictionary, persona, or message signal found — needs manual research",1,11,
DevIQ,deviq,NEEDS_COMPANY_MAPPING,NEEDS_COMPANY_MAPPING,,0.0,True,1,0,0,0,0,0,1,0,0,0,0,False,False,False,False,False,False,False,False,False,False,"no keyword, dictionary, persona, or message signal found — needs manual research",1,11,
Deutsche Angestellten Akademie (DAA),deutsche angestellten akademie (daa),NEEDS_COMPANY_MAPPING,NEEDS_COMPANY_MAPPING,,0.0,True,1,0,0,0,0,0,1,0,0,0,0,False,False,False,False,False,False,False,False,False,False,"no keyword, dictionary, persona, or message signal found — needs manual research",1,11,
Descasio,descasio,NEEDS_COMPANY_MAPPING,NEEDS_COMPANY_MAPPING,,0.0,True,1,0,0,0,0,0,1,0,0,0,0,False,False,False,False,False,False,False,False,False,False,"no keyword, dictionary, persona, or message signal found — needs manual research",1,11,
HR-Werkstatt GmbH,hr-werkstatt,NEEDS_COMPANY_MAPPING,NEEDS_COMPANY_MAPPING,,0.0,True,1,0,0,0,0,0,1,0,0,0,0,False,False,False,False,False,False,False,False,False,False,"no keyword, dictionary, persona, or message signal found — needs manual research",1,11,
HR factory GmbH,hr factory,NEEDS_COMPANY_MAPPING,NEEDS_COMPANY_MAPPING,,0.0,True,1,0,0,0,0,0,1,0,0,0,0,False,False,False,False,False,False,False,False,False,False,"no keyword, dictionary, persona, or message signal found — needs manual research",1,11,
Banco del Sol,banco del sol,NEEDS_COMPANY_MAPPING,NEEDS_COMPANY_MAPPING,,0.0,True,1,0,0,0,0,0,1,0,0,0,0,False,False,False,False,False,False,False,False,False,False,"no keyword, dictionary, persona, or message signal found — needs manual research",1,11,
Baku Heritage Tours - DMC,baku heritage tours - dmc,NEEDS_COMPANY_MAPPING,NEEDS_COMPANY_MAPPING,,0.0,True,1,0,0,0,0,0,1,0,0,0,0,False,False,False,False,False,False,False,False,False,False,"no keyword, dictionary, persona, or message signal found — needs manual research",1,11,
BAE Systems,bae systems,NEEDS_COMPANY_MAPPING,NEEDS_COMPANY_MAPPING,,0.0,True,1,0,0,0,0,0,1,0,0,0,0,False,False,False,False,False,False,False,False,False,False,"no keyword, dictionary, persona, or message signal found — needs manual research",1,11,
BackpackingIT,backpackingit,NEEDS_COMPANY_MAPPING,NEEDS_COMPANY_MAPPING,,0.0,True,1,0,0,0,0,0,1,0,0,0,0,False,False,False,False,False,False,False,False,False,False,"no keyword, dictionary, persona, or message signal found — needs manual research",1,11,
BAC Credomatic,bac credomatic,NEEDS_COMPANY_MAPPING,NEEDS_COMPANY_MAPPING,,0.0,True,1,0,0,0,0,0,1,0,0,0,0,False,False,False,False,False,False,False,False,False,False,"no keyword, dictionary, persona, or message signal found — needs manual research",1,11,
How to Change the World,how to change the world,NEEDS_COMPANY_MAPPING,NEEDS_COMPANY_MAPPING,,0.0,True,1,0,0,0,0,0,1,0,0,0,0,False,False,False,False,False,False,False,False,False,False,"no keyword, dictionary, persona, or message signal found — needs manual research",1,11,
Hotel Campo Marzio,hotel campo marzio,NEEDS_COMPANY_MAPPING,NEEDS_COMPANY_MAPPING,,0.0,True,1,0,0,0,0,0,1,0,0,0,0,False,False,False,False,False,False,False,False,False,False,"no keyword, dictionary, persona, or message signal found — needs manual research",1,11,
HOSPITAL IGESP,hospital igesp,NEEDS_COMPANY_MAPPING,NEEDS_COMPANY_MAPPING,,0.0,True,1,0,0,0,0,0,1,0,0,0,0,False,False,False,False,False,False,False,False,False,False,"no keyword, dictionary, persona, or message signal found — needs manual research",1,11,
Posedio GmbH,posedio,NEEDS_COMPANY_MAPPING,NEEDS_COMPANY_MAPPING,,0.0,True,1,0,0,0,0,0,1,0,0,0,0,False,False,False,False,False,False,False,False,False,False,"no keyword, dictionary, persona, or message signal found — needs manual research",1,11,
Arena,arena,NEEDS_COMPANY_MAPPING,NEEDS_COMPANY_MAPPING,,0.0,True,1,0,0,0,0,0,1,0,0,0,0,False,False,False,False,False,False,False,False,False,False,"no keyword, dictionary, persona, or message signal found — needs manual research",1,11,
Archive,archive,NEEDS_COMPANY_MAPPING,NEEDS_COMPANY_MAPPING,,0.0,True,1,0,0,0,0,0,1,0,0,0,0,False,False,False,False,False,False,False,False,False,False,"no keyword, dictionary, persona, or message signal found — needs manual research",1,11,
Archer Daniels Midland Company,archer daniels midland company,NEEDS_COMPANY_MAPPING,NEEDS_COMPANY_MAPPING,,0.0,True,1,0,0,0,0,0,1,0,0,0,0,False,False,False,False,False,False,False,False,False,False,"no keyword, dictionary, persona, or message signal found — needs manual research",1,11,
Arcadis,arcadis,NEEDS_COMPANY_MAPPING,NEEDS_COMPANY_MAPPING,,0.0,True,1,0,0,0,0,0,1,0,0,0,0,False,False,False,False,False,False,False,False,False,False,"no keyword, dictionary, persona, or message signal found — needs manual research",1,11,
Arcadea Group,arcadea,NEEDS_COMPANY_MAPPING,NEEDS_COMPANY_MAPPING,,0.0,True,1,0,0,0,0,0,1,0,0,0,0,False,False,False,False,False,False,False,False,False,False,"no keyword, dictionary, persona, or message signal found — needs manual research",1,11,
ARCA Mobility as a Service,arca mobility as a,NEEDS_COMPANY_MAPPING,NEEDS_COMPANY_MAPPING,,0.0,True,1,0,0,0,0,0,1,0,0,0,0,False,False,False,False,False,False,False,False,False,False,"no keyword, dictionary, persona, or message signal found — needs manual research",1,11,
APSCo,apsco,NEEDS_COMPANY_MAPPING,NEEDS_COMPANY_MAPPING,,0.0,True,1,0,0,0,0,0,1,0,0,0,0,False,False,False,False,False,False,False,False,False,False,"no keyword, dictionary, persona, or message signal found — needs manual research",1,11,
PortX,portx,NEEDS_COMPANY_MAPPING,NEEDS_COMPANY_MAPPING,,0.0,True,1,0,0,0,0,0,1,0,0,0,0,False,False,False,False,False,False,False,False,False,False,"no keyword, dictionary, persona, or message signal found — needs manual research",1,11,
Pontifícia Universidade Católica do Rio Grande do Sul,pontifícia universidade católica do rio grande do sul,NEEDS_COMPANY_MAPPING,NEEDS_COMPANY_MAPPING,,0.0,True,1,0,0,0,0,0,1,0,0,0,0,False,False,False,False,False,False,False,False,False,False,"no keyword, dictionary, persona, or message signal found — needs manual research",1,11,
Polis Immobilien AG,polis immobilien,NEEDS_COMPANY_MAPPING,NEEDS_COMPANY_MAPPING,,0.0,True,1,0,0,0,0,0,1,0,0,0,0,False,False,False,False,False,False,False,False,False,False,"no keyword, dictionary, persona, or message signal found — needs manual research",1,11,
Polar,polar,NEEDS_COMPANY_MAPPING,NEEDS_COMPANY_MAPPING,,0.0,True,1,0,0,0,0,0,1,0,0,0,0,False,False,False,False,False,False,False,False,False,False,"no keyword, dictionary, persona, or message signal found — needs manual research",1,11,
Pobre Juan,pobre juan,NEEDS_COMPANY_MAPPING,NEEDS_COMPANY_MAPPING,,0.0,True,1,0,0,0,0,0,1,0,0,0,0,False,False,False,False,False,False,False,False,False,False,"no keyword, dictionary, persona, or message signal found — needs manual research",1,11,
Platonix AG,platonix,NEEDS_COMPANY_MAPPING,NEEDS_COMPANY_MAPPING,,0.0,True,1,0,0,0,0,0,1,0,0,0,0,False,False,False,False,False,False,False,False,False,False,"no keyword, dictionary, persona, or message signal found — needs manual research",1,11,
Plarium,plarium,NEEDS_COMPANY_MAPPING,NEEDS_COMPANY_MAPPING,,0.0,True,1,0,0,0,0,0,1,0,0,0,0,False,False,False,False,False,False,False,False,False,False,"no keyword, dictionary, persona, or message signal found — needs manual research",1,11,
Planet Earth,planet earth,NEEDS_COMPANY_MAPPING,NEEDS_COMPANY_MAPPING,,0.0,True,1,0,0,0,0,0,1,0,0,0,0,False,False,False,False,False,False,False,False,False,False,"no keyword, dictionary, persona, or message signal found — needs manual research",1,11,
Familia en Equilibrio,familia en equilibrio,NEEDS_COMPANY_MAPPING,NEEDS_COMPANY_MAPPING,,0.0,True,1,0,0,0,0,0,1,0,0,0,0,False,False,False,False,False,False,False,False,False,False,"no keyword, dictionary, persona, or message signal found — needs manual research",1,11,
FAMAR,famar,NEEDS_COMPANY_MAPPING,NEEDS_COMPANY_MAPPING,,0.0,True,1,0,0,0,0,0,1,0,0,0,0,False,False,False,False,False,False,False,False,False,False,"no keyword, dictionary, persona, or message signal found — needs manual research",1,11,
Faculdade Cesusc,faculdade cesusc,NEEDS_COMPANY_MAPPING,NEEDS_COMPANY_MAPPING,,0.0,True,1,0,0,0,0,0,1,0,0,0,0,False,False,False,False,False,False,False,False,False,False,"no keyword, dictionary, persona, or message signal found — needs manual research",1,11,
Fabletics,fabletics,NEEDS_COMPANY_MAPPING,NEEDS_COMPANY_MAPPING,,0.0,True,1,0,0,0,0,0,1,0,0,0,0,False,False,False,False,False,False,False,False,False,False,"no keyword, dictionary, persona, or message signal found — needs manual research",1,11,
Privat,privat,NEEDS_COMPANY_MAPPING,NEEDS_COMPANY_MAPPING,,0.0,True,1,0,0,0,0,0,1,0,0,0,0,False,False,False,False,False,False,False,False,False,False,"no keyword, dictionary, persona, or message signal found — needs manual research",1,11,
Privacy,privacy,NEEDS_COMPANY_MAPPING,NEEDS_COMPANY_MAPPING,,0.0,True,1,0,0,0,0,0,1,0,0,0,0,False,False,False,False,False,False,False,False,False,False,"no keyword, dictionary, persona, or message signal found — needs manual research",1,11,
Priner,priner,NEEDS_COMPANY_MAPPING,NEEDS_COMPANY_MAPPING,,0.0,True,1,0,0,0,0,0,1,0,0,0,0,False,False,False,False,False,False,False,False,False,False,"no keyword, dictionary, persona, or message signal found — needs manual research",1,11,
PrimeHire,primehire,NEEDS_COMPANY_MAPPING,NEEDS_COMPANY_MAPPING,,0.0,True,1,0,0,0,0,0,1,0,0,0,0,False,False,False,False,False,False,False,False,False,False,"no keyword, dictionary, persona, or message signal found — needs manual research",1,11,
Prevemt Medicina Do Trabalho,prevemt medicina do trabalho,NEEDS_COMPANY_MAPPING,NEEDS_COMPANY_MAPPING,,0.0,True,1,0,0,0,0,0,1,0,0,0,0,False,False,False,False,False,False,False,False,False,False,"no keyword, dictionary, persona, or message signal found — needs manual research",1,11,
Presence Tecnologia,presence tecnologia,NEEDS_COMPANY_MAPPING,NEEDS_COMPANY_MAPPING,,0.0,True,1,0,0,0,0,0,1,0,0,0,0,False,False,False,False,False,False,False,False,False,False,"no keyword, dictionary, persona, or message signal found — needs manual research",1,11,
Prefeitura Municipal de Simão Pereira,prefeitura municipal de simão pereira,NEEDS_COMPANY_MAPPING,NEEDS_COMPANY_MAPPING,,0.0,True,1,0,0,0,0,0,1,0,0,0,0,False,False,False,False,False,False,False,False,False,False,"no keyword, dictionary, persona, or message signal found — needs manual research",1,11,
Prefeitura Municipal de Lauro de Freitas,prefeitura municipal de lauro de freitas,NEEDS_COMPANY_MAPPING,NEEDS_COMPANY_MAPPING,,0.0,True,1,0,0,0,0,0,1,0,0,0,0,False,False,False,False,False,False,False,False,False,False,"no keyword, dictionary, persona, or message signal found — needs manual research",1,11,
Prefeitura Municipal de Entre Rios,prefeitura municipal de entre rios,NEEDS_COMPANY_MAPPING,NEEDS_COMPANY_MAPPING,,0.0,True,1,0,0,0,0,0,1,0,0,0,0,False,False,False,False,False,False,False,False,False,False,"no keyword, dictionary, persona, or message signal found — needs manual research",1,11,
Prefeitura Municipal de Aporé,prefeitura municipal de aporé,NEEDS_COMPANY_MAPPING,NEEDS_COMPANY_MAPPING,,0.0,True,1,0,0,0,0,0,1,0,0,0,0,False,False,False,False,False,False,False,False,False,False,"no keyword, dictionary, persona, or message signal found — needs manual research",1,11,
Potencializando Talentos,potencializando talentos,NEEDS_COMPANY_MAPPING,NEEDS_COMPANY_MAPPING,,0.0,True,1,0,0,0,0,0,1,0,0,0,0,False,False,False,False,False,False,False,False,False,False,"no keyword, dictionary, persona, or message signal found — needs manual research",1,11,
Department of Culture and Tourism – Abu Dhabi (DCT Abu Dhabi),department of culture and tourism – abu dhabi (dct abu dhabi),NEEDS_COMPANY_MAPPING,NEEDS_COMPANY_MAPPING,,0.0,True,1,0,0,0,0,0,1,0,0,0,0,False,False,False,False,False,False,False,False,False,False,"no keyword, dictionary, persona, or message signal found — needs manual research",1,11,
Denholm Associates,denholm associates,NEEDS_COMPANY_MAPPING,NEEDS_COMPANY_MAPPING,,0.0,True,1,0,0,0,0,0,1,0,0,0,0,False,False,False,False,False,False,False,False,False,False,"no keyword, dictionary, persona, or message signal found — needs manual research",1,11,
Deltacubes,deltacubes,NEEDS_COMPANY_MAPPING,NEEDS_COMPANY_MAPPING,,0.0,True,1,0,0,0,0,0,1,0,0,0,0,False,False,False,False,False,False,False,False,False,False,"no keyword, dictionary, persona, or message signal found — needs manual research",1,11,
delaware International,delaware international,NEEDS_COMPANY_MAPPING,NEEDS_COMPANY_MAPPING,,0.0,True,1,0,0,0,0,0,1,0,0,0,0,False,False,False,False,False,False,False,False,False,False,"no keyword, dictionary, persona, or message signal found — needs manual research",1,11,
Deftsoft,deftsoft,NEEDS_COMPANY_MAPPING,NEEDS_COMPANY_MAPPING,,0.0,True,1,0,0,0,0,0,1,0,0,0,0,False,False,False,False,False,False,False,False,False,False,"no keyword, dictionary, persona, or message signal found — needs manual research",1,11,
DD Infosoft Pvt. Ltd. India,dd infosoft pvt. . india,NEEDS_COMPANY_MAPPING,NEEDS_COMPANY_MAPPING,,0.0,True,1,0,0,0,0,0,1,0,0,0,0,False,False,False,False,False,False,False,False,False,False,"no keyword, dictionary, persona, or message signal found — needs manual research",1,11,
Daxtrio,daxtrio,NEEDS_COMPANY_MAPPING,NEEDS_COMPANY_MAPPING,,0.0,True,1,0,0,0,0,0,1,0,0,0,0,False,False,False,False,False,False,False,False,False,False,"no keyword, dictionary, persona, or message signal found — needs manual research",1,11,
Hirsch Personalberatung,hirsch personalberatung,NEEDS_COMPANY_MAPPING,NEEDS_COMPANY_MAPPING,,0.0,True,1,0,0,0,0,0,1,0,0,0,0,False,False,False,False,False,False,False,False,False,False,"no keyword, dictionary, persona, or message signal found — needs manual research",1,11,
Hirevue,hirevue,NEEDS_COMPANY_MAPPING,NEEDS_COMPANY_MAPPING,,0.0,True,1,0,0,0,0,0,1,0,0,0,0,False,False,False,False,False,False,False,False,False,False,"no keyword, dictionary, persona, or message signal found — needs manual research",1,11,
Hired Remoteli,hired remoteli,NEEDS_COMPANY_MAPPING,NEEDS_COMPANY_MAPPING,,0.0,True,1,0,0,0,0,0,1,0,0,0,0,False,False,False,False,False,False,False,False,False,False,"no keyword, dictionary, persona, or message signal found — needs manual research",1,11,
"Hired by Matrix, Inc",hired by matrix,NEEDS_COMPANY_MAPPING,NEEDS_COMPANY_MAPPING,,0.0,True,1,0,0,0,0,0,1,0,0,0,0,False,False,False,False,False,False,False,False,False,False,"no keyword, dictionary, persona, or message signal found — needs manual research",1,11,
Fathom.io,fathom.io,NEEDS_COMPANY_MAPPING,NEEDS_COMPANY_MAPPING,,0.0,True,1,0,0,0,0,0,1,0,0,0,0,False,False,False,False,False,False,False,False,False,False,"no keyword, dictionary, persona, or message signal found — needs manual research",1,11,
Fatec São Bernardo do Campo Adib Moises Dib,fatec são bernardo do campo adib moises dib,NEEDS_COMPANY_MAPPING,NEEDS_COMPANY_MAPPING,,0.0,True,1,0,0,0,0,0,1,0,0,0,0,False,False,False,False,False,False,False,False,False,False,"no keyword, dictionary, persona, or message signal found — needs manual research",1,11,
Farod Estatísticas,farod estatísticas,NEEDS_COMPANY_MAPPING,NEEDS_COMPANY_MAPPING,,0.0,True,1,0,0,0,0,0,1,0,0,0,0,False,False,False,False,False,False,False,False,False,False,"no keyword, dictionary, persona, or message signal found — needs manual research",1,11,
Farmers Insurance,farmers insurance,NEEDS_COMPANY_MAPPING,NEEDS_COMPANY_MAPPING,,0.0,True,1,0,0,0,0,0,1,0,0,0,0,False,False,False,False,False,False,False,False,False,False,"no keyword, dictionary, persona, or message signal found — needs manual research",1,11,
Farmacie Lombardi Group,farmacie lombardi,NEEDS_COMPANY_MAPPING,NEEDS_COMPANY_MAPPING,,0.0,True,1,0,0,0,0,0,1,0,0,0,0,False,False,False,False,False,False,False,False,False,False,"no keyword, dictionary, persona, or message signal found — needs manual research",1,11,
QuantumVoice,quantumvoice,NEEDS_COMPANY_MAPPING,NEEDS_COMPANY_MAPPING,,0.0,True,1,0,0,0,0,0,1,0,0,0,0,False,False,False,False,False,False,False,False,False,False,"no keyword, dictionary, persona, or message signal found — needs manual research",1,11,
Quantum Rise,quantum rise,NEEDS_COMPANY_MAPPING,NEEDS_COMPANY_MAPPING,,0.0,True,1,0,0,0,0,0,1,0,0,0,0,False,False,False,False,False,False,False,False,False,False,"no keyword, dictionary, persona, or message signal found — needs manual research",1,11,
Quantum,quantum,NEEDS_COMPANY_MAPPING,NEEDS_COMPANY_MAPPING,,0.0,True,1,0,0,0,0,0,1,0,0,0,0,False,False,False,False,False,False,False,False,False,False,"no keyword, dictionary, persona, or message signal found — needs manual research",1,11,
Qualitti Sviluppo Srl,qualitti sviluppo srl,NEEDS_COMPANY_MAPPING,NEEDS_COMPANY_MAPPING,,0.0,True,1,0,0,0,0,0,1,0,0,0,0,False,False,False,False,False,False,False,False,False,False,"no keyword, dictionary, persona, or message signal found — needs manual research",1,11,
Q-logic,q-logic,NEEDS_COMPANY_MAPPING,NEEDS_COMPANY_MAPPING,,0.0,True,1,0,0,0,0,0,1,0,0,0,0,False,False,False,False,False,False,False,False,False,False,"no keyword, dictionary, persona, or message signal found — needs manual research",1,11,
Pão da praça,pão da praça,NEEDS_COMPANY_MAPPING,NEEDS_COMPANY_MAPPING,,0.0,True,1,0,0,0,0,0,1,0,0,0,0,False,False,False,False,False,False,False,False,False,False,"no keyword, dictionary, persona, or message signal found — needs manual research",1,11,
PUCRS Carreiras,pucrs carreiras,NEEDS_COMPANY_MAPPING,NEEDS_COMPANY_MAPPING,,0.0,True,1,0,0,0,0,0,1,0,0,0,0,False,False,False,False,False,False,False,False,False,False,"no keyword, dictionary, persona, or message signal found — needs manual research",1,11,
"Public Prosecutor’s Office, Paraná State","public prosecutor’s office, paraná state",NEEDS_COMPANY_MAPPING,NEEDS_COMPANY_MAPPING,,0.0,True,1,0,0,0,0,0,1,0,0,0,0,False,False,False,False,False,False,False,False,False,False,"no keyword, dictionary, persona, or message signal found — needs manual research",1,11,
Psicóloga Maria Eduarda D' Errico,psicóloga maria eduarda d' errico,NEEDS_COMPANY_MAPPING,NEEDS_COMPANY_MAPPING,,0.0,True,1,0,0,0,0,0,1,0,0,0,0,False,False,False,False,False,False,False,False,False,False,"no keyword, dictionary, persona, or message signal found — needs manual research",1,11,
Psicotran Avaliação Psicológica,psicotran avaliação psicológica,NEEDS_COMPANY_MAPPING,NEEDS_COMPANY_MAPPING,,0.0,True,1,0,0,0,0,0,1,0,0,0,0,False,False,False,False,False,False,False,False,False,False,"no keyword, dictionary, persona, or message signal found — needs manual research",1,11,
ProV International,prov international,NEEDS_COMPANY_MAPPING,NEEDS_COMPANY_MAPPING,,0.0,True,1,0,0,0,0,0,1,0,0,0,0,False,False,False,False,False,False,False,False,False,False,"no keyword, dictionary, persona, or message signal found — needs manual research",1,11,
Prosperity Behavioral India Pvt Ltd,prosperity behavioral india pvt,NEEDS_COMPANY_MAPPING,NEEDS_COMPANY_MAPPING,,0.0,True,1,0,0,0,0,0,1,0,0,0,0,False,False,False,False,False,False,False,False,False,False,"no keyword, dictionary, persona, or message signal found — needs manual research",1,11,
Projeto Coragem Singular,projeto coragem singular,NEEDS_COMPANY_MAPPING,NEEDS_COMPANY_MAPPING,,0.0,True,1,0,0,0,0,0,1,0,0,0,0,False,False,False,False,False,False,False,False,False,False,"no keyword, dictionary, persona, or message signal found — needs manual research",1,11,
Productized,productized,NEEDS_COMPANY_MAPPING,NEEDS_COMPANY_MAPPING,,0.0,True,1,0,0,0,0,0,1,0,0,0,0,False,False,False,False,False,False,False,False,False,False,"no keyword, dictionary, persona, or message signal found — needs manual research",1,11,
Procuradoria Geral do Município de Niterói,procuradoria geral do município de niterói,NEEDS_COMPANY_MAPPING,NEEDS_COMPANY_MAPPING,,0.0,True,1,0,0,0,0,0,1,0,0,0,0,False,False,False,False,False,False,False,False,False,False,"no keyword, dictionary, persona, or message signal found — needs manual research",1,11,
Descartes Systems Group,descartes systems,NEEDS_COMPANY_MAPPING,NEEDS_COMPANY_MAPPING,,0.0,True,1,0,0,0,0,0,1,0,0,0,0,False,False,False,False,False,False,False,False,False,False,"no keyword, dictionary, persona, or message signal found — needs manual research",1,11,
Heidrick & Struggles,heidrick & struggles,NEEDS_COMPANY_MAPPING,NEEDS_COMPANY_MAPPING,,0.0,True,1,0,0,0,0,0,1,0,0,0,0,False,False,False,False,False,False,False,False,False,False,"no keyword, dictionary, persona, or message signal found — needs manual research",1,11,
Healthcare Personalmanagement GmbH,healthcare personalmanagement,NEEDS_COMPANY_MAPPING,NEEDS_COMPANY_MAPPING,,0.0,True,1,0,0,0,0,0,1,0,0,0,0,False,False,False,False,False,False,False,False,False,False,"no keyword, dictionary, persona, or message signal found — needs manual research",1,11,
HEALTH2U-MX | VIBE BSA AESTHETICS,health2u-mx | vibe bsa aesthetics,NEEDS_COMPANY_MAPPING,NEEDS_COMPANY_MAPPING,,0.0,True,1,0,0,0,0,0,1,0,0,0,0,False,False,False,False,False,False,False,False,False,False,"no keyword, dictionary, persona, or message signal found — needs manual research",1,11,
DAMEDIC GmbH,damedic,NEEDS_COMPANY_MAPPING,NEEDS_COMPANY_MAPPING,,0.0,True,1,0,0,0,0,0,1,0,0,0,0,False,False,False,False,False,False,False,False,False,False,"no keyword, dictionary, persona, or message signal found — needs manual research",1,11,
R+V Versicherung,r+v versicherung,NEEDS_COMPANY_MAPPING,NEEDS_COMPANY_MAPPING,,0.0,True,1,0,0,0,0,0,1,0,0,0,0,False,False,False,False,False,False,False,False,False,False,"no keyword, dictionary, persona, or message signal found — needs manual research",1,11,
apoprojekt,apoprojekt,NEEDS_COMPANY_MAPPING,NEEDS_COMPANY_MAPPING,,0.0,True,1,0,0,0,0,0,1,0,0,0,0,False,False,False,False,False,False,False,False,False,False,"no keyword, dictionary, persona, or message signal found — needs manual research",1,11,
Apex Resources Ltd,apex resources,NEEDS_COMPANY_MAPPING,NEEDS_COMPANY_MAPPING,,0.0,True,1,0,0,0,0,0,1,0,0,0,0,False,False,False,False,False,False,False,False,False,False,"no keyword, dictionary, persona, or message signal found — needs manual research",1,11,
Apex Global Mobility,apex mobility,NEEDS_COMPANY_MAPPING,NEEDS_COMPANY_MAPPING,,0.0,True,1,0,0,0,0,0,1,0,0,0,0,False,False,False,False,False,False,False,False,False,False,"no keyword, dictionary, persona, or message signal found — needs manual research",1,11,
ANWB,anwb,NEEDS_COMPANY_MAPPING,NEEDS_COMPANY_MAPPING,,0.0,True,1,0,0,0,0,0,1,0,0,0,0,False,False,False,False,False,False,False,False,False,False,"no keyword, dictionary, persona, or message signal found — needs manual research",1,11,
"Anitec - Associação Nacional de Inovação, Trabalho e Educação Corporativa","anitec - associação nacional de inovação, trabalho e educação corporativa",NEEDS_COMPANY_MAPPING,NEEDS_COMPANY_MAPPING,,0.0,True,1,0,0,0,0,0,1,0,0,0,0,False,False,False,False,False,False,False,False,False,False,"no keyword, dictionary, persona, or message signal found — needs manual research",1,11,
Anhanguera Educacional,anhanguera educacional,NEEDS_COMPANY_MAPPING,NEEDS_COMPANY_MAPPING,,0.0,True,1,0,0,0,0,0,1,0,0,0,0,False,False,False,False,False,False,False,False,False,False,"no keyword, dictionary, persona, or message signal found — needs manual research",1,11,
Ancar,ancar,NEEDS_COMPANY_MAPPING,NEEDS_COMPANY_MAPPING,,0.0,True,1,0,0,0,0,0,1,0,0,0,0,False,False,False,False,False,False,False,False,False,False,"no keyword, dictionary, persona, or message signal found — needs manual research",1,11,
Analítica Soluções Inovadoras,analítica soluções inovadoras,NEEDS_COMPANY_MAPPING,NEEDS_COMPANY_MAPPING,,0.0,True,1,0,0,0,0,0,1,0,0,0,0,False,False,False,False,False,False,False,False,False,False,"no keyword, dictionary, persona, or message signal found — needs manual research",1,11,
Amorix Alimentos,amorix alimentos,NEEDS_COMPANY_MAPPING,NEEDS_COMPANY_MAPPING,,0.0,True,1,0,0,0,0,0,1,0,0,0,0,False,False,False,False,False,False,False,False,False,False,"no keyword, dictionary, persona, or message signal found — needs manual research",1,11,
Amoreza,amoreza,NEEDS_COMPANY_MAPPING,NEEDS_COMPANY_MAPPING,,0.0,True,1,0,0,0,0,0,1,0,0,0,0,False,False,False,False,False,False,False,False,False,False,"no keyword, dictionary, persona, or message signal found — needs manual research",1,11,
AMKmotion GmbH + Co KG,amkmotion + co,NEEDS_COMPANY_MAPPING,NEEDS_COMPANY_MAPPING,,0.0,True,1,0,0,0,0,0,1,0,0,0,0,False,False,False,False,False,False,False,False,False,False,"no keyword, dictionary, persona, or message signal found — needs manual research",1,11,
Danubius IT Solutions,danubius it,NEEDS_COMPANY_MAPPING,GLOBAL_OPPORTUNITY,GLOBAL_CONSULTING,0.55,True,1,0,0,0,0,0,1,0,0,0,0,False,False,False,False,False,False,False,False,False,True,generic 'solutions' keyword in company name (weak signal),1,11,"  ""danubius it solutions"": {market: GLOBAL_OPPORTUNITY_UNRESOLVED_REGION, category: GLOBAL_CONSULTING}"
Brooks Automation,brooks automation,NEEDS_COMPANY_MAPPING,NEEDS_COMPANY_MAPPING,,0.0,True,1,0,0,0,0,0,1,0,0,0,0,False,False,False,False,False,False,False,False,False,False,"no keyword, dictionary, persona, or message signal found — needs manual research",1,11,
Broker IA,broker ia,NEEDS_COMPANY_MAPPING,NEEDS_COMPANY_MAPPING,,0.0,True,1,0,0,0,0,0,1,0,0,0,0,False,False,False,False,False,False,False,False,False,False,"no keyword, dictionary, persona, or message signal found — needs manual research",1,11,
BRINK Group,brink,NEEDS_COMPANY_MAPPING,NEEDS_COMPANY_MAPPING,,0.0,True,1,0,0,0,0,0,1,0,0,0,0,False,False,False,False,False,False,False,False,False,False,"no keyword, dictionary, persona, or message signal found — needs manual research",1,11,
Bravia RH I Gestão Estratégica de Pessoas,bravia rh i gestão estratégica de pessoas,NEEDS_COMPANY_MAPPING,NEEDS_COMPANY_MAPPING,,0.0,True,1,0,0,0,0,0,1,0,0,0,0,False,False,False,False,False,False,False,False,False,False,"no keyword, dictionary, persona, or message signal found — needs manual research",1,11,
Branching Minds,branching minds,NEEDS_COMPANY_MAPPING,NEEDS_COMPANY_MAPPING,,0.0,True,1,0,0,0,0,0,1,0,0,0,0,False,False,False,False,False,False,False,False,False,False,"no keyword, dictionary, persona, or message signal found — needs manual research",1,11,
Bondalti,bondalti,NEEDS_COMPANY_MAPPING,NEEDS_COMPANY_MAPPING,,0.0,True,1,0,0,0,0,0,1,0,0,0,0,False,False,False,False,False,False,False,False,False,False,"no keyword, dictionary, persona, or message signal found — needs manual research",1,11,
Bond Global,bond,NEEDS_COMPANY_MAPPING,NEEDS_COMPANY_MAPPING,,0.0,True,1,0,0,0,0,0,1,0,0,0,0,False,False,False,False,False,False,False,False,False,False,"no keyword, dictionary, persona, or message signal found — needs manual research",1,11,
F&J Consultants,f&j consultants,NEEDS_COMPANY_MAPPING,NEEDS_COMPANY_MAPPING,,0.0,True,1,0,0,0,0,0,1,0,0,0,0,False,False,False,False,False,False,False,False,False,False,"no keyword, dictionary, persona, or message signal found — needs manual research",1,11,
HiPo Executive GmbH | Ärztevermittlung,hipo executive | ärztevermittlung,NEEDS_COMPANY_MAPPING,NEEDS_COMPANY_MAPPING,,0.0,True,1,0,0,0,0,0,1,0,0,0,0,False,False,False,False,False,False,False,False,False,False,"no keyword, dictionary, persona, or message signal found — needs manual research",1,11,
Hindustan Aeronautics Limited,hindustan aeronautics,NEEDS_COMPANY_MAPPING,NEEDS_COMPANY_MAPPING,,0.0,True,1,0,0,0,0,0,1,0,0,0,0,False,False,False,False,False,False,False,False,False,False,"no keyword, dictionary, persona, or message signal found — needs manual research",1,11,
Hiker Ventures,hiker,NEEDS_COMPANY_MAPPING,NEEDS_COMPANY_MAPPING,,0.0,True,1,0,0,0,0,0,1,0,0,0,0,False,False,False,False,False,False,False,False,False,False,"no keyword, dictionary, persona, or message signal found — needs manual research",1,11,
HelpMed Saúde,helpmed saúde,NEEDS_COMPANY_MAPPING,NEEDS_COMPANY_MAPPING,,0.0,True,1,0,0,0,0,0,1,0,0,0,0,False,False,False,False,False,False,False,False,False,False,"no keyword, dictionary, persona, or message signal found — needs manual research",1,11,
Helios Kliniken GmbH,helios kliniken,NEEDS_COMPANY_MAPPING,NEEDS_COMPANY_MAPPING,,0.0,True,1,0,0,0,0,0,1,0,0,0,0,False,False,False,False,False,False,False,False,False,False,"no keyword, dictionary, persona, or message signal found — needs manual research",1,11,
Helios HR Talent,helios hr talent,NEEDS_COMPANY_MAPPING,GLOBAL_STAFFING,GLOBAL_STAFFING,0.8,True,1,0,0,0,0,0,1,0,0,0,0,False,False,False,False,False,False,False,False,True,False,staffing/recruiting keyword in company name,1,11,"  ""helios hr talent"": {market: GLOBAL_STAFFING, category: GLOBAL_STAFFING}"
Revent Labs,revent labs,NEEDS_COMPANY_MAPPING,NEEDS_COMPANY_MAPPING,,0.0,True,1,0,0,0,0,0,1,0,0,0,0,False,False,False,False,False,False,False,False,False,False,"no keyword, dictionary, persona, or message signal found — needs manual research",1,11,
ReSus Consult GmbH,resus consult,NEEDS_COMPANY_MAPPING,NEEDS_COMPANY_MAPPING,,0.0,True,1,0,0,0,0,0,1,0,0,0,0,False,False,False,False,False,False,False,False,False,False,"no keyword, dictionary, persona, or message signal found — needs manual research",1,11,
Ressignifique Núcleo de Psicologia,ressignifique núcleo de psicologia,NEEDS_COMPANY_MAPPING,NEEDS_COMPANY_MAPPING,,0.0,True,1,0,0,0,0,0,1,0,0,0,0,False,False,False,False,False,False,False,False,False,False,"no keyword, dictionary, persona, or message signal found — needs manual research",1,11,
REP Seguros Corporativos,rep seguros corporativos,NEEDS_COMPANY_MAPPING,NEEDS_COMPANY_MAPPING,,0.0,True,1,0,0,0,0,0,1,0,0,0,0,False,False,False,False,False,False,False,False,False,False,"no keyword, dictionary, persona, or message signal found — needs manual research",1,11,
Rentcars,rentcars,NEEDS_COMPANY_MAPPING,NEEDS_COMPANY_MAPPING,,0.0,True,1,0,0,0,0,0,1,0,0,0,0,False,False,False,False,False,False,False,False,False,False,"no keyword, dictionary, persona, or message signal found — needs manual research",1,11,
RemoteUp,remoteup,NEEDS_COMPANY_MAPPING,NEEDS_COMPANY_MAPPING,,0.0,True,1,0,0,0,0,0,1,0,0,0,0,False,False,False,False,False,False,False,False,False,False,"no keyword, dictionary, persona, or message signal found — needs manual research",1,11,
Remote,remote,NEEDS_COMPANY_MAPPING,NEEDS_COMPANY_MAPPING,,0.0,True,1,0,0,0,0,0,1,0,0,0,0,False,False,False,False,False,False,False,False,False,False,"no keyword, dictionary, persona, or message signal found — needs manual research",1,11,
Remax Siimgroup,remax siimgroup,NEEDS_COMPANY_MAPPING,NEEDS_COMPANY_MAPPING,,0.0,True,1,0,0,0,0,0,1,0,0,0,0,False,False,False,False,False,False,False,False,False,False,"no keyword, dictionary, persona, or message signal found — needs manual research",1,11,
Reflex Aerospace,reflex aerospace,NEEDS_COMPANY_MAPPING,NEEDS_COMPANY_MAPPING,,0.0,True,1,0,0,0,0,0,1,0,0,0,0,False,False,False,False,False,False,False,False,False,False,"no keyword, dictionary, persona, or message signal found — needs manual research",1,11,
Red X Carbon,red x carbon,NEEDS_COMPANY_MAPPING,NEEDS_COMPANY_MAPPING,,0.0,True,1,0,0,0,0,0,1,0,0,0,0,False,False,False,False,False,False,False,False,False,False,"no keyword, dictionary, persona, or message signal found — needs manual research",1,11,
Red Hat,red hat,NEEDS_COMPANY_MAPPING,NEEDS_COMPANY_MAPPING,,0.0,True,1,0,0,0,0,0,1,0,0,0,0,False,False,False,False,False,False,False,False,False,False,"no keyword, dictionary, persona, or message signal found — needs manual research",1,11,
Red Bull,red bull,NEEDS_COMPANY_MAPPING,NEEDS_COMPANY_MAPPING,,0.0,True,1,0,0,0,0,0,1,0,0,0,0,False,False,False,False,False,False,False,False,False,False,"no keyword, dictionary, persona, or message signal found — needs manual research",1,11,
Recruitment Circle,recruitment circle,NEEDS_COMPANY_MAPPING,GLOBAL_STAFFING,GLOBAL_STAFFING,0.8,True,1,0,0,0,0,0,1,0,0,0,0,False,False,False,False,False,False,False,False,True,False,staffing/recruiting keyword in company name,1,11,"  ""recruitment circle"": {market: GLOBAL_STAFFING, category: GLOBAL_STAFFING}"
Recast,recast,NEEDS_COMPANY_MAPPING,NEEDS_COMPANY_MAPPING,,0.0,True,1,0,0,0,0,0,1,0,0,0,0,False,False,False,False,False,False,False,False,False,False,"no keyword, dictionary, persona, or message signal found — needs manual research",1,11,
RapidCanvas,rapidcanvas,NEEDS_COMPANY_MAPPING,NEEDS_COMPANY_MAPPING,,0.0,True,1,0,0,0,0,0,1,0,0,0,0,False,False,False,False,False,False,False,False,False,False,"no keyword, dictionary, persona, or message signal found — needs manual research",1,11,
Datial,datial,NEEDS_COMPANY_MAPPING,NEEDS_COMPANY_MAPPING,,0.0,True,1,0,0,0,0,0,1,0,0,0,0,False,False,False,False,False,False,False,False,False,False,"no keyword, dictionary, persona, or message signal found — needs manual research",1,11,
HAPEKO Österreich GmbH,hapeko österreich,NEEDS_COMPANY_MAPPING,NEEDS_COMPANY_MAPPING,,0.0,True,1,0,0,0,0,0,1,0,0,0,0,False,False,False,False,False,False,False,False,False,False,"no keyword, dictionary, persona, or message signal found — needs manual research",1,11,
hamrah mobin maham arvand,hamrah mobin maham arvand,NEEDS_COMPANY_MAPPING,NEEDS_COMPANY_MAPPING,,0.0,True,1,0,0,0,0,0,1,0,0,0,0,False,False,False,False,False,False,False,False,False,False,"no keyword, dictionary, persona, or message signal found — needs manual research",1,11,
Hamilton George Care,hamilton george care,NEEDS_COMPANY_MAPPING,NEEDS_COMPANY_MAPPING,,0.0,True,1,0,0,0,0,0,1,0,0,0,0,False,False,False,False,False,False,False,False,False,False,"no keyword, dictionary, persona, or message signal found — needs manual research",1,11,
Halton Borough Council,halton borough council,NEEDS_COMPANY_MAPPING,NEEDS_COMPANY_MAPPING,,0.0,True,1,0,0,0,0,0,1,0,0,0,0,False,False,False,False,False,False,False,False,False,False,"no keyword, dictionary, persona, or message signal found — needs manual research",1,11,
H+H The Match,h+h the match,NEEDS_COMPANY_MAPPING,NEEDS_COMPANY_MAPPING,,0.0,True,1,0,0,0,0,0,1,0,0,0,0,False,False,False,False,False,False,False,False,False,False,"no keyword, dictionary, persona, or message signal found — needs manual research",1,11,
CTS EVENTIM AG & Co. KGaA,cts eventim & co. kgaa,NEEDS_COMPANY_MAPPING,NEEDS_COMPANY_MAPPING,,0.0,True,1,0,0,0,0,0,1,0,0,0,0,False,False,False,False,False,False,False,False,False,False,"no keyword, dictionary, persona, or message signal found — needs manual research",1,11,
Roland Berger Strategy Consultants,roland berger strategy consultants,NEEDS_COMPANY_MAPPING,NEEDS_COMPANY_MAPPING,,0.0,True,1,0,0,0,0,0,1,0,0,0,0,False,False,False,False,False,False,False,False,False,False,"no keyword, dictionary, persona, or message signal found — needs manual research",1,11,
Rogo,rogo,NEEDS_COMPANY_MAPPING,NEEDS_COMPANY_MAPPING,,0.0,True,1,0,0,0,0,0,1,0,0,0,0,False,False,False,False,False,False,False,False,False,False,"no keyword, dictionary, persona, or message signal found — needs manual research",1,11,
Rodobens,rodobens,NEEDS_COMPANY_MAPPING,NEEDS_COMPANY_MAPPING,,0.0,True,1,0,0,0,0,0,1,0,0,0,0,False,False,False,False,False,False,False,False,False,False,"no keyword, dictionary, persona, or message signal found — needs manual research",1,11,
ROCKSOLID Personalvermittlung GmbH,rocksolid personalvermittlung,NEEDS_COMPANY_MAPPING,NEEDS_COMPANY_MAPPING,,0.0,True,1,0,0,0,0,0,1,0,0,0,0,False,False,False,False,False,False,False,False,False,False,"no keyword, dictionary, persona, or message signal found — needs manual research",1,11,
RMT Labs SA,rmt labs,NEEDS_COMPANY_MAPPING,NEEDS_COMPANY_MAPPING,,0.0,True,1,0,0,0,0,0,1,0,0,0,0,False,False,False,False,False,False,False,False,False,False,"no keyword, dictionary, persona, or message signal found — needs manual research",1,11,
RL JOB SERVICES SRL,rl job srl,NEEDS_COMPANY_MAPPING,NEEDS_COMPANY_MAPPING,,0.0,True,1,0,0,0,0,0,1,0,0,0,0,False,False,False,False,False,False,False,False,False,False,"no keyword, dictionary, persona, or message signal found — needs manual research",1,11,
River,river,NEEDS_COMPANY_MAPPING,NEEDS_COMPANY_MAPPING,,0.0,True,1,0,0,0,0,0,1,0,0,0,0,False,False,False,False,False,False,False,False,False,False,"no keyword, dictionary, persona, or message signal found — needs manual research",1,11,
RHS Premium,rhs premium,NEEDS_COMPANY_MAPPING,NEEDS_COMPANY_MAPPING,,0.0,True,1,0,0,0,0,0,1,0,0,0,0,False,False,False,False,False,False,False,False,False,False,"no keyword, dictionary, persona, or message signal found — needs manual research",1,11,
Rh Ribeirão,rh ribeirão,NEEDS_COMPANY_MAPPING,NEEDS_COMPANY_MAPPING,,0.0,True,1,0,0,0,0,0,1,0,0,0,0,False,False,False,False,False,False,False,False,False,False,"no keyword, dictionary, persona, or message signal found — needs manual research",1,11,
Revenus,revenus,NEEDS_COMPANY_MAPPING,NEEDS_COMPANY_MAPPING,,0.0,True,1,0,0,0,0,0,1,0,0,0,0,False,False,False,False,False,False,False,False,False,False,"no keyword, dictionary, persona, or message signal found — needs manual research",1,11,
Rove,rove,NEEDS_COMPANY_MAPPING,NEEDS_COMPANY_MAPPING,,0.0,True,1,0,0,0,0,0,1,0,0,0,0,False,False,False,False,False,False,False,False,False,False,"no keyword, dictionary, persona, or message signal found — needs manual research",1,11,
Romeu,romeu,NEEDS_COMPANY_MAPPING,NEEDS_COMPANY_MAPPING,,0.0,True,1,0,0,0,0,0,1,0,0,0,0,False,False,False,False,False,False,False,False,False,False,"no keyword, dictionary, persona, or message signal found — needs manual research",1,11,
DadosPower.com.br,dadospower.com.br,NEEDS_COMPANY_MAPPING,NEEDS_COMPANY_MAPPING,,0.0,True,1,0,0,0,0,0,1,0,0,0,0,False,False,False,False,False,False,False,False,False,False,"no keyword, dictionary, persona, or message signal found — needs manual research",1,11,
DAC Beachcroft,dac beachcroft,NEEDS_COMPANY_MAPPING,NEEDS_COMPANY_MAPPING,,0.0,True,1,0,0,0,0,0,1,0,0,0,0,False,False,False,False,False,False,False,False,False,False,"no keyword, dictionary, persona, or message signal found — needs manual research",1,11,
Cynergy2,cynergy2,NEEDS_COMPANY_MAPPING,NEEDS_COMPANY_MAPPING,,0.0,True,1,0,0,0,0,0,1,0,0,0,0,False,False,False,False,False,False,False,False,False,False,"no keyword, dictionary, persona, or message signal found — needs manual research",1,11,
Cygnus Professionals Inc,cygnus professionals,NEEDS_COMPANY_MAPPING,NEEDS_COMPANY_MAPPING,,0.0,True,1,0,0,0,0,0,1,0,0,0,0,False,False,False,False,False,False,False,False,False,False,"no keyword, dictionary, persona, or message signal found — needs manual research",1,11,
Custom Market Insights™,custom market insights™,NEEDS_COMPANY_MAPPING,NEEDS_COMPANY_MAPPING,,0.0,True,1,0,0,0,0,0,1,0,0,0,0,False,False,False,False,False,False,False,False,False,False,"no keyword, dictionary, persona, or message signal found — needs manual research",1,11,
Cuesta Partners,cuesta partners,NEEDS_COMPANY_MAPPING,NEEDS_COMPANY_MAPPING,,0.0,True,1,0,0,0,0,0,1,0,0,0,0,False,False,False,False,False,False,False,False,False,False,"no keyword, dictionary, persona, or message signal found — needs manual research",1,11,
Havelar,havelar,NEEDS_COMPANY_MAPPING,NEEDS_COMPANY_MAPPING,,0.0,True,1,0,0,0,0,0,1,0,0,0,0,False,False,False,False,False,False,False,False,False,False,"no keyword, dictionary, persona, or message signal found — needs manual research",1,11,
Havas Play 🇫🇷,havas play 🇫🇷,NEEDS_COMPANY_MAPPING,NEEDS_COMPANY_MAPPING,,0.0,True,1,0,0,0,0,0,1,0,0,0,0,False,False,False,False,False,False,False,False,False,False,"no keyword, dictionary, persona, or message signal found — needs manual research",1,11,
Hasten Group,hasten,NEEDS_COMPANY_MAPPING,NEEDS_COMPANY_MAPPING,,0.0,True,1,0,0,0,0,0,1,0,0,0,0,False,False,False,False,False,False,False,False,False,False,"no keyword, dictionary, persona, or message signal found — needs manual research",1,11,
Hashtag Para Empresas,hashtag para empresas,NEEDS_COMPANY_MAPPING,NEEDS_COMPANY_MAPPING,,0.0,True,1,0,0,0,0,0,1,0,0,0,0,False,False,False,False,False,False,False,False,False,False,"no keyword, dictionary, persona, or message signal found — needs manual research",1,11,
Harness,harness,NEEDS_COMPANY_MAPPING,NEEDS_COMPANY_MAPPING,,0.0,True,1,0,0,0,0,0,1,0,0,0,0,False,False,False,False,False,False,False,False,False,False,"no keyword, dictionary, persona, or message signal found — needs manual research",1,11,
Hardwork Medicina,hardwork medicina,NEEDS_COMPANY_MAPPING,NEEDS_COMPANY_MAPPING,,0.0,True,1,0,0,0,0,0,1,0,0,0,0,False,False,False,False,False,False,False,False,False,False,"no keyword, dictionary, persona, or message signal found — needs manual research",1,11,
Haptiq,haptiq,NEEDS_COMPANY_MAPPING,NEEDS_COMPANY_MAPPING,,0.0,True,1,0,0,0,0,0,1,0,0,0,0,False,False,False,False,False,False,False,False,False,False,"no keyword, dictionary, persona, or message signal found — needs manual research",1,11,
Happiness,happiness,NEEDS_COMPANY_MAPPING,NEEDS_COMPANY_MAPPING,,0.0,True,1,0,0,0,0,0,1,0,0,0,0,False,False,False,False,False,False,False,False,False,False,"no keyword, dictionary, persona, or message signal found — needs manual research",1,11,
Alume,alume,NEEDS_COMPANY_MAPPING,NEEDS_COMPANY_MAPPING,,0.0,True,1,0,0,0,0,0,1,0,0,0,0,False,False,False,False,False,False,False,False,False,False,"no keyword, dictionary, persona, or message signal found — needs manual research",1,11,
Altus Engineering,altus engineering,NEEDS_COMPANY_MAPPING,NEEDS_COMPANY_MAPPING,,0.0,True,1,0,0,0,0,0,1,0,0,0,0,False,False,False,False,False,False,False,False,False,False,"no keyword, dictionary, persona, or message signal found — needs manual research",1,11,
Scheidtweiler Strategie,scheidtweiler strategie,NEEDS_COMPANY_MAPPING,NEEDS_COMPANY_MAPPING,,0.0,True,1,0,0,0,0,0,1,0,0,0,0,False,False,False,False,False,False,False,False,False,False,"no keyword, dictionary, persona, or message signal found — needs manual research",1,11,
Scala,scala,NEEDS_COMPANY_MAPPING,NEEDS_COMPANY_MAPPING,,0.0,True,1,0,0,0,0,0,1,0,0,0,0,False,False,False,False,False,False,False,False,False,False,"no keyword, dictionary, persona, or message signal found — needs manual research",1,11,
Savener,savener,NEEDS_COMPANY_MAPPING,NEEDS_COMPANY_MAPPING,,0.0,True,1,0,0,0,0,0,1,0,0,0,0,False,False,False,False,False,False,False,False,False,False,"no keyword, dictionary, persona, or message signal found — needs manual research",1,11,
Saturam,saturam,NEEDS_COMPANY_MAPPING,NEEDS_COMPANY_MAPPING,,0.0,True,1,0,0,0,0,0,1,0,0,0,0,False,False,False,False,False,False,False,False,False,False,"no keyword, dictionary, persona, or message signal found — needs manual research",1,11,
SARIA Group,saria,NEEDS_COMPANY_MAPPING,NEEDS_COMPANY_MAPPING,,0.0,True,1,0,0,0,0,0,1,0,0,0,0,False,False,False,False,False,False,False,False,False,False,"no keyword, dictionary, persona, or message signal found — needs manual research",1,11,
SANDRO,sandro,NEEDS_COMPANY_MAPPING,NEEDS_COMPANY_MAPPING,,0.0,True,1,0,0,0,0,0,1,0,0,0,0,False,False,False,False,False,False,False,False,False,False,"no keyword, dictionary, persona, or message signal found — needs manual research",1,11,
Sanctuary Personnel,sanctuary personnel,NEEDS_COMPANY_MAPPING,NEEDS_COMPANY_MAPPING,,0.0,True,1,0,0,0,0,0,1,0,0,0,0,False,False,False,False,False,False,False,False,False,False,"no keyword, dictionary, persona, or message signal found — needs manual research",1,11,
Sanar,sanar,NEEDS_COMPANY_MAPPING,NEEDS_COMPANY_MAPPING,,0.0,True,1,0,0,0,0,0,1,0,0,0,0,False,False,False,False,False,False,False,False,False,False,"no keyword, dictionary, persona, or message signal found — needs manual research",1,11,
Salentus,salentus,NEEDS_COMPANY_MAPPING,NEEDS_COMPANY_MAPPING,,0.0,True,1,0,0,0,0,0,1,0,0,0,0,False,False,False,False,False,False,False,False,False,False,"no keyword, dictionary, persona, or message signal found — needs manual research",1,11,
Salas Montalvo,salas montalvo,NEEDS_COMPANY_MAPPING,NEEDS_COMPANY_MAPPING,,0.0,True,1,0,0,0,0,0,1,0,0,0,0,False,False,False,False,False,False,False,False,False,False,"no keyword, dictionary, persona, or message signal found — needs manual research",1,11,
SAFR from RealNetworks,safr from realnetworks,NEEDS_COMPANY_MAPPING,NEEDS_COMPANY_MAPPING,,0.0,True,1,0,0,0,0,0,1,0,0,0,0,False,False,False,False,False,False,False,False,False,False,"no keyword, dictionary, persona, or message signal found — needs manual research",1,11,
S-Communication Services GmbH,s-communication,NEEDS_COMPANY_MAPPING,NEEDS_COMPANY_MAPPING,,0.0,True,1,0,0,0,0,0,1,0,0,0,0,False,False,False,False,False,False,False,False,False,False,"no keyword, dictionary, persona, or message signal found — needs manual research",1,11,
RulesIQ,rulesiq,NEEDS_COMPANY_MAPPING,NEEDS_COMPANY_MAPPING,,0.0,True,1,0,0,0,0,0,1,0,0,0,0,False,False,False,False,False,False,False,False,False,False,"no keyword, dictionary, persona, or message signal found — needs manual research",1,11,
RSA Serviços Inteligentes,rsa serviços inteligentes,NEEDS_COMPANY_MAPPING,NEEDS_COMPANY_MAPPING,,0.0,True,1,0,0,0,0,0,1,0,0,0,0,False,False,False,False,False,False,False,False,False,False,"no keyword, dictionary, persona, or message signal found — needs manual research",1,11,
Grupo Plata,grupo plata,NEEDS_COMPANY_MAPPING,NEEDS_COMPANY_MAPPING,,0.0,True,1,0,0,0,0,0,1,0,0,0,0,False,False,False,False,False,False,False,False,False,False,"no keyword, dictionary, persona, or message signal found — needs manual research",1,11,
Bathildisheim e.V,bathildisheim e.v,NEEDS_COMPANY_MAPPING,NEEDS_COMPANY_MAPPING,,0.0,True,1,0,0,0,0,0,1,0,0,0,0,False,False,False,False,False,False,False,False,False,False,"no keyword, dictionary, persona, or message signal found — needs manual research",1,11,
Baterias Pioneiro,baterias pioneiro,NEEDS_COMPANY_MAPPING,NEEDS_COMPANY_MAPPING,,0.0,True,1,0,0,0,0,0,1,0,0,0,0,False,False,False,False,False,False,False,False,False,False,"no keyword, dictionary, persona, or message signal found — needs manual research",1,11,
Basicfox,basicfox,NEEDS_COMPANY_MAPPING,NEEDS_COMPANY_MAPPING,,0.0,True,1,0,0,0,0,0,1,0,0,0,0,False,False,False,False,False,False,False,False,False,False,"no keyword, dictionary, persona, or message signal found — needs manual research",1,11,
Basecone,basecone,NEEDS_COMPANY_MAPPING,NEEDS_COMPANY_MAPPING,,0.0,True,1,0,0,0,0,0,1,0,0,0,0,False,False,False,False,False,False,False,False,False,False,"no keyword, dictionary, persona, or message signal found — needs manual research",1,11,
barrahache,barrahache,NEEDS_COMPANY_MAPPING,NEEDS_COMPANY_MAPPING,,0.0,True,1,0,0,0,0,0,1,0,0,0,0,False,False,False,False,False,False,False,False,False,False,"no keyword, dictionary, persona, or message signal found — needs manual research",1,11,
ambass GmbH,ambass,NEEDS_COMPANY_MAPPING,NEEDS_COMPANY_MAPPING,,0.0,True,1,0,0,0,0,0,1,0,0,0,0,False,False,False,False,False,False,False,False,False,False,"no keyword, dictionary, persona, or message signal found — needs manual research",1,11,
Crescent Global LLC,crescent,NEEDS_COMPANY_MAPPING,NEEDS_COMPANY_MAPPING,,0.0,True,1,0,0,0,0,0,1,0,0,0,0,False,False,False,False,False,False,False,False,False,False,"no keyword, dictionary, persona, or message signal found — needs manual research",1,11,
CreateFuture,createfuture,NEEDS_COMPANY_MAPPING,NEEDS_COMPANY_MAPPING,,0.0,True,1,0,0,0,0,0,1,0,0,0,0,False,False,False,False,False,False,False,False,False,False,"no keyword, dictionary, persona, or message signal found — needs manual research",1,11,
Corporación AG,corporación,NEEDS_COMPANY_MAPPING,NEEDS_COMPANY_MAPPING,,0.0,True,1,0,0,0,0,0,1,0,0,0,0,False,False,False,False,False,False,False,False,False,False,"no keyword, dictionary, persona, or message signal found — needs manual research",1,11,
Corpo Forte Fitness Center,corpo forte fitness center,NEEDS_COMPANY_MAPPING,NEEDS_COMPANY_MAPPING,,0.0,True,1,0,0,0,0,0,1,0,0,0,0,False,False,False,False,False,False,False,False,False,False,"no keyword, dictionary, persona, or message signal found — needs manual research",1,11,
coretress GmbH,coretress,NEEDS_COMPANY_MAPPING,NEEDS_COMPANY_MAPPING,,0.0,True,1,0,0,0,0,0,1,0,0,0,0,False,False,False,False,False,False,False,False,False,False,"no keyword, dictionary, persona, or message signal found — needs manual research",1,11,
CoreMatch UG (haftungsbeschränkt),corematch ug (haftungsbeschränkt),NEEDS_COMPANY_MAPPING,NEEDS_COMPANY_MAPPING,,0.0,True,1,0,0,0,0,0,1,0,0,0,0,False,False,False,False,False,False,False,False,False,False,"no keyword, dictionary, persona, or message signal found — needs manual research",1,11,
Cora,cora,NEEDS_COMPANY_MAPPING,NEEDS_COMPANY_MAPPING,,0.0,True,1,0,0,0,0,0,1,0,0,0,0,False,False,False,False,False,False,False,False,False,False,"no keyword, dictionary, persona, or message signal found — needs manual research",1,11,
Convert,convert,NEEDS_COMPANY_MAPPING,NEEDS_COMPANY_MAPPING,,0.0,True,1,0,0,0,0,0,1,0,0,0,0,False,False,False,False,False,False,False,False,False,False,"no keyword, dictionary, persona, or message signal found — needs manual research",1,11,
Alvoar Lácteos,alvoar lácteos,NEEDS_COMPANY_MAPPING,NEEDS_COMPANY_MAPPING,,0.0,True,1,0,0,0,0,0,1,0,0,0,0,False,False,False,False,False,False,False,False,False,False,"no keyword, dictionary, persona, or message signal found — needs manual research",1,11,
Seatrium,seatrium,NEEDS_COMPANY_MAPPING,NEEDS_COMPANY_MAPPING,,0.0,True,1,0,0,0,0,0,1,0,0,0,0,False,False,False,False,False,False,False,False,False,False,"no keyword, dictionary, persona, or message signal found — needs manual research",1,11,
Search Atlas,search atlas,NEEDS_COMPANY_MAPPING,NEEDS_COMPANY_MAPPING,,0.0,True,1,0,0,0,0,0,1,0,0,0,0,False,False,False,False,False,False,False,False,False,False,"no keyword, dictionary, persona, or message signal found — needs manual research",1,11,
Search Advise GmbH,search advise,NEEDS_COMPANY_MAPPING,NEEDS_COMPANY_MAPPING,,0.0,True,1,0,0,0,0,0,1,0,0,0,0,False,False,False,False,False,False,False,False,False,False,"no keyword, dictionary, persona, or message signal found — needs manual research",1,11,
SD Consultora de Empresas Familiares,sd consultora de empresas familiares,NEEDS_COMPANY_MAPPING,NEEDS_COMPANY_MAPPING,,0.0,True,1,0,0,0,0,0,1,0,0,0,0,False,False,False,False,False,False,False,False,False,False,"no keyword, dictionary, persona, or message signal found — needs manual research",1,11,
SCOH,scoh,NEEDS_COMPANY_MAPPING,NEEDS_COMPANY_MAPPING,,0.0,True,1,0,0,0,0,0,1,0,0,0,0,False,False,False,False,False,False,False,False,False,False,"no keyword, dictionary, persona, or message signal found — needs manual research",1,11,
Amil,amil,NEEDS_COMPANY_MAPPING,NEEDS_COMPANY_MAPPING,,0.0,True,1,0,0,0,0,0,1,0,0,0,0,False,False,False,False,False,False,False,False,False,False,"no keyword, dictionary, persona, or message signal found — needs manual research",1,11,
American Red Cross,american red cross,NEEDS_COMPANY_MAPPING,NEEDS_COMPANY_MAPPING,,0.0,True,1,0,0,0,0,0,1,0,0,0,0,False,False,False,False,False,False,False,False,False,False,"no keyword, dictionary, persona, or message signal found — needs manual research",1,11,
American Association of Exporters and Importers (AAEI),american association of exporters and importers (aaei),NEEDS_COMPANY_MAPPING,NEEDS_COMPANY_MAPPING,,0.0,True,1,0,0,0,0,0,1,0,0,0,0,False,False,False,False,False,False,False,False,False,False,"no keyword, dictionary, persona, or message signal found — needs manual research",1,11,
Guias Locales,guias locales,NEEDS_COMPANY_MAPPING,NEEDS_COMPANY_MAPPING,,0.0,True,1,0,0,0,0,0,1,0,0,0,0,False,False,False,False,False,False,False,False,False,False,"no keyword, dictionary, persona, or message signal found — needs manual research",1,11,
Gruppo GETRA,gruppo getra,NEEDS_COMPANY_MAPPING,NEEDS_COMPANY_MAPPING,,0.0,True,1,0,0,0,0,0,1,0,0,0,0,False,False,False,False,False,False,False,False,False,False,"no keyword, dictionary, persona, or message signal found — needs manual research",1,11,
GRUPO UNICA SEGURANÇA PATRIMONIAL,grupo unica segurança patrimonial,NEEDS_COMPANY_MAPPING,NEEDS_COMPANY_MAPPING,,0.0,True,1,0,0,0,0,0,1,0,0,0,0,False,False,False,False,False,False,False,False,False,False,"no keyword, dictionary, persona, or message signal found — needs manual research",1,11,
Grupo Tombini,grupo tombini,NEEDS_COMPANY_MAPPING,NEEDS_COMPANY_MAPPING,,0.0,True,1,0,0,0,0,0,1,0,0,0,0,False,False,False,False,False,False,False,False,False,False,"no keyword, dictionary, persona, or message signal found — needs manual research",1,11,
Grupo Símios,grupo símios,NEEDS_COMPANY_MAPPING,NEEDS_COMPANY_MAPPING,,0.0,True,1,0,0,0,0,0,1,0,0,0,0,False,False,False,False,False,False,False,False,False,False,"no keyword, dictionary, persona, or message signal found — needs manual research",1,11,
Grupo Suno,grupo suno,NEEDS_COMPANY_MAPPING,NEEDS_COMPANY_MAPPING,,0.0,True,1,0,0,0,0,0,1,0,0,0,0,False,False,False,False,False,False,False,False,False,False,"no keyword, dictionary, persona, or message signal found — needs manual research",1,11,
Grupo Shogua,grupo shogua,NEEDS_COMPANY_MAPPING,NEEDS_COMPANY_MAPPING,,0.0,True,1,0,0,0,0,0,1,0,0,0,0,False,False,False,False,False,False,False,False,False,False,"no keyword, dictionary, persona, or message signal found — needs manual research",1,11,
GRUPO SARRALLE,grupo sarralle,NEEDS_COMPANY_MAPPING,NEEDS_COMPANY_MAPPING,,0.0,True,1,0,0,0,0,0,1,0,0,0,0,False,False,False,False,False,False,False,False,False,False,"no keyword, dictionary, persona, or message signal found — needs manual research",1,11,
Simplest.guru,simplest.guru,NEEDS_COMPANY_MAPPING,NEEDS_COMPANY_MAPPING,,0.0,True,1,0,0,0,0,0,1,0,0,0,0,False,False,False,False,False,False,False,False,False,False,"no keyword, dictionary, persona, or message signal found — needs manual research",1,11,
Simon-Kucher,simon-kucher,NEEDS_COMPANY_MAPPING,NEEDS_COMPANY_MAPPING,,0.0,True,1,0,0,0,0,0,1,0,0,0,0,False,False,False,False,False,False,False,False,False,False,"no keyword, dictionary, persona, or message signal found — needs manual research",1,11,
"SIMaP, Grenoble","simap, grenoble",NEEDS_COMPANY_MAPPING,NEEDS_COMPANY_MAPPING,,0.0,True,1,0,0,0,0,0,1,0,0,0,0,False,False,False,False,False,False,False,False,False,False,"no keyword, dictionary, persona, or message signal found — needs manual research",1,11,
Silicon,silicon,NEEDS_COMPANY_MAPPING,NEEDS_COMPANY_MAPPING,,0.0,True,1,0,0,0,0,0,1,0,0,0,0,False,False,False,False,False,False,False,False,False,False,"no keyword, dictionary, persona, or message signal found — needs manual research",1,11,
Sicoob Confederação,sicoob confederação,NEEDS_COMPANY_MAPPING,NEEDS_COMPANY_MAPPING,,0.0,True,1,0,0,0,0,0,1,0,0,0,0,False,False,False,False,False,False,False,False,False,False,"no keyword, dictionary, persona, or message signal found — needs manual research",1,11,
Shell,shell,NEEDS_COMPANY_MAPPING,NEEDS_COMPANY_MAPPING,,0.0,True,1,0,0,0,0,0,1,0,0,0,0,False,False,False,False,False,False,False,False,False,False,"no keyword, dictionary, persona, or message signal found — needs manual research",1,11,
SharePrime,shareprime,NEEDS_COMPANY_MAPPING,NEEDS_COMPANY_MAPPING,,0.0,True,1,0,0,0,0,0,1,0,0,0,0,False,False,False,False,False,False,False,False,False,False,"no keyword, dictionary, persona, or message signal found — needs manual research",1,11,
ShareCV,sharecv,NEEDS_COMPANY_MAPPING,NEEDS_COMPANY_MAPPING,,0.0,True,1,0,0,0,0,0,1,0,0,0,0,False,False,False,False,False,False,False,False,False,False,"no keyword, dictionary, persona, or message signal found — needs manual research",1,11,
Share People Hub,share people hub,NEEDS_COMPANY_MAPPING,NEEDS_COMPANY_MAPPING,,0.0,True,1,0,0,0,0,0,1,0,0,0,0,False,False,False,False,False,False,False,False,False,False,"no keyword, dictionary, persona, or message signal found — needs manual research",1,11,
Seuapê imobiliária,seuapê imobiliária,NEEDS_COMPANY_MAPPING,NEEDS_COMPANY_MAPPING,,0.0,True,1,0,0,0,0,0,1,0,0,0,0,False,False,False,False,False,False,False,False,False,False,"no keyword, dictionary, persona, or message signal found — needs manual research",1,11,
Serpro,serpro,NEEDS_COMPANY_MAPPING,NEEDS_COMPANY_MAPPING,,0.0,True,1,0,0,0,0,0,1,0,0,0,0,False,False,False,False,False,False,False,False,False,False,"no keyword, dictionary, persona, or message signal found — needs manual research",1,11,
SEO International Conference Karachi,seo international conference karachi,NEEDS_COMPANY_MAPPING,NEEDS_COMPANY_MAPPING,,0.0,True,1,0,0,0,0,0,1,0,0,0,0,False,False,False,False,False,False,False,False,False,False,"no keyword, dictionary, persona, or message signal found — needs manual research",1,11,
Sentry,sentry,NEEDS_COMPANY_MAPPING,NEEDS_COMPANY_MAPPING,,0.0,True,1,0,0,0,0,0,1,0,0,0,0,False,False,False,False,False,False,False,False,False,False,"no keyword, dictionary, persona, or message signal found — needs manual research",1,11,
Senac RS,senac rs,NEEDS_COMPANY_MAPPING,NEEDS_COMPANY_MAPPING,,0.0,True,1,0,0,0,0,0,1,0,0,0,0,False,False,False,False,False,False,False,False,False,False,"no keyword, dictionary, persona, or message signal found — needs manual research",1,11,
Selpe Gente e Gestão,selpe gente e gestão,NEEDS_COMPANY_MAPPING,NEEDS_COMPANY_MAPPING,,0.0,True,1,0,0,0,0,0,1,0,0,0,0,False,False,False,False,False,False,False,False,False,False,"no keyword, dictionary, persona, or message signal found — needs manual research",1,11,
"Seguros, tendencias y riesgos SURA","seguros, tendencias y riesgos sura",NEEDS_COMPANY_MAPPING,NEEDS_COMPANY_MAPPING,,0.0,True,1,0,0,0,0,0,1,0,0,0,0,False,False,False,False,False,False,False,False,False,False,"no keyword, dictionary, persona, or message signal found — needs manual research",1,11,
Findtec,findtec,NEEDS_COMPANY_MAPPING,NEEDS_COMPANY_MAPPING,,0.0,True,1,0,0,0,0,0,1,0,0,0,0,False,False,False,False,False,False,False,False,False,False,"no keyword, dictionary, persona, or message signal found — needs manual research",1,11,
finbyte,finbyte,NEEDS_COMPANY_MAPPING,NEEDS_COMPANY_MAPPING,,0.0,True,1,0,0,0,0,0,1,0,0,0,0,False,False,False,False,False,False,False,False,False,False,"no keyword, dictionary, persona, or message signal found — needs manual research",1,11,
Finalyse,finalyse,NEEDS_COMPANY_MAPPING,NEEDS_COMPANY_MAPPING,,0.0,True,1,0,0,0,0,0,1,0,0,0,0,False,False,False,False,False,False,False,False,False,False,"no keyword, dictionary, persona, or message signal found — needs manual research",1,11,
Ferring Pharmaceuticals,ferring pharmaceuticals,NEEDS_COMPANY_MAPPING,NEEDS_COMPANY_MAPPING,,0.0,True,1,0,0,0,0,0,1,0,0,0,0,False,False,False,False,False,False,False,False,False,False,"no keyword, dictionary, persona, or message signal found — needs manual research",1,11,
Banco Rendimento,banco rendimento,NEEDS_COMPANY_MAPPING,NEEDS_COMPANY_MAPPING,,0.0,True,1,0,0,0,0,0,1,0,0,0,0,False,False,False,False,False,False,False,False,False,False,"no keyword, dictionary, persona, or message signal found — needs manual research",1,11,
SLC Agrícola S/A,slc agrícola,NEEDS_COMPANY_MAPPING,NEEDS_COMPANY_MAPPING,,0.0,True,1,0,0,0,0,0,1,0,0,0,0,False,False,False,False,False,False,False,False,False,False,"no keyword, dictionary, persona, or message signal found — needs manual research",1,11,
Skyone,skyone,NEEDS_COMPANY_MAPPING,NEEDS_COMPANY_MAPPING,,0.0,True,1,0,0,0,0,0,1,0,0,0,0,False,False,False,False,False,False,False,False,False,False,"no keyword, dictionary, persona, or message signal found — needs manual research",1,11,
SKF Group,skf,NEEDS_COMPANY_MAPPING,NEEDS_COMPANY_MAPPING,,0.0,True,1,0,0,0,0,0,1,0,0,0,0,False,False,False,False,False,False,False,False,False,False,"no keyword, dictionary, persona, or message signal found — needs manual research",1,11,
Convene,convene,NEEDS_COMPANY_MAPPING,NEEDS_COMPANY_MAPPING,,0.0,True,1,0,0,0,0,0,1,0,0,0,0,False,False,False,False,False,False,False,False,False,False,"no keyword, dictionary, persona, or message signal found — needs manual research",1,11,
Consultório Particular,consultório particular,NEEDS_COMPANY_MAPPING,NEEDS_COMPANY_MAPPING,,0.0,True,1,0,0,0,0,0,1,0,0,0,0,False,False,False,False,False,False,False,False,False,False,"no keyword, dictionary, persona, or message signal found — needs manual research",1,11,
Consultant / Self-Employed,consultant / self-employed,NEEDS_COMPANY_MAPPING,NEEDS_COMPANY_MAPPING,,0.0,True,1,0,0,0,0,0,1,0,0,0,0,False,False,False,False,False,False,False,False,False,False,"no keyword, dictionary, persona, or message signal found — needs manual research",1,11,
Constructor,constructor,NEEDS_COMPANY_MAPPING,NEEDS_COMPANY_MAPPING,,0.0,True,1,0,0,0,0,0,1,0,0,0,0,False,False,False,False,False,False,False,False,False,False,"no keyword, dictionary, persona, or message signal found — needs manual research",1,11,
Confeitaria Moriê,confeitaria moriê,NEEDS_COMPANY_MAPPING,NEEDS_COMPANY_MAPPING,,0.0,True,1,0,0,0,0,0,1,0,0,0,0,False,False,False,False,False,False,False,False,False,False,"no keyword, dictionary, persona, or message signal found — needs manual research",1,11,
Conexões Psi,conexões psi,NEEDS_COMPANY_MAPPING,NEEDS_COMPANY_MAPPING,,0.0,True,1,0,0,0,0,0,1,0,0,0,0,False,False,False,False,False,False,False,False,False,False,"no keyword, dictionary, persona, or message signal found — needs manual research",1,11,
Sistema FIERGS,sistema fiergs,NEEDS_COMPANY_MAPPING,NEEDS_COMPANY_MAPPING,,0.0,True,1,0,0,0,0,0,1,0,0,0,0,False,False,False,False,False,False,False,False,False,False,"no keyword, dictionary, persona, or message signal found — needs manual research",1,11,
Sirato Group,sirato,NEEDS_COMPANY_MAPPING,NEEDS_COMPANY_MAPPING,,0.0,True,1,0,0,0,0,0,1,0,0,0,0,False,False,False,False,False,False,False,False,False,False,"no keyword, dictionary, persona, or message signal found — needs manual research",1,11,
Alliant Insurance Services,alliant insurance,NEEDS_COMPANY_MAPPING,NEEDS_COMPANY_MAPPING,,0.0,True,1,0,0,0,0,0,1,0,0,0,0,False,False,False,False,False,False,False,False,False,False,"no keyword, dictionary, persona, or message signal found — needs manual research",1,11,
Allgemeine Rentenanstalt Pensionskasse,allgemeine rentenanstalt pensionskasse,NEEDS_COMPANY_MAPPING,NEEDS_COMPANY_MAPPING,,0.0,True,1,0,0,0,0,0,1,0,0,0,0,False,False,False,False,False,False,False,False,False,False,"no keyword, dictionary, persona, or message signal found — needs manual research",1,11,
softgarden e-recruiting GmbH,softgarden e-recruiting,NEEDS_COMPANY_MAPPING,GLOBAL_STAFFING,GLOBAL_STAFFING,0.8,True,1,0,0,0,0,0,1,0,0,0,0,False,False,False,False,False,False,False,False,True,False,staffing/recruiting keyword in company name,1,11,"  ""softgarden e-recruiting gmbh"": {market: GLOBAL_STAFFING, category: GLOBAL_STAFFING}"
SoftDoes,softdoes,NEEDS_COMPANY_MAPPING,NEEDS_COMPANY_MAPPING,,0.0,True,1,0,0,0,0,0,1,0,0,0,0,False,False,False,False,False,False,False,False,False,False,"no keyword, dictionary, persona, or message signal found — needs manual research",1,11,
Society of Petroleum Engineers International,society of petroleum engineers international,NEEDS_COMPANY_MAPPING,NEEDS_COMPANY_MAPPING,,0.0,True,1,0,0,0,0,0,1,0,0,0,0,False,False,False,False,False,False,False,False,False,False,"no keyword, dictionary, persona, or message signal found — needs manual research",1,11,
Sociedade Beneficência e Caridade Lajeado - Hospital Bruno Born (HBB),sociedade beneficência e caridade lajeado - hospital bruno born (hbb),NEEDS_COMPANY_MAPPING,NEEDS_COMPANY_MAPPING,,0.0,True,1,0,0,0,0,0,1,0,0,0,0,False,False,False,False,False,False,False,False,False,False,"no keyword, dictionary, persona, or message signal found — needs manual research",1,11,
Smartspace,smartspace,NEEDS_COMPANY_MAPPING,NEEDS_COMPANY_MAPPING,,0.0,True,1,0,0,0,0,0,1,0,0,0,0,False,False,False,False,False,False,False,False,False,False,"no keyword, dictionary, persona, or message signal found — needs manual research",1,11,
SmartChoice International Limited,smartchoice international,NEEDS_COMPANY_MAPPING,NEEDS_COMPANY_MAPPING,,0.0,True,1,0,0,0,0,0,1,0,0,0,0,False,False,False,False,False,False,False,False,False,False,"no keyword, dictionary, persona, or message signal found — needs manual research",1,11,
Baril Advogados,baril advogados,NEEDS_COMPANY_MAPPING,NEEDS_COMPANY_MAPPING,,0.0,True,1,0,0,0,0,0,1,0,0,0,0,False,False,False,False,False,False,False,False,False,False,"no keyword, dictionary, persona, or message signal found — needs manual research",1,11,
Bankme,bankme,NEEDS_COMPANY_MAPPING,NEEDS_COMPANY_MAPPING,,0.0,True,1,0,0,0,0,0,1,0,0,0,0,False,False,False,False,False,False,False,False,False,False,"no keyword, dictionary, persona, or message signal found — needs manual research",1,11,
Bankhaus Metzler,bankhaus metzler,NEEDS_COMPANY_MAPPING,NEEDS_COMPANY_MAPPING,,0.0,True,1,0,0,0,0,0,1,0,0,0,0,False,False,False,False,False,False,False,False,False,False,"no keyword, dictionary, persona, or message signal found — needs manual research",1,11,
Banistmo,banistmo,NEEDS_COMPANY_MAPPING,NEEDS_COMPANY_MAPPING,,0.0,True,1,0,0,0,0,0,1,0,0,0,0,False,False,False,False,False,False,False,False,False,False,"no keyword, dictionary, persona, or message signal found — needs manual research",1,11,
Banco Sofisa S/A,banco sofisa,NEEDS_COMPANY_MAPPING,NEEDS_COMPANY_MAPPING,,0.0,True,1,0,0,0,0,0,1,0,0,0,0,False,False,False,False,False,False,False,False,False,False,"no keyword, dictionary, persona, or message signal found — needs manual research",1,11,
Fiquem Sabendo,fiquem sabendo,NEEDS_COMPANY_MAPPING,NEEDS_COMPANY_MAPPING,,0.0,True,1,0,0,0,0,0,1,0,0,0,0,False,False,False,False,False,False,False,False,False,False,"no keyword, dictionary, persona, or message signal found — needs manual research",1,11,
Finik,finik,NEEDS_COMPANY_MAPPING,NEEDS_COMPANY_MAPPING,,0.0,True,1,0,0,0,0,0,1,0,0,0,0,False,False,False,False,False,False,False,False,False,False,"no keyword, dictionary, persona, or message signal found — needs manual research",1,11,
Fine & Country Algarve,fine & country algarve,NEEDS_COMPANY_MAPPING,NEEDS_COMPANY_MAPPING,,0.0,True,1,0,0,0,0,0,1,0,0,0,0,False,False,False,False,False,False,False,False,False,False,"no keyword, dictionary, persona, or message signal found — needs manual research",1,11,
Spilberg IT Dev Careers,spilberg it dev careers,NEEDS_COMPANY_MAPPING,NEEDS_COMPANY_MAPPING,,0.0,True,1,0,0,0,0,0,1,0,0,0,0,False,False,False,False,False,False,False,False,False,False,"no keyword, dictionary, persona, or message signal found — needs manual research",1,11,
Spilberg,spilberg,NEEDS_COMPANY_MAPPING,NEEDS_COMPANY_MAPPING,,0.0,True,1,0,0,0,0,0,1,0,0,0,0,False,False,False,False,False,False,False,False,False,False,"no keyword, dictionary, persona, or message signal found — needs manual research",1,11,
Spencer Ogden,spencer ogden,NEEDS_COMPANY_MAPPING,NEEDS_COMPANY_MAPPING,,0.0,True,1,0,0,0,0,0,1,0,0,0,0,False,False,False,False,False,False,False,False,False,False,"no keyword, dictionary, persona, or message signal found — needs manual research",1,11,
SpeedMart,speedmart,NEEDS_COMPANY_MAPPING,NEEDS_COMPANY_MAPPING,,0.0,True,1,0,0,0,0,0,1,0,0,0,0,False,False,False,False,False,False,False,False,False,False,"no keyword, dictionary, persona, or message signal found — needs manual research",1,11,
Spark,spark,NEEDS_COMPANY_MAPPING,NEEDS_COMPANY_MAPPING,,0.0,True,1,0,0,0,0,0,1,0,0,0,0,False,False,False,False,False,False,False,False,False,False,"no keyword, dictionary, persona, or message signal found — needs manual research",1,11,
Sozial-Konzept AG,sozial-konzept,NEEDS_COMPANY_MAPPING,NEEDS_COMPANY_MAPPING,,0.0,True,1,0,0,0,0,0,1,0,0,0,0,False,False,False,False,False,False,False,False,False,False,"no keyword, dictionary, persona, or message signal found — needs manual research",1,11,
Sourcicle,sourcicle,NEEDS_COMPANY_MAPPING,NEEDS_COMPANY_MAPPING,,0.0,True,1,0,0,0,0,0,1,0,0,0,0,False,False,False,False,False,False,False,False,False,False,"no keyword, dictionary, persona, or message signal found — needs manual research",1,11,
SolvePlan,solveplan,NEEDS_COMPANY_MAPPING,NEEDS_COMPANY_MAPPING,,0.0,True,1,0,0,0,0,0,1,0,0,0,0,False,False,False,False,False,False,False,False,False,False,"no keyword, dictionary, persona, or message signal found — needs manual research",1,11,
SOLCOM GmbH,solcom,NEEDS_COMPANY_MAPPING,NEEDS_COMPANY_MAPPING,,0.0,True,1,0,0,0,0,0,1,0,0,0,0,False,False,False,False,False,False,False,False,False,False,"no keyword, dictionary, persona, or message signal found — needs manual research",1,11,
SoftSystem IT,softsystem it,NEEDS_COMPANY_MAPPING,NEEDS_COMPANY_MAPPING,,0.0,True,1,0,0,0,0,0,1,0,0,0,0,False,False,False,False,False,False,False,False,False,False,"no keyword, dictionary, persona, or message signal found — needs manual research",1,11,
ALTAVE,altave,NEEDS_COMPANY_MAPPING,NEEDS_COMPANY_MAPPING,,0.0,True,1,0,0,0,0,0,1,0,0,0,0,False,False,False,False,False,False,False,False,False,False,"no keyword, dictionary, persona, or message signal found — needs manual research",1,11,
alt.bank,alt.bank,NEEDS_COMPANY_MAPPING,NEEDS_COMPANY_MAPPING,,0.0,True,1,0,0,0,0,0,1,0,0,0,0,False,False,False,False,False,False,False,False,False,False,"no keyword, dictionary, persona, or message signal found — needs manual research",1,11,
AlphaSkill,alphaskill,NEEDS_COMPANY_MAPPING,NEEDS_COMPANY_MAPPING,,0.0,True,1,0,0,0,0,0,1,0,0,0,0,False,False,False,False,False,False,False,False,False,False,"no keyword, dictionary, persona, or message signal found — needs manual research",1,11,
AlphaLit,alphalit,NEEDS_COMPANY_MAPPING,NEEDS_COMPANY_MAPPING,,0.0,True,1,0,0,0,0,0,1,0,0,0,0,False,False,False,False,False,False,False,False,False,False,"no keyword, dictionary, persona, or message signal found — needs manual research",1,11,
Alpha Only KLG,alpha only klg,NEEDS_COMPANY_MAPPING,NEEDS_COMPANY_MAPPING,,0.0,True,1,0,0,0,0,0,1,0,0,0,0,False,False,False,False,False,False,False,False,False,False,"no keyword, dictionary, persona, or message signal found — needs manual research",1,11,
Allo Bank,allo bank,NEEDS_COMPANY_MAPPING,NEEDS_COMPANY_MAPPING,,0.0,True,1,0,0,0,0,0,1,0,0,0,0,False,False,False,False,False,False,False,False,False,False,"no keyword, dictionary, persona, or message signal found — needs manual research",1,11,
Grupo Condumax | Incesa,grupo condumax | incesa,NEEDS_COMPANY_MAPPING,NEEDS_COMPANY_MAPPING,,0.0,True,1,0,0,0,0,0,1,0,0,0,0,False,False,False,False,False,False,False,False,False,False,"no keyword, dictionary, persona, or message signal found — needs manual research",1,11,
Grupo Bringel Oficial,grupo bringel oficial,NEEDS_COMPANY_MAPPING,NEEDS_COMPANY_MAPPING,,0.0,True,1,0,0,0,0,0,1,0,0,0,0,False,False,False,False,False,False,False,False,False,False,"no keyword, dictionary, persona, or message signal found — needs manual research",1,11,
Grupo Bonella,grupo bonella,NEEDS_COMPANY_MAPPING,NEEDS_COMPANY_MAPPING,,0.0,True,1,0,0,0,0,0,1,0,0,0,0,False,False,False,False,False,False,False,False,False,False,"no keyword, dictionary, persona, or message signal found — needs manual research",1,11,
Grupo Blanco,grupo blanco,NEEDS_COMPANY_MAPPING,NEEDS_COMPANY_MAPPING,,0.0,True,1,0,0,0,0,0,1,0,0,0,0,False,False,False,False,False,False,False,False,False,False,"no keyword, dictionary, persona, or message signal found — needs manual research",1,11,
Stadt Essen,stadt essen,NEEDS_COMPANY_MAPPING,NEEDS_COMPANY_MAPPING,,0.0,True,1,0,0,0,0,0,1,0,0,0,0,False,False,False,False,False,False,False,False,False,False,"no keyword, dictionary, persona, or message signal found — needs manual research",1,11,
SQUARE CITY,square city,NEEDS_COMPANY_MAPPING,NEEDS_COMPANY_MAPPING,,0.0,True,1,0,0,0,0,0,1,0,0,0,0,False,False,False,False,False,False,False,False,False,False,"no keyword, dictionary, persona, or message signal found — needs manual research",1,11,
SprintHub,sprinthub,NEEDS_COMPANY_MAPPING,NEEDS_COMPANY_MAPPING,,0.0,True,1,0,0,0,0,0,1,0,0,0,0,False,False,False,False,False,False,False,False,False,False,"no keyword, dictionary, persona, or message signal found — needs manual research",1,11,
Spread Tecnologia,spread tecnologia,NEEDS_COMPANY_MAPPING,NEEDS_COMPANY_MAPPING,,0.0,True,1,0,0,0,0,0,1,0,0,0,0,False,False,False,False,False,False,False,False,False,False,"no keyword, dictionary, persona, or message signal found — needs manual research",1,11,
CONAPROLE,conaprole,NEEDS_COMPANY_MAPPING,NEEDS_COMPANY_MAPPING,,0.0,True,1,0,0,0,0,0,1,0,0,0,0,False,False,False,False,False,False,False,False,False,False,"no keyword, dictionary, persona, or message signal found — needs manual research",1,11,
Complexity Science Hub Vienna,complexity science hub vienna,NEEDS_COMPANY_MAPPING,NEEDS_COMPANY_MAPPING,,0.0,True,1,0,0,0,0,0,1,0,0,0,0,False,False,False,False,False,False,False,False,False,False,"no keyword, dictionary, persona, or message signal found — needs manual research",1,11,
Compagas,compagas,NEEDS_COMPANY_MAPPING,NEEDS_COMPANY_MAPPING,,0.0,True,1,0,0,0,0,0,1,0,0,0,0,False,False,False,False,False,False,False,False,False,False,"no keyword, dictionary, persona, or message signal found — needs manual research",1,11,
Comercial 10x,comercial 10x,NEEDS_COMPANY_MAPPING,NEEDS_COMPANY_MAPPING,,0.0,True,1,0,0,0,0,0,1,0,0,0,0,False,False,False,False,False,False,False,False,False,False,"no keyword, dictionary, persona, or message signal found — needs manual research",1,11,
Comax smart E.R.P,comax smart e.r.p,NEEDS_COMPANY_MAPPING,NEEDS_COMPANY_MAPPING,,0.0,True,1,0,0,0,0,0,1,0,0,0,0,False,False,False,False,False,False,False,False,False,False,"no keyword, dictionary, persona, or message signal found — needs manual research",1,11,
Colégio Apoio,colégio apoio,NEEDS_COMPANY_MAPPING,NEEDS_COMPANY_MAPPING,,0.0,True,1,0,0,0,0,0,1,0,0,0,0,False,False,False,False,False,False,False,False,False,False,"no keyword, dictionary, persona, or message signal found — needs manual research",1,11,
Collateral Partners (formerly BetterPitch),collateral partners (formerly betterpitch),NEEDS_COMPANY_MAPPING,NEEDS_COMPANY_MAPPING,,0.0,True,1,0,0,0,0,0,1,0,0,0,0,False,False,False,False,False,False,False,False,False,False,"no keyword, dictionary, persona, or message signal found — needs manual research",1,11,
CoinDCX,coindcx,NEEDS_COMPANY_MAPPING,NEEDS_COMPANY_MAPPING,,0.0,True,1,0,0,0,0,0,1,0,0,0,0,False,False,False,False,False,False,False,False,False,False,"no keyword, dictionary, persona, or message signal found — needs manual research",1,11,
Stückle-Druck,stückle-druck,NEEDS_COMPANY_MAPPING,NEEDS_COMPANY_MAPPING,,0.0,True,1,0,0,0,0,0,1,0,0,0,0,False,False,False,False,False,False,False,False,False,False,"no keyword, dictionary, persona, or message signal found — needs manual research",1,11,
Stylest Boutique,stylest boutique,NEEDS_COMPANY_MAPPING,NEEDS_COMPANY_MAPPING,,0.0,True,1,0,0,0,0,0,1,0,0,0,0,False,False,False,False,False,False,False,False,False,False,"no keyword, dictionary, persona, or message signal found — needs manual research",1,11,
Studio Lyra,studio lyra,NEEDS_COMPANY_MAPPING,NEEDS_COMPANY_MAPPING,,0.0,True,1,0,0,0,0,0,1,0,0,0,0,False,False,False,False,False,False,False,False,False,False,"no keyword, dictionary, persona, or message signal found — needs manual research",1,11,
STRONG Conveniada FGV,strong conveniada fgv,NEEDS_COMPANY_MAPPING,NEEDS_COMPANY_MAPPING,,0.0,True,1,0,0,0,0,0,1,0,0,0,0,False,False,False,False,False,False,False,False,False,False,"no keyword, dictionary, persona, or message signal found — needs manual research",1,11,
Strategy Institute,strategy institute,NEEDS_COMPANY_MAPPING,NEEDS_COMPANY_MAPPING,,0.0,True,1,0,0,0,0,0,1,0,0,0,0,False,False,False,False,False,False,False,False,False,False,"no keyword, dictionary, persona, or message signal found — needs manual research",1,11,
Stolt-Nielsen,stolt-nielsen,NEEDS_COMPANY_MAPPING,NEEDS_COMPANY_MAPPING,,0.0,True,1,0,0,0,0,0,1,0,0,0,0,False,False,False,False,False,False,False,False,False,False,"no keyword, dictionary, persona, or message signal found — needs manual research",1,11,
Stark Medien GmbH,stark medien,NEEDS_COMPANY_MAPPING,NEEDS_COMPANY_MAPPING,,0.0,True,1,0,0,0,0,0,1,0,0,0,0,False,False,False,False,False,False,False,False,False,False,"no keyword, dictionary, persona, or message signal found — needs manual research",1,11,
Stalse,stalse,NEEDS_COMPANY_MAPPING,NEEDS_COMPANY_MAPPING,,0.0,True,1,0,0,0,0,0,1,0,0,0,0,False,False,False,False,False,False,False,False,False,False,"no keyword, dictionary, persona, or message signal found — needs manual research",1,11,
Grupo Líder,grupo líder,NEEDS_COMPANY_MAPPING,NEEDS_COMPANY_MAPPING,,0.0,True,1,0,0,0,0,0,1,0,0,0,0,False,False,False,False,False,False,False,False,False,False,"no keyword, dictionary, persona, or message signal found — needs manual research",1,11,
Grupo Hub,grupo hub,NEEDS_COMPANY_MAPPING,NEEDS_COMPANY_MAPPING,,0.0,True,1,0,0,0,0,0,1,0,0,0,0,False,False,False,False,False,False,False,False,False,False,"no keyword, dictionary, persona, or message signal found — needs manual research",1,11,
Grupo H2,grupo h2,NEEDS_COMPANY_MAPPING,NEEDS_COMPANY_MAPPING,,0.0,True,1,0,0,0,0,0,1,0,0,0,0,False,False,False,False,False,False,False,False,False,False,"no keyword, dictionary, persona, or message signal found — needs manual research",1,11,
Grupo Fácil,grupo fácil,NEEDS_COMPANY_MAPPING,NEEDS_COMPANY_MAPPING,,0.0,True,1,0,0,0,0,0,1,0,0,0,0,False,False,False,False,False,False,False,False,False,False,"no keyword, dictionary, persona, or message signal found — needs manual research",1,11,
Grupo ENESA - Página Oficial,grupo enesa - página oficial,NEEDS_COMPANY_MAPPING,NEEDS_COMPANY_MAPPING,,0.0,True,1,0,0,0,0,0,1,0,0,0,0,False,False,False,False,False,False,False,False,False,False,"no keyword, dictionary, persona, or message signal found — needs manual research",1,11,
Grupo Energisa,grupo energisa,NEEDS_COMPANY_MAPPING,NEEDS_COMPANY_MAPPING,,0.0,True,1,0,0,0,0,0,1,0,0,0,0,False,False,False,False,False,False,False,False,False,False,"no keyword, dictionary, persona, or message signal found — needs manual research",1,11,
GRUPO EDUCACIONAL DRUMMOND,grupo educacional drummond,NEEDS_COMPANY_MAPPING,NEEDS_COMPANY_MAPPING,,0.0,True,1,0,0,0,0,0,1,0,0,0,0,False,False,False,False,False,False,False,False,False,False,"no keyword, dictionary, persona, or message signal found — needs manual research",1,11,
Grupo Dipromedic,grupo dipromedic,NEEDS_COMPANY_MAPPING,NEEDS_COMPANY_MAPPING,,0.0,True,1,0,0,0,0,0,1,0,0,0,0,False,False,False,False,False,False,False,False,False,False,"no keyword, dictionary, persona, or message signal found — needs manual research",1,11,
Albert Heijn,albert heijn,NEEDS_COMPANY_MAPPING,NEEDS_COMPANY_MAPPING,,0.0,True,1,0,0,0,0,0,1,0,0,0,0,False,False,False,False,False,False,False,False,False,False,"no keyword, dictionary, persona, or message signal found — needs manual research",1,11,
AkzoNobel,akzonobel,NEEDS_COMPANY_MAPPING,NEEDS_COMPANY_MAPPING,,0.0,True,1,0,0,0,0,0,1,0,0,0,0,False,False,False,False,False,False,False,False,False,False,"no keyword, dictionary, persona, or message signal found — needs manual research",1,11,
Akad Seguros,akad seguros,NEEDS_COMPANY_MAPPING,NEEDS_COMPANY_MAPPING,,0.0,True,1,0,0,0,0,0,1,0,0,0,0,False,False,False,False,False,False,False,False,False,False,"no keyword, dictionary, persona, or message signal found — needs manual research",1,11,
Syone,syone,NEEDS_COMPANY_MAPPING,NEEDS_COMPANY_MAPPING,,0.0,True,1,0,0,0,0,0,1,0,0,0,0,False,False,False,False,False,False,False,False,False,False,"no keyword, dictionary, persona, or message signal found — needs manual research",1,11,
Synergie Executive,synergie executive,NEEDS_COMPANY_MAPPING,NEEDS_COMPANY_MAPPING,,0.0,True,1,0,0,0,0,0,1,0,0,0,0,False,False,False,False,False,False,False,False,False,False,"no keyword, dictionary, persona, or message signal found — needs manual research",1,11,
Syneos Health via AMS,syneos health via ams,NEEDS_COMPANY_MAPPING,NEEDS_COMPANY_MAPPING,,0.0,True,1,0,0,0,0,0,1,0,0,0,0,False,False,False,False,False,False,False,False,False,False,"no keyword, dictionary, persona, or message signal found — needs manual research",1,11,
SymBio,symbio,NEEDS_COMPANY_MAPPING,NEEDS_COMPANY_MAPPING,,0.0,True,1,0,0,0,0,0,1,0,0,0,0,False,False,False,False,False,False,False,False,False,False,"no keyword, dictionary, persona, or message signal found — needs manual research",1,11,
SwitchUp,switchup,NEEDS_COMPANY_MAPPING,NEEDS_COMPANY_MAPPING,,0.0,True,1,0,0,0,0,0,1,0,0,0,0,False,False,False,False,False,False,False,False,False,False,"no keyword, dictionary, persona, or message signal found — needs manual research",1,11,
Swiss Post,swiss post,NEEDS_COMPANY_MAPPING,NEEDS_COMPANY_MAPPING,,0.0,True,1,0,0,0,0,0,1,0,0,0,0,False,False,False,False,False,False,False,False,False,False,"no keyword, dictionary, persona, or message signal found — needs manual research",1,11,
Swift Recruit,swift recruit,NEEDS_COMPANY_MAPPING,NEEDS_COMPANY_MAPPING,,0.0,True,1,0,0,0,0,0,1,0,0,0,0,False,False,False,False,False,False,False,False,False,False,"no keyword, dictionary, persona, or message signal found — needs manual research",1,11,
Sweetpad,sweetpad,NEEDS_COMPANY_MAPPING,NEEDS_COMPANY_MAPPING,,0.0,True,1,0,0,0,0,0,1,0,0,0,0,False,False,False,False,False,False,False,False,False,False,"no keyword, dictionary, persona, or message signal found — needs manual research",1,11,
SUSONITY,susonity,NEEDS_COMPANY_MAPPING,NEEDS_COMPANY_MAPPING,,0.0,True,1,0,0,0,0,0,1,0,0,0,0,False,False,False,False,False,False,False,False,False,False,"no keyword, dictionary, persona, or message signal found — needs manual research",1,11,
Support Farma,support farma,NEEDS_COMPANY_MAPPING,NEEDS_COMPANY_MAPPING,,0.0,True,1,0,0,0,0,0,1,0,0,0,0,False,False,False,False,False,False,False,False,False,False,"no keyword, dictionary, persona, or message signal found — needs manual research",1,11,
Suominen Corporation,suominen,NEEDS_COMPANY_MAPPING,NEEDS_COMPANY_MAPPING,,0.0,True,1,0,0,0,0,0,1,0,0,0,0,False,False,False,False,False,False,False,False,False,False,"no keyword, dictionary, persona, or message signal found — needs manual research",1,11,
Sunndex,sunndex,NEEDS_COMPANY_MAPPING,NEEDS_COMPANY_MAPPING,,0.0,True,1,0,0,0,0,0,1,0,0,0,0,False,False,False,False,False,False,False,False,False,False,"no keyword, dictionary, persona, or message signal found — needs manual research",1,11,
Suma Soft Pvt Ltd,suma soft pvt,NEEDS_COMPANY_MAPPING,NEEDS_COMPANY_MAPPING,,0.0,True,1,0,0,0,0,0,1,0,0,0,0,False,False,False,False,False,False,False,False,False,False,"no keyword, dictionary, persona, or message signal found — needs manual research",1,11,
Grafeno,grafeno,NEEDS_COMPANY_MAPPING,NEEDS_COMPANY_MAPPING,,0.0,True,1,0,0,0,0,0,1,0,0,0,0,False,False,False,False,False,False,False,False,False,False,"no keyword, dictionary, persona, or message signal found — needs manual research",1,11,
Golin Ketchum,golin ketchum,NEEDS_COMPANY_MAPPING,NEEDS_COMPANY_MAPPING,,0.0,True,1,0,0,0,0,0,1,0,0,0,0,False,False,False,False,False,False,False,False,False,False,"no keyword, dictionary, persona, or message signal found — needs manual research",1,11,
Goldenergy,goldenergy,NEEDS_COMPANY_MAPPING,NEEDS_COMPANY_MAPPING,,0.0,True,1,0,0,0,0,0,1,0,0,0,0,False,False,False,False,False,False,False,False,False,False,"no keyword, dictionary, persona, or message signal found — needs manual research",1,11,
Alga,alga,NEEDS_COMPANY_MAPPING,NEEDS_COMPANY_MAPPING,,0.0,True,1,0,0,0,0,0,1,0,0,0,0,False,False,False,False,False,False,False,False,False,False,"no keyword, dictionary, persona, or message signal found — needs manual research",1,11,
AlfaPeople,alfapeople,NEEDS_COMPANY_MAPPING,NEEDS_COMPANY_MAPPING,,0.0,True,1,0,0,0,0,0,1,0,0,0,0,False,False,False,False,False,False,False,False,False,False,"no keyword, dictionary, persona, or message signal found — needs manual research",1,11,
Alexander Thamm [at],alexander thamm [at],NEEDS_COMPANY_MAPPING,NEEDS_COMPANY_MAPPING,,0.0,True,1,0,0,0,0,0,1,0,0,0,0,False,False,False,False,False,False,False,False,False,False,"no keyword, dictionary, persona, or message signal found — needs manual research",1,11,
CodeSmash,codesmash,NEEDS_COMPANY_MAPPING,NEEDS_COMPANY_MAPPING,,0.0,True,1,0,0,0,0,0,1,0,0,0,0,False,False,False,False,False,False,False,False,False,False,"no keyword, dictionary, persona, or message signal found — needs manual research",1,11,
Coders Hire Private Limited,coders hire private,NEEDS_COMPANY_MAPPING,NEEDS_COMPANY_MAPPING,,0.0,True,1,0,0,0,0,0,1,0,0,0,0,False,False,False,False,False,False,False,False,False,False,"no keyword, dictionary, persona, or message signal found — needs manual research",1,11,
Code Group,code,NEEDS_COMPANY_MAPPING,NEEDS_COMPANY_MAPPING,,0.0,True,1,0,0,0,0,0,1,0,0,0,0,False,False,False,False,False,False,False,False,False,False,"no keyword, dictionary, persona, or message signal found — needs manual research",1,11,
Caja Los Andes,caja los andes,NEEDS_COMPANY_MAPPING,NEEDS_COMPANY_MAPPING,,0.0,True,1,0,0,0,0,0,1,0,0,0,0,False,False,False,False,False,False,False,False,False,False,"no keyword, dictionary, persona, or message signal found — needs manual research",1,11,
Büsser & Zeidler AG,büsser & zeidler,NEEDS_COMPANY_MAPPING,NEEDS_COMPANY_MAPPING,,0.0,True,1,0,0,0,0,0,1,0,0,0,0,False,False,False,False,False,False,False,False,False,False,"no keyword, dictionary, persona, or message signal found — needs manual research",1,11,
Bunge,bunge,NEEDS_COMPANY_MAPPING,NEEDS_COMPANY_MAPPING,,0.0,True,1,0,0,0,0,0,1,0,0,0,0,False,False,False,False,False,False,False,False,False,False,"no keyword, dictionary, persona, or message signal found — needs manual research",1,11,
Bundesagentur für Arbeit,bundesagentur für arbeit,NEEDS_COMPANY_MAPPING,NEEDS_COMPANY_MAPPING,,0.0,True,1,0,0,0,0,0,1,0,0,0,0,False,False,False,False,False,False,False,False,False,False,"no keyword, dictionary, persona, or message signal found — needs manual research",1,11,
bSide,bside,NEEDS_COMPANY_MAPPING,NEEDS_COMPANY_MAPPING,,0.0,True,1,0,0,0,0,0,1,0,0,0,0,False,False,False,False,False,False,False,False,False,False,"no keyword, dictionary, persona, or message signal found — needs manual research",1,11,
Brown-Forman,brown-forman,NEEDS_COMPANY_MAPPING,NEEDS_COMPANY_MAPPING,,0.0,True,1,0,0,0,0,0,1,0,0,0,0,False,False,False,False,False,False,False,False,False,False,"no keyword, dictionary, persona, or message signal found — needs manual research",1,11,
BROSETA,broseta,NEEDS_COMPANY_MAPPING,NEEDS_COMPANY_MAPPING,,0.0,True,1,0,0,0,0,0,1,0,0,0,0,False,False,False,False,False,False,False,False,False,False,"no keyword, dictionary, persona, or message signal found — needs manual research",1,11,
Talan Americas,talan americas,NEEDS_COMPANY_MAPPING,NEEDS_COMPANY_MAPPING,,0.0,True,1,0,0,0,0,0,1,0,0,0,0,False,False,False,False,False,False,False,False,False,False,"no keyword, dictionary, persona, or message signal found — needs manual research",1,11,
TakenJobs,takenjobs,NEEDS_COMPANY_MAPPING,NEEDS_COMPANY_MAPPING,,0.0,True,1,0,0,0,0,0,1,0,0,0,0,False,False,False,False,False,False,False,False,False,False,"no keyword, dictionary, persona, or message signal found — needs manual research",1,11,
Taco Bell,taco bell,NEEDS_COMPANY_MAPPING,NEEDS_COMPANY_MAPPING,,0.0,True,1,0,0,0,0,0,1,0,0,0,0,False,False,False,False,False,False,False,False,False,False,"no keyword, dictionary, persona, or message signal found — needs manual research",1,11,
Tabby,tabby,NEEDS_COMPANY_MAPPING,NEEDS_COMPANY_MAPPING,,0.0,True,1,0,0,0,0,0,1,0,0,0,0,False,False,False,False,False,False,False,False,False,False,"no keyword, dictionary, persona, or message signal found — needs manual research",1,11,
Alium,alium,NEEDS_COMPANY_MAPPING,NEEDS_COMPANY_MAPPING,,0.0,True,1,0,0,0,0,0,1,0,0,0,0,False,False,False,False,False,False,False,False,False,False,"no keyword, dictionary, persona, or message signal found — needs manual research",1,11,
Alimentos Bloxom,alimentos bloxom,NEEDS_COMPANY_MAPPING,NEEDS_COMPANY_MAPPING,,0.0,True,1,0,0,0,0,0,1,0,0,0,0,False,False,False,False,False,False,False,False,False,False,"no keyword, dictionary, persona, or message signal found — needs manual research",1,11,
Grupo Artemp,grupo artemp,NEEDS_COMPANY_MAPPING,NEEDS_COMPANY_MAPPING,,0.0,True,1,0,0,0,0,0,1,0,0,0,0,False,False,False,False,False,False,False,False,False,False,"no keyword, dictionary, persona, or message signal found — needs manual research",1,11,
Grupo Aposta Ganha,grupo aposta ganha,NEEDS_COMPANY_MAPPING,NEEDS_COMPANY_MAPPING,,0.0,True,1,0,0,0,0,0,1,0,0,0,0,False,False,False,False,False,False,False,False,False,False,"no keyword, dictionary, persona, or message signal found — needs manual research",1,11,
Growth Machine,growth machine,NEEDS_COMPANY_MAPPING,NEEDS_COMPANY_MAPPING,,0.0,True,1,0,0,0,0,0,1,0,0,0,0,False,False,False,False,False,False,False,False,False,False,"no keyword, dictionary, persona, or message signal found — needs manual research",1,11,
Growth Hackerz,growth hackerz,NEEDS_COMPANY_MAPPING,NEEDS_COMPANY_MAPPING,,0.0,True,1,0,0,0,0,0,1,0,0,0,0,False,False,False,False,False,False,False,False,False,False,"no keyword, dictionary, persona, or message signal found — needs manual research",1,11,
GROWMAX GROUP,growmax,NEEDS_COMPANY_MAPPING,NEEDS_COMPANY_MAPPING,,0.0,True,1,0,0,0,0,0,1,0,0,0,0,False,False,False,False,False,False,False,False,False,False,"no keyword, dictionary, persona, or message signal found — needs manual research",1,11,
Grooo International,grooo international,NEEDS_COMPANY_MAPPING,NEEDS_COMPANY_MAPPING,,0.0,True,1,0,0,0,0,0,1,0,0,0,0,False,False,False,False,False,False,False,False,False,False,"no keyword, dictionary, persona, or message signal found — needs manual research",1,11,
GRNBK Talent,grnbk talent,NEEDS_COMPANY_MAPPING,GLOBAL_STAFFING,GLOBAL_STAFFING,0.8,True,1,0,0,0,0,0,1,0,0,0,0,False,False,False,False,False,False,False,False,True,False,staffing/recruiting keyword in company name,1,11,"  ""grnbk talent"": {market: GLOBAL_STAFFING, category: GLOBAL_STAFFING}"
Green River,green river,NEEDS_COMPANY_MAPPING,NEEDS_COMPANY_MAPPING,,0.0,True,1,0,0,0,0,0,1,0,0,0,0,False,False,False,False,False,False,False,False,False,False,"no keyword, dictionary, persona, or message signal found — needs manual research",1,11,
Greatleads,greatleads,NEEDS_COMPANY_MAPPING,NEEDS_COMPANY_MAPPING,,0.0,True,1,0,0,0,0,0,1,0,0,0,0,False,False,False,False,False,False,False,False,False,False,"no keyword, dictionary, persona, or message signal found — needs manual research",1,11,
Gran Services S.A,gran,NEEDS_COMPANY_MAPPING,NEEDS_COMPANY_MAPPING,,0.0,True,1,0,0,0,0,0,1,0,0,0,0,False,False,False,False,False,False,False,False,False,False,"no keyword, dictionary, persona, or message signal found — needs manual research",1,11,
Tasken,tasken,NEEDS_COMPANY_MAPPING,NEEDS_COMPANY_MAPPING,,0.0,True,1,0,0,0,0,0,1,0,0,0,0,False,False,False,False,False,False,False,False,False,False,"no keyword, dictionary, persona, or message signal found — needs manual research",1,11,
CMO Vendas,cmo vendas,NEEDS_COMPANY_MAPPING,NEEDS_COMPANY_MAPPING,,0.0,True,1,0,0,0,0,0,1,0,0,0,0,False,False,False,False,False,False,False,False,False,False,"no keyword, dictionary, persona, or message signal found — needs manual research",1,11,
Clínica Odonto Saúde & Estética Dental Clinic,clínica odonto saúde & estética dental clinic,NEEDS_COMPANY_MAPPING,NEEDS_COMPANY_MAPPING,,0.0,True,1,0,0,0,0,0,1,0,0,0,0,False,False,False,False,False,False,False,False,False,False,"no keyword, dictionary, persona, or message signal found — needs manual research",1,11,
Clínica de Psicoterapia - Ame Rio Verde-GO,clínica de psicoterapia - ame rio verde-go,NEEDS_COMPANY_MAPPING,NEEDS_COMPANY_MAPPING,,0.0,True,1,0,0,0,0,0,1,0,0,0,0,False,False,False,False,False,False,False,False,False,False,"no keyword, dictionary, persona, or message signal found — needs manual research",1,11,
Clínica Athos,clínica athos,NEEDS_COMPANY_MAPPING,NEEDS_COMPANY_MAPPING,,0.0,True,1,0,0,0,0,0,1,0,0,0,0,False,False,False,False,False,False,False,False,False,False,"no keyword, dictionary, persona, or message signal found — needs manual research",1,11,
ClyntonBoss,clyntonboss,NEEDS_COMPANY_MAPPING,NEEDS_COMPANY_MAPPING,,0.0,True,1,0,0,0,0,0,1,0,0,0,0,False,False,False,False,False,False,False,False,False,False,"no keyword, dictionary, persona, or message signal found — needs manual research",1,11,
Clubio FST,clubio fst,NEEDS_COMPANY_MAPPING,NEEDS_COMPANY_MAPPING,,0.0,True,1,0,0,0,0,0,1,0,0,0,0,False,False,False,False,False,False,False,False,False,False,"no keyword, dictionary, persona, or message signal found — needs manual research",1,11,
Clube BoraFazer,clube borafazer,NEEDS_COMPANY_MAPPING,NEEDS_COMPANY_MAPPING,,0.0,True,1,0,0,0,0,0,1,0,0,0,0,False,False,False,False,False,False,False,False,False,False,"no keyword, dictionary, persona, or message signal found — needs manual research",1,11,
CLIDAL,clidal,NEEDS_COMPANY_MAPPING,NEEDS_COMPANY_MAPPING,,0.0,True,1,0,0,0,0,0,1,0,0,0,0,False,False,False,False,False,False,False,False,False,False,"no keyword, dictionary, persona, or message signal found — needs manual research",1,11,
Tarento Group,tarento,NEEDS_COMPANY_MAPPING,NEEDS_COMPANY_MAPPING,,0.0,True,1,0,0,0,0,0,1,0,0,0,0,False,False,False,False,False,False,False,False,False,False,"no keyword, dictionary, persona, or message signal found — needs manual research",1,11,
Tarco Aviation,tarco aviation,NEEDS_COMPANY_MAPPING,NEEDS_COMPANY_MAPPING,,0.0,True,1,0,0,0,0,0,1,0,0,0,0,False,False,False,False,False,False,False,False,False,False,"no keyword, dictionary, persona, or message signal found — needs manual research",1,11,
Tanta University,tanta university,NEEDS_COMPANY_MAPPING,NEEDS_COMPANY_MAPPING,,0.0,True,1,0,0,0,0,0,1,0,0,0,0,False,False,False,False,False,False,False,False,False,False,"no keyword, dictionary, persona, or message signal found — needs manual research",1,11,
Talentschuppen,talentschuppen,NEEDS_COMPANY_MAPPING,NEEDS_COMPANY_MAPPING,,0.0,True,1,0,0,0,0,0,1,0,0,0,0,False,False,False,False,False,False,False,False,False,False,"no keyword, dictionary, persona, or message signal found — needs manual research",1,11,
Talento Incluir,talento incluir,NEEDS_COMPANY_MAPPING,NEEDS_COMPANY_MAPPING,,0.0,True,1,0,0,0,0,0,1,0,0,0,0,False,False,False,False,False,False,False,False,False,False,"no keyword, dictionary, persona, or message signal found — needs manual research",1,11,
TALENTIZE Pro Result,talentize pro result,NEEDS_COMPANY_MAPPING,NEEDS_COMPANY_MAPPING,,0.0,True,1,0,0,0,0,0,1,0,0,0,0,False,False,False,False,False,False,False,False,False,False,"no keyword, dictionary, persona, or message signal found — needs manual research",1,11,
Talent Match- Firma de Reclutamiento y selección,talent match- firma de reclutamiento y selección,NEEDS_COMPANY_MAPPING,GLOBAL_STAFFING,GLOBAL_STAFFING,0.8,True,1,0,0,0,0,0,1,0,0,0,0,False,False,False,False,False,False,False,False,True,False,staffing/recruiting keyword in company name,1,11,"  ""talent match- firma de reclutamiento y selección"": {market: GLOBAL_STAFFING, category: GLOBAL_STAFFING}"
Ajuntament de Palma,ajuntament de palma,NEEDS_COMPANY_MAPPING,NEEDS_COMPANY_MAPPING,,0.0,True,1,0,0,0,0,0,1,0,0,0,0,False,False,False,False,False,False,False,False,False,False,"no keyword, dictionary, persona, or message signal found — needs manual research",1,11,
Agência LK,agência lk,NEEDS_COMPANY_MAPPING,NEEDS_COMPANY_MAPPING,,0.0,True,1,0,0,0,0,0,1,0,0,0,0,False,False,False,False,False,False,False,False,False,False,"no keyword, dictionary, persona, or message signal found — needs manual research",1,11,
Agro Pitangueira,agro pitangueira,NEEDS_COMPANY_MAPPING,NEEDS_COMPANY_MAPPING,,0.0,True,1,0,0,0,0,0,1,0,0,0,0,False,False,False,False,False,False,False,False,False,False,"no keyword, dictionary, persona, or message signal found — needs manual research",1,11,
AGL Solutions,agl,NEEDS_COMPANY_MAPPING,GLOBAL_OPPORTUNITY,GLOBAL_CONSULTING,0.55,True,1,0,0,0,0,0,1,0,0,0,0,False,False,False,False,False,False,False,False,False,True,generic 'solutions' keyword in company name (weak signal),1,11,"  ""agl solutions"": {market: GLOBAL_OPPORTUNITY_UNRESOLVED_REGION, category: GLOBAL_CONSULTING}"
Agile Lab,agile lab,NEEDS_COMPANY_MAPPING,NEEDS_COMPANY_MAPPING,,0.0,True,1,0,0,0,0,0,1,0,0,0,0,False,False,False,False,False,False,False,False,False,False,"no keyword, dictionary, persona, or message signal found — needs manual research",1,11,
Agile Inc,agile,NEEDS_COMPANY_MAPPING,NEEDS_COMPANY_MAPPING,,0.0,True,1,0,0,0,0,0,1,0,0,0,0,False,False,False,False,False,False,False,False,False,False,"no keyword, dictionary, persona, or message signal found — needs manual research",1,11,
Agape Group,agape,NEEDS_COMPANY_MAPPING,NEEDS_COMPANY_MAPPING,,0.0,True,1,0,0,0,0,0,1,0,0,0,0,False,False,False,False,False,False,False,False,False,False,"no keyword, dictionary, persona, or message signal found — needs manual research",1,11,
Aerospace,aerospace,NEEDS_COMPANY_MAPPING,NEEDS_COMPANY_MAPPING,,0.0,True,1,0,0,0,0,0,1,0,0,0,0,False,False,False,False,False,False,False,False,False,False,"no keyword, dictionary, persona, or message signal found — needs manual research",1,11,
Tempton,tempton,NEEDS_COMPANY_MAPPING,NEEDS_COMPANY_MAPPING,,0.0,True,1,0,0,0,0,0,1,0,0,0,0,False,False,False,False,False,False,False,False,False,False,"no keyword, dictionary, persona, or message signal found — needs manual research",1,11,
TEMAK S.A,temak,NEEDS_COMPANY_MAPPING,NEEDS_COMPANY_MAPPING,,0.0,True,1,0,0,0,0,0,1,0,0,0,0,False,False,False,False,False,False,False,False,False,False,"no keyword, dictionary, persona, or message signal found — needs manual research",1,11,
Teleios Recruitment Ltd,teleios recruitment,NEEDS_COMPANY_MAPPING,GLOBAL_STAFFING,GLOBAL_STAFFING,0.8,True,1,0,0,0,0,0,1,0,0,0,0,False,False,False,False,False,False,False,False,True,False,staffing/recruiting keyword in company name,1,11,"  ""teleios recruitment ltd"": {market: GLOBAL_STAFFING, category: GLOBAL_STAFFING}"
Telefónica,telefónica,NEEDS_COMPANY_MAPPING,NEEDS_COMPANY_MAPPING,,0.0,True,1,0,0,0,0,0,1,0,0,0,0,False,False,False,False,False,False,False,False,False,False,"no keyword, dictionary, persona, or message signal found — needs manual research",1,11,
TekIntegral,tekintegral,NEEDS_COMPANY_MAPPING,NEEDS_COMPANY_MAPPING,,0.0,True,1,0,0,0,0,0,1,0,0,0,0,False,False,False,False,False,False,False,False,False,False,"no keyword, dictionary, persona, or message signal found — needs manual research",1,11,
tecmentor,tecmentor,NEEDS_COMPANY_MAPPING,NEEDS_COMPANY_MAPPING,,0.0,True,1,0,0,0,0,0,1,0,0,0,0,False,False,False,False,False,False,False,False,False,False,"no keyword, dictionary, persona, or message signal found — needs manual research",1,11,
teceo,teceo,NEEDS_COMPANY_MAPPING,NEEDS_COMPANY_MAPPING,,0.0,True,1,0,0,0,0,0,1,0,0,0,0,False,False,False,False,False,False,False,False,False,False,"no keyword, dictionary, persona, or message signal found — needs manual research",1,11,
TBG | The Bachrach Group,tbg | the bachrach,NEEDS_COMPANY_MAPPING,NEEDS_COMPANY_MAPPING,,0.0,True,1,0,0,0,0,0,1,0,0,0,0,False,False,False,False,False,False,False,False,False,False,"no keyword, dictionary, persona, or message signal found — needs manual research",1,11,
Flywheel,flywheel,NEEDS_COMPANY_MAPPING,NEEDS_COMPANY_MAPPING,,0.0,True,1,0,0,0,0,0,1,0,0,0,0,False,False,False,False,False,False,False,False,False,False,"no keyword, dictionary, persona, or message signal found — needs manual research",1,11,
FloeHire,floehire,NEEDS_COMPANY_MAPPING,NEEDS_COMPANY_MAPPING,,0.0,True,1,0,0,0,0,0,1,0,0,0,0,False,False,False,False,False,False,False,False,False,False,"no keyword, dictionary, persona, or message signal found — needs manual research",1,11,
FLEXECHARGE,flexecharge,NEEDS_COMPANY_MAPPING,NEEDS_COMPANY_MAPPING,,0.0,True,1,0,0,0,0,0,1,0,0,0,0,False,False,False,False,False,False,False,False,False,False,"no keyword, dictionary, persona, or message signal found — needs manual research",1,11,
Flattrade,flattrade,NEEDS_COMPANY_MAPPING,NEEDS_COMPANY_MAPPING,,0.0,True,1,0,0,0,0,0,1,0,0,0,0,False,False,False,False,False,False,False,False,False,False,"no keyword, dictionary, persona, or message signal found — needs manual research",1,11,
five5in GmbH,five5in,NEEDS_COMPANY_MAPPING,NEEDS_COMPANY_MAPPING,,0.0,True,1,0,0,0,0,0,1,0,0,0,0,False,False,False,False,False,False,False,False,False,False,"no keyword, dictionary, persona, or message signal found — needs manual research",1,11,
Glance Home Services,glance home,NEEDS_COMPANY_MAPPING,NEEDS_COMPANY_MAPPING,,0.0,True,1,0,0,0,0,0,1,0,0,0,0,False,False,False,False,False,False,False,False,False,False,"no keyword, dictionary, persona, or message signal found — needs manual research",1,11,
The Next Moove,the next moove,NEEDS_COMPANY_MAPPING,NEEDS_COMPANY_MAPPING,,0.0,True,1,0,0,0,0,0,1,0,0,0,0,False,False,False,False,False,False,False,False,False,False,"no keyword, dictionary, persona, or message signal found — needs manual research",1,11,
The Lubrizol Corporation,the lubrizol,NEEDS_COMPANY_MAPPING,NEEDS_COMPANY_MAPPING,,0.0,True,1,0,0,0,0,0,1,0,0,0,0,False,False,False,False,False,False,False,False,False,False,"no keyword, dictionary, persona, or message signal found — needs manual research",1,11,
The Dream School,the dream school,NEEDS_COMPANY_MAPPING,NEEDS_COMPANY_MAPPING,,0.0,True,1,0,0,0,0,0,1,0,0,0,0,False,False,False,False,False,False,False,False,False,False,"no keyword, dictionary, persona, or message signal found — needs manual research",1,11,
The Cross-Cultural Community Services Association (TCCSA),the cross-cultural community association (tccsa),NEEDS_COMPANY_MAPPING,NEEDS_COMPANY_MAPPING,,0.0,True,1,0,0,0,0,0,1,0,0,0,0,False,False,False,False,False,False,False,False,False,False,"no keyword, dictionary, persona, or message signal found — needs manual research",1,11,
THACO Group,thaco,NEEDS_COMPANY_MAPPING,NEEDS_COMPANY_MAPPING,,0.0,True,1,0,0,0,0,0,1,0,0,0,0,False,False,False,False,False,False,False,False,False,False,"no keyword, dictionary, persona, or message signal found — needs manual research",1,11,
Texfyt | Nonwoven,texfyt | nonwoven,NEEDS_COMPANY_MAPPING,NEEDS_COMPANY_MAPPING,,0.0,True,1,0,0,0,0,0,1,0,0,0,0,False,False,False,False,False,False,False,False,False,False,"no keyword, dictionary, persona, or message signal found — needs manual research",1,11,
Tenaska,tenaska,NEEDS_COMPANY_MAPPING,NEEDS_COMPANY_MAPPING,,0.0,True,1,0,0,0,0,0,1,0,0,0,0,False,False,False,False,False,False,False,False,False,False,"no keyword, dictionary, persona, or message signal found — needs manual research",1,11,
TEN Information Management GmbH,ten information management,NEEDS_COMPANY_MAPPING,NEEDS_COMPANY_MAPPING,,0.0,True,1,0,0,0,0,0,1,0,0,0,0,False,False,False,False,False,False,False,False,False,False,"no keyword, dictionary, persona, or message signal found — needs manual research",1,11,
TEN - Torres Eólicas do Nordeste,ten - torres eólicas do nordeste,NEEDS_COMPANY_MAPPING,NEEDS_COMPANY_MAPPING,,0.0,True,1,0,0,0,0,0,1,0,0,0,0,False,False,False,False,False,False,False,False,False,False,"no keyword, dictionary, persona, or message signal found — needs manual research",1,11,
AK Business Intelligence LLC,ak business intelligence,NEEDS_COMPANY_MAPPING,NEEDS_COMPANY_MAPPING,,0.0,True,1,0,0,0,0,0,1,0,0,0,0,False,False,False,False,False,False,False,False,False,False,"no keyword, dictionary, persona, or message signal found — needs manual research",1,11,
Timing,timing,NEEDS_COMPANY_MAPPING,NEEDS_COMPANY_MAPPING,,0.0,True,1,0,0,0,0,0,1,0,0,0,0,False,False,False,False,False,False,False,False,False,False,"no keyword, dictionary, persona, or message signal found — needs manual research",1,11,
Tilburg University,tilburg university,NEEDS_COMPANY_MAPPING,NEEDS_COMPANY_MAPPING,,0.0,True,1,0,0,0,0,0,1,0,0,0,0,False,False,False,False,False,False,False,False,False,False,"no keyword, dictionary, persona, or message signal found — needs manual research",1,11,
TicMobile Empresas - Distribuidor Orange,ticmobile empresas - distribuidor orange,NEEDS_COMPANY_MAPPING,NEEDS_COMPANY_MAPPING,,0.0,True,1,0,0,0,0,0,1,0,0,0,0,False,False,False,False,False,False,False,False,False,False,"no keyword, dictionary, persona, or message signal found — needs manual research",1,11,
Tibber,tibber,NEEDS_COMPANY_MAPPING,NEEDS_COMPANY_MAPPING,,0.0,True,1,0,0,0,0,0,1,0,0,0,0,False,False,False,False,False,False,False,False,False,False,"no keyword, dictionary, persona, or message signal found — needs manual research",1,11,
THRYVE,thryve,NEEDS_COMPANY_MAPPING,NEEDS_COMPANY_MAPPING,,0.0,True,1,0,0,0,0,0,1,0,0,0,0,False,False,False,False,False,False,False,False,False,False,"no keyword, dictionary, persona, or message signal found — needs manual research",1,11,
Thommes & Kollegen - Architekten und Ingenieur PartGmbB,thommes & kollegen - architekten und ingenieur partgmbb,NEEDS_COMPANY_MAPPING,NEEDS_COMPANY_MAPPING,,0.0,True,1,0,0,0,0,0,1,0,0,0,0,False,False,False,False,False,False,False,False,False,False,"no keyword, dictionary, persona, or message signal found — needs manual research",1,11,
Think IT,think it,NEEDS_COMPANY_MAPPING,NEEDS_COMPANY_MAPPING,,0.0,True,1,0,0,0,0,0,1,0,0,0,0,False,False,False,False,False,False,False,False,False,False,"no keyword, dictionary, persona, or message signal found — needs manual research",1,11,
The University of Hong Kong,the university of hong kong,NEEDS_COMPANY_MAPPING,NEEDS_COMPANY_MAPPING,,0.0,True,1,0,0,0,0,0,1,0,0,0,0,False,False,False,False,False,False,False,False,False,False,"no keyword, dictionary, persona, or message signal found — needs manual research",1,11,
The University of Göttingen,the university of göttingen,NEEDS_COMPANY_MAPPING,NEEDS_COMPANY_MAPPING,,0.0,True,1,0,0,0,0,0,1,0,0,0,0,False,False,False,False,False,False,False,False,False,False,"no keyword, dictionary, persona, or message signal found — needs manual research",1,11,
The Play,the play,NEEDS_COMPANY_MAPPING,NEEDS_COMPANY_MAPPING,,0.0,True,1,0,0,0,0,0,1,0,0,0,0,False,False,False,False,False,False,False,False,False,False,"no keyword, dictionary, persona, or message signal found — needs manual research",1,11,
Gobierno Municipal,gobierno municipal,NEEDS_COMPANY_MAPPING,NEEDS_COMPANY_MAPPING,,0.0,True,1,0,0,0,0,0,1,0,0,0,0,False,False,False,False,False,False,False,False,False,False,"no keyword, dictionary, persona, or message signal found — needs manual research",1,11,
go2Win,go2win,NEEDS_COMPANY_MAPPING,NEEDS_COMPANY_MAPPING,,0.0,True,1,0,0,0,0,0,1,0,0,0,0,False,False,False,False,False,False,False,False,False,False,"no keyword, dictionary, persona, or message signal found — needs manual research",1,11,
Four Arm Fund,four arm fund,NEEDS_COMPANY_MAPPING,NEEDS_COMPANY_MAPPING,,0.0,True,1,0,0,0,0,0,1,0,0,0,0,False,False,False,False,False,False,False,False,False,False,"no keyword, dictionary, persona, or message signal found — needs manual research",1,11,
Forcion,forcion,NEEDS_COMPANY_MAPPING,NEEDS_COMPANY_MAPPING,,0.0,True,1,0,0,0,0,0,1,0,0,0,0,False,False,False,False,False,False,False,False,False,False,"no keyword, dictionary, persona, or message signal found — needs manual research",1,11,
ForbesBLK,forbesblk,NEEDS_COMPANY_MAPPING,NEEDS_COMPANY_MAPPING,,0.0,True,1,0,0,0,0,0,1,0,0,0,0,False,False,False,False,False,False,False,False,False,False,"no keyword, dictionary, persona, or message signal found — needs manual research",1,11,
Fondazione Policlinico Universitario Agostino Gemelli IRCCS,fondazione policlinico universitario agostino gemelli irccs,NEEDS_COMPANY_MAPPING,NEEDS_COMPANY_MAPPING,,0.0,True,1,0,0,0,0,0,1,0,0,0,0,False,False,False,False,False,False,False,False,False,False,"no keyword, dictionary, persona, or message signal found — needs manual research",1,11,
Churchill Group,churchill,NEEDS_COMPANY_MAPPING,NEEDS_COMPANY_MAPPING,,0.0,True,1,0,0,0,0,0,1,0,0,0,0,False,False,False,False,False,False,False,False,False,False,"no keyword, dictionary, persona, or message signal found — needs manual research",1,11,
Cheil Worldwide,cheil worldwide,NEEDS_COMPANY_MAPPING,NEEDS_COMPANY_MAPPING,,0.0,True,1,0,0,0,0,0,1,0,0,0,0,False,False,False,False,False,False,False,False,False,False,"no keyword, dictionary, persona, or message signal found — needs manual research",1,11,
Checkmob,checkmob,NEEDS_COMPANY_MAPPING,NEEDS_COMPANY_MAPPING,,0.0,True,1,0,0,0,0,0,1,0,0,0,0,False,False,False,False,False,False,False,False,False,False,"no keyword, dictionary, persona, or message signal found — needs manual research",1,11,
Chassé Theater,chassé theater,NEEDS_COMPANY_MAPPING,NEEDS_COMPANY_MAPPING,,0.0,True,1,0,0,0,0,0,1,0,0,0,0,False,False,False,False,False,False,False,False,False,False,"no keyword, dictionary, persona, or message signal found — needs manual research",1,11,
Total Atacado,total atacado,NEEDS_COMPANY_MAPPING,NEEDS_COMPANY_MAPPING,,0.0,True,1,0,0,0,0,0,1,0,0,0,0,False,False,False,False,False,False,False,False,False,False,"no keyword, dictionary, persona, or message signal found — needs manual research",1,11,
Toradex,toradex,NEEDS_COMPANY_MAPPING,NEEDS_COMPANY_MAPPING,,0.0,True,1,0,0,0,0,0,1,0,0,0,0,False,False,False,False,False,False,False,False,False,False,"no keyword, dictionary, persona, or message signal found — needs manual research",1,11,
TOPSTEP GmbH,topstep,NEEDS_COMPANY_MAPPING,NEEDS_COMPANY_MAPPING,,0.0,True,1,0,0,0,0,0,1,0,0,0,0,False,False,False,False,False,False,False,False,False,False,"no keyword, dictionary, persona, or message signal found — needs manual research",1,11,
toom Baumarkt,toom baumarkt,NEEDS_COMPANY_MAPPING,NEEDS_COMPANY_MAPPING,,0.0,True,1,0,0,0,0,0,1,0,0,0,0,False,False,False,False,False,False,False,False,False,False,"no keyword, dictionary, persona, or message signal found — needs manual research",1,11,
Tontine Trust,tontine trust,NEEDS_COMPANY_MAPPING,NEEDS_COMPANY_MAPPING,,0.0,True,1,0,0,0,0,0,1,0,0,0,0,False,False,False,False,False,False,False,False,False,False,"no keyword, dictionary, persona, or message signal found — needs manual research",1,11,
Toledo Prudente Centro Universitário,toledo prudente centro universitário,NEEDS_COMPANY_MAPPING,NEEDS_COMPANY_MAPPING,,0.0,True,1,0,0,0,0,0,1,0,0,0,0,False,False,False,False,False,False,False,False,False,False,"no keyword, dictionary, persona, or message signal found — needs manual research",1,11,
To Do Green,to do green,NEEDS_COMPANY_MAPPING,NEEDS_COMPANY_MAPPING,,0.0,True,1,0,0,0,0,0,1,0,0,0,0,False,False,False,False,False,False,False,False,False,False,"no keyword, dictionary, persona, or message signal found — needs manual research",1,11,
TMLabs,tmlabs,NEEDS_COMPANY_MAPPING,NEEDS_COMPANY_MAPPING,,0.0,True,1,0,0,0,0,0,1,0,0,0,0,False,False,False,False,False,False,False,False,False,False,"no keyword, dictionary, persona, or message signal found — needs manual research",1,11,
TLTD HR,tltd hr,NEEDS_COMPANY_MAPPING,NEEDS_COMPANY_MAPPING,,0.0,True,1,0,0,0,0,0,1,0,0,0,0,False,False,False,False,False,False,False,False,False,False,"no keyword, dictionary, persona, or message signal found — needs manual research",1,11,
TK Chauffeur-und Fahrservice GmbH,tk chauffeur-und fahrservice,NEEDS_COMPANY_MAPPING,NEEDS_COMPANY_MAPPING,,0.0,True,1,0,0,0,0,0,1,0,0,0,0,False,False,False,False,False,False,False,False,False,False,"no keyword, dictionary, persona, or message signal found — needs manual research",1,11,
Tivita,tivita,NEEDS_COMPANY_MAPPING,NEEDS_COMPANY_MAPPING,,0.0,True,1,0,0,0,0,0,1,0,0,0,0,False,False,False,False,False,False,False,False,False,False,"no keyword, dictionary, persona, or message signal found — needs manual research",1,11,
TITANS CZ,titans cz,NEEDS_COMPANY_MAPPING,NEEDS_COMPANY_MAPPING,,0.0,True,1,0,0,0,0,0,1,0,0,0,0,False,False,False,False,False,False,False,False,False,False,"no keyword, dictionary, persona, or message signal found — needs manual research",1,11,
Trimble Inc,trimble,NEEDS_COMPANY_MAPPING,NEEDS_COMPANY_MAPPING,,0.0,True,1,0,0,0,0,0,1,0,0,0,0,False,False,False,False,False,False,False,False,False,False,"no keyword, dictionary, persona, or message signal found — needs manual research",1,11,
Trillion Health and Hormone,trillion health and hormone,NEEDS_COMPANY_MAPPING,NEEDS_COMPANY_MAPPING,,0.0,True,1,0,0,0,0,0,1,0,0,0,0,False,False,False,False,False,False,False,False,False,False,"no keyword, dictionary, persona, or message signal found — needs manual research",1,11,
Tribanco,tribanco,NEEDS_COMPANY_MAPPING,NEEDS_COMPANY_MAPPING,,0.0,True,1,0,0,0,0,0,1,0,0,0,0,False,False,False,False,False,False,False,False,False,False,"no keyword, dictionary, persona, or message signal found — needs manual research",1,11,
Trend People,trend people,NEEDS_COMPANY_MAPPING,NEEDS_COMPANY_MAPPING,,0.0,True,1,0,0,0,0,0,1,0,0,0,0,False,False,False,False,False,False,False,False,False,False,"no keyword, dictionary, persona, or message signal found — needs manual research",1,11,
Transportes Cavalinho,transportes cavalinho,NEEDS_COMPANY_MAPPING,NEEDS_COMPANY_MAPPING,,0.0,True,1,0,0,0,0,0,1,0,0,0,0,False,False,False,False,False,False,False,False,False,False,"no keyword, dictionary, persona, or message signal found — needs manual research",1,11,
Transcodezy IT Solutions Pvt. Ltd,transcodezy it pvt,NEEDS_COMPANY_MAPPING,GLOBAL_OPPORTUNITY,GLOBAL_CONSULTING,0.55,True,1,0,0,0,0,0,1,0,0,0,0,False,False,False,False,False,False,False,False,False,True,generic 'solutions' keyword in company name (weak signal),1,11,"  ""transcodezy it solutions pvt. ltd"": {market: GLOBAL_OPPORTUNITY_UNRESOLVED_REGION, category: GLOBAL_CONSULTING}"
Transbacini,transbacini,NEEDS_COMPANY_MAPPING,NEEDS_COMPANY_MAPPING,,0.0,True,1,0,0,0,0,0,1,0,0,0,0,False,False,False,False,False,False,False,False,False,False,"no keyword, dictionary, persona, or message signal found — needs manual research",1,11,
TraffHub,traffhub,NEEDS_COMPANY_MAPPING,NEEDS_COMPANY_MAPPING,,0.0,True,1,0,0,0,0,0,1,0,0,0,0,False,False,False,False,False,False,False,False,False,False,"no keyword, dictionary, persona, or message signal found — needs manual research",1,11,
Trading 212,trading 212,NEEDS_COMPANY_MAPPING,NEEDS_COMPANY_MAPPING,,0.0,True,1,0,0,0,0,0,1,0,0,0,0,False,False,False,False,False,False,False,False,False,False,"no keyword, dictionary, persona, or message signal found — needs manual research",1,11,
Trade Republic,trade republic,NEEDS_COMPANY_MAPPING,NEEDS_COMPANY_MAPPING,,0.0,True,1,0,0,0,0,0,1,0,0,0,0,False,False,False,False,False,False,False,False,False,False,"no keyword, dictionary, persona, or message signal found — needs manual research",1,11,
Clay,clay,NEEDS_COMPANY_MAPPING,NEEDS_COMPANY_MAPPING,,0.0,True,1,0,0,0,0,0,1,0,0,0,0,False,False,False,False,False,False,False,False,False,False,"no keyword, dictionary, persona, or message signal found — needs manual research",1,11,
ClarityLane,claritylane,NEEDS_COMPANY_MAPPING,NEEDS_COMPANY_MAPPING,,0.0,True,1,0,0,0,0,0,1,0,0,0,0,False,False,False,False,False,False,False,False,False,False,"no keyword, dictionary, persona, or message signal found — needs manual research",1,11,
Claranet,claranet,NEEDS_COMPANY_MAPPING,NEEDS_COMPANY_MAPPING,,0.0,True,1,0,0,0,0,0,1,0,0,0,0,False,False,False,False,False,False,False,False,False,False,"no keyword, dictionary, persona, or message signal found — needs manual research",1,11,
Cinco tareas,cinco tareas,NEEDS_COMPANY_MAPPING,NEEDS_COMPANY_MAPPING,,0.0,True,1,0,0,0,0,0,1,0,0,0,0,False,False,False,False,False,False,False,False,False,False,"no keyword, dictionary, persona, or message signal found — needs manual research",1,11,
CIEE - Centro de Integração Empresa-Escola,ciee - centro de integração empresa-escola,NEEDS_COMPANY_MAPPING,NEEDS_COMPANY_MAPPING,,0.0,True,1,0,0,0,0,0,1,0,0,0,0,False,False,False,False,False,False,False,False,False,False,"no keyword, dictionary, persona, or message signal found — needs manual research",1,11,
CIB Egypt,cib egypt,NEEDS_COMPANY_MAPPING,NEEDS_COMPANY_MAPPING,,0.0,True,1,0,0,0,0,0,1,0,0,0,0,False,False,False,False,False,False,False,False,False,False,"no keyword, dictionary, persona, or message signal found — needs manual research",1,11,
Baugesellschaft Hanau GmbH,baugesellschaft hanau,NEEDS_COMPANY_MAPPING,NEEDS_COMPANY_MAPPING,,0.0,True,1,0,0,0,0,0,1,0,0,0,0,False,False,False,False,False,False,False,False,False,False,"no keyword, dictionary, persona, or message signal found — needs manual research",1,11,
FUNDACENTRO - Fundação Jorge Duprat Figueiredo de Segurança e Medicina do Trabalho,fundacentro - fundação jorge duprat figueiredo de segurança e medicina do trabalho,NEEDS_COMPANY_MAPPING,NEEDS_COMPANY_MAPPING,,0.0,True,1,0,0,0,0,0,1,0,0,0,0,False,False,False,False,False,False,False,False,False,False,"no keyword, dictionary, persona, or message signal found — needs manual research",1,11,
FS Partners,fs partners,NEEDS_COMPANY_MAPPING,NEEDS_COMPANY_MAPPING,,0.0,True,1,0,0,0,0,0,1,0,0,0,0,False,False,False,False,False,False,False,False,False,False,"no keyword, dictionary, persona, or message signal found — needs manual research",1,11,
FrontlineIQ,frontlineiq,NEEDS_COMPANY_MAPPING,NEEDS_COMPANY_MAPPING,,0.0,True,1,0,0,0,0,0,1,0,0,0,0,False,False,False,False,False,False,False,False,False,False,"no keyword, dictionary, persona, or message signal found — needs manual research",1,11,
Friisberg & Partners International,friisberg & partners international,NEEDS_COMPANY_MAPPING,NEEDS_COMPANY_MAPPING,,0.0,True,1,0,0,0,0,0,1,0,0,0,0,False,False,False,False,False,False,False,False,False,False,"no keyword, dictionary, persona, or message signal found — needs manual research",1,11,
Fresh Basket,fresh basket,NEEDS_COMPANY_MAPPING,NEEDS_COMPANY_MAPPING,,0.0,True,1,0,0,0,0,0,1,0,0,0,0,False,False,False,False,False,False,False,False,False,False,"no keyword, dictionary, persona, or message signal found — needs manual research",1,11,
freiberuflich tätig,freiberuflich tätig,NEEDS_COMPANY_MAPPING,NEEDS_COMPANY_MAPPING,,0.0,True,1,0,0,0,0,0,1,0,0,0,0,False,False,False,False,False,False,False,False,False,False,"no keyword, dictionary, persona, or message signal found — needs manual research",1,11,
Freiberuflich,freiberuflich,NEEDS_COMPANY_MAPPING,NEEDS_COMPANY_MAPPING,,0.0,True,1,0,0,0,0,0,1,0,0,0,0,False,False,False,False,False,False,False,False,False,False,"no keyword, dictionary, persona, or message signal found — needs manual research",1,11,
Téo Me Why,téo me why,NEEDS_COMPANY_MAPPING,NEEDS_COMPANY_MAPPING,,0.0,True,1,0,0,0,0,0,1,0,0,0,0,False,False,False,False,False,False,False,False,False,False,"no keyword, dictionary, persona, or message signal found — needs manual research",1,11,
Turivius,turivius,NEEDS_COMPANY_MAPPING,NEEDS_COMPANY_MAPPING,,0.0,True,1,0,0,0,0,0,1,0,0,0,0,False,False,False,False,False,False,False,False,False,False,"no keyword, dictionary, persona, or message signal found — needs manual research",1,11,
Tu Terapia,tu terapia,NEEDS_COMPANY_MAPPING,NEEDS_COMPANY_MAPPING,,0.0,True,1,0,0,0,0,0,1,0,0,0,0,False,False,False,False,False,False,False,False,False,False,"no keyword, dictionary, persona, or message signal found — needs manual research",1,11,
TTB Board,ttb board,NEEDS_COMPANY_MAPPING,NEEDS_COMPANY_MAPPING,,0.0,True,1,0,0,0,0,0,1,0,0,0,0,False,False,False,False,False,False,False,False,False,False,"no keyword, dictionary, persona, or message signal found — needs manual research",1,11,
TryHackMe,tryhackme,NEEDS_COMPANY_MAPPING,NEEDS_COMPANY_MAPPING,,0.0,True,1,0,0,0,0,0,1,0,0,0,0,False,False,False,False,False,False,False,False,False,False,"no keyword, dictionary, persona, or message signal found — needs manual research",1,11,
TrustYou,trustyou,NEEDS_COMPANY_MAPPING,NEEDS_COMPANY_MAPPING,,0.0,True,1,0,0,0,0,0,1,0,0,0,0,False,False,False,False,False,False,False,False,False,False,"no keyword, dictionary, persona, or message signal found — needs manual research",1,11,
Troocoo,troocoo,NEEDS_COMPANY_MAPPING,NEEDS_COMPANY_MAPPING,,0.0,True,1,0,0,0,0,0,1,0,0,0,0,False,False,False,False,False,False,False,False,False,False,"no keyword, dictionary, persona, or message signal found — needs manual research",1,11,
TRIXXO Nederland,trixxo nederland,NEEDS_COMPANY_MAPPING,NEEDS_COMPANY_MAPPING,,0.0,True,1,0,0,0,0,0,1,0,0,0,0,False,False,False,False,False,False,False,False,False,False,"no keyword, dictionary, persona, or message signal found — needs manual research",1,11,
Unijorge,unijorge,NEEDS_COMPANY_MAPPING,NEEDS_COMPANY_MAPPING,,0.0,True,1,0,0,0,0,0,1,0,0,0,0,False,False,False,False,False,False,False,False,False,False,"no keyword, dictionary, persona, or message signal found — needs manual research",1,11,
Unichristus,unichristus,NEEDS_COMPANY_MAPPING,NEEDS_COMPANY_MAPPING,,0.0,True,1,0,0,0,0,0,1,0,0,0,0,False,False,False,False,False,False,False,False,False,False,"no keyword, dictionary, persona, or message signal found — needs manual research",1,11,
UNI7 - Centro Universitário 7 de Setembro,uni7 - centro universitário 7 de setembro,NEEDS_COMPANY_MAPPING,NEEDS_COMPANY_MAPPING,,0.0,True,1,0,0,0,0,0,1,0,0,0,0,False,False,False,False,False,False,False,False,False,False,"no keyword, dictionary, persona, or message signal found — needs manual research",1,11,
"UNESP - Universidade Estadual Paulista ""Júlio de Mesquita Filho""","unesp - universidade estadual paulista ""júlio de mesquita filho""",NEEDS_COMPANY_MAPPING,NEEDS_COMPANY_MAPPING,,0.0,True,1,0,0,0,0,0,1,0,0,0,0,False,False,False,False,False,False,False,False,False,False,"no keyword, dictionary, persona, or message signal found — needs manual research",1,11,
Under Labz,under labz,NEEDS_COMPANY_MAPPING,NEEDS_COMPANY_MAPPING,,0.0,True,1,0,0,0,0,0,1,0,0,0,0,False,False,False,False,False,False,False,False,False,False,"no keyword, dictionary, persona, or message signal found — needs manual research",1,11,
Umbilical Advanced,umbilical advanced,NEEDS_COMPANY_MAPPING,NEEDS_COMPANY_MAPPING,,0.0,True,1,0,0,0,0,0,1,0,0,0,0,False,False,False,False,False,False,False,False,False,False,"no keyword, dictionary, persona, or message signal found — needs manual research",1,11,
Ultra,ultra,NEEDS_COMPANY_MAPPING,NEEDS_COMPANY_MAPPING,,0.0,True,1,0,0,0,0,0,1,0,0,0,0,False,False,False,False,False,False,False,False,False,False,"no keyword, dictionary, persona, or message signal found — needs manual research",1,11,
Ufes - Universidade Federal do Espírito Santo,ufes - universidade federal do espírito santo,NEEDS_COMPANY_MAPPING,NEEDS_COMPANY_MAPPING,,0.0,True,1,0,0,0,0,0,1,0,0,0,0,False,False,False,False,False,False,False,False,False,False,"no keyword, dictionary, persona, or message signal found — needs manual research",1,11,
uBreakiFix,ubreakifix,NEEDS_COMPANY_MAPPING,NEEDS_COMPANY_MAPPING,,0.0,True,1,0,0,0,0,0,1,0,0,0,0,False,False,False,False,False,False,False,False,False,False,"no keyword, dictionary, persona, or message signal found — needs manual research",1,11,
Gijos,gijos,NEEDS_COMPANY_MAPPING,NEEDS_COMPANY_MAPPING,,0.0,True,1,0,0,0,0,0,1,0,0,0,0,False,False,False,False,False,False,False,False,False,False,"no keyword, dictionary, persona, or message signal found — needs manual research",1,11,
Giggso,giggso,NEEDS_COMPANY_MAPPING,NEEDS_COMPANY_MAPPING,,0.0,True,1,0,0,0,0,0,1,0,0,0,0,False,False,False,False,False,False,False,False,False,False,"no keyword, dictionary, persona, or message signal found — needs manual research",1,11,
Get CHRO,get chro,NEEDS_COMPANY_MAPPING,NEEDS_COMPANY_MAPPING,,0.0,True,1,0,0,0,0,0,1,0,0,0,0,False,False,False,False,False,False,False,False,False,False,"no keyword, dictionary, persona, or message signal found — needs manual research",1,11,
Geovanna Mendes,geovanna mendes,NEEDS_COMPANY_MAPPING,NEEDS_COMPANY_MAPPING,,0.0,True,1,0,0,0,0,0,1,0,0,0,0,False,False,False,False,False,False,False,False,False,False,"no keyword, dictionary, persona, or message signal found — needs manual research",1,11,
gente seguradora,gente seguradora,NEEDS_COMPANY_MAPPING,NEEDS_COMPANY_MAPPING,,0.0,True,1,0,0,0,0,0,1,0,0,0,0,False,False,False,False,False,False,False,False,False,False,"no keyword, dictionary, persona, or message signal found — needs manual research",1,11,
BBC Carreira & RH,bbc carreira & rh,NEEDS_COMPANY_MAPPING,NEEDS_COMPANY_MAPPING,,0.0,True,1,0,0,0,0,0,1,0,0,0,0,False,False,False,False,False,False,False,False,False,False,"no keyword, dictionary, persona, or message signal found — needs manual research",1,11,
Bayes Esports,bayes esports,NEEDS_COMPANY_MAPPING,NEEDS_COMPANY_MAPPING,,0.0,True,1,0,0,0,0,0,1,0,0,0,0,False,False,False,False,False,False,False,False,False,False,"no keyword, dictionary, persona, or message signal found — needs manual research",1,11,
Universidade CIMATEC,universidade cimatec,NEEDS_COMPANY_MAPPING,NEEDS_COMPANY_MAPPING,,0.0,True,1,0,0,0,0,0,1,0,0,0,0,False,False,False,False,False,False,False,False,False,False,"no keyword, dictionary, persona, or message signal found — needs manual research",1,11,
CEVA SAUDE ANIMAL,ceva saude animal,NEEDS_COMPANY_MAPPING,NEEDS_COMPANY_MAPPING,,0.0,True,1,0,0,0,0,0,1,0,0,0,0,False,False,False,False,False,False,False,False,False,False,"no keyword, dictionary, persona, or message signal found — needs manual research",1,11,
Cesla,cesla,NEEDS_COMPANY_MAPPING,NEEDS_COMPANY_MAPPING,,0.0,True,1,0,0,0,0,0,1,0,0,0,0,False,False,False,False,False,False,False,False,False,False,"no keyword, dictionary, persona, or message signal found — needs manual research",1,11,
Certta,certta,NEEDS_COMPANY_MAPPING,NEEDS_COMPANY_MAPPING,,0.0,True,1,0,0,0,0,0,1,0,0,0,0,False,False,False,False,False,False,False,False,False,False,"no keyword, dictionary, persona, or message signal found — needs manual research",1,11,
Certivity,certivity,NEEDS_COMPANY_MAPPING,NEEDS_COMPANY_MAPPING,,0.0,True,1,0,0,0,0,0,1,0,0,0,0,False,False,False,False,False,False,False,False,False,False,"no keyword, dictionary, persona, or message signal found — needs manual research",1,11,
CerradinhoBio,cerradinhobio,NEEDS_COMPANY_MAPPING,NEEDS_COMPANY_MAPPING,,0.0,True,1,0,0,0,0,0,1,0,0,0,0,False,False,False,False,False,False,False,False,False,False,"no keyword, dictionary, persona, or message signal found — needs manual research",1,11,
CERN,cern,NEEDS_COMPANY_MAPPING,NEEDS_COMPANY_MAPPING,,0.0,True,1,0,0,0,0,0,1,0,0,0,0,False,False,False,False,False,False,False,False,False,False,"no keyword, dictionary, persona, or message signal found — needs manual research",1,11,
Cere Network,cere network,NEEDS_COMPANY_MAPPING,NEEDS_COMPANY_MAPPING,,0.0,True,1,0,0,0,0,0,1,0,0,0,0,False,False,False,False,False,False,False,False,False,False,"no keyword, dictionary, persona, or message signal found — needs manual research",1,11,
Ceramica Santana De Alagoinhas,ceramica santana de alagoinhas,NEEDS_COMPANY_MAPPING,NEEDS_COMPANY_MAPPING,,0.0,True,1,0,0,0,0,0,1,0,0,0,0,False,False,False,False,False,False,False,False,False,False,"no keyword, dictionary, persona, or message signal found — needs manual research",1,11,
Centro Universitário FMU | FIAM-FAAM,centro universitário fmu | fiam-faam,NEEDS_COMPANY_MAPPING,NEEDS_COMPANY_MAPPING,,0.0,True,1,0,0,0,0,0,1,0,0,0,0,False,False,False,False,False,False,False,False,False,False,"no keyword, dictionary, persona, or message signal found — needs manual research",1,11,
CEMA Construções e Tecnologia,cema construções e tecnologia,NEEDS_COMPANY_MAPPING,NEEDS_COMPANY_MAPPING,,0.0,True,1,0,0,0,0,0,1,0,0,0,0,False,False,False,False,False,False,False,False,False,False,"no keyword, dictionary, persona, or message signal found — needs manual research",1,11,
Universidad de 'San Andrés',universidad de 'san andrés',NEEDS_COMPANY_MAPPING,NEEDS_COMPANY_MAPPING,,0.0,True,1,0,0,0,0,0,1,0,0,0,0,False,False,False,False,False,False,False,False,False,False,"no keyword, dictionary, persona, or message signal found — needs manual research",1,11,
Unit,unit,NEEDS_COMPANY_MAPPING,NEEDS_COMPANY_MAPPING,,0.0,True,1,0,0,0,0,0,1,0,0,0,0,False,False,False,False,False,False,False,False,False,False,"no keyword, dictionary, persona, or message signal found — needs manual research",1,11,
Uniper,uniper,NEEDS_COMPANY_MAPPING,NEEDS_COMPANY_MAPPING,,0.0,True,1,0,0,0,0,0,1,0,0,0,0,False,False,False,False,False,False,False,False,False,False,"no keyword, dictionary, persona, or message signal found — needs manual research",1,11,
Unilever,unilever,NEEDS_COMPANY_MAPPING,NEEDS_COMPANY_MAPPING,,0.0,True,2,0,0,0,0,0,1,0,0,0,0,False,False,False,False,False,False,False,False,False,False,"no keyword, dictionary, persona, or message signal found — needs manual research",1,11,
V17 Recruitment,v17 recruitment,NEEDS_COMPANY_MAPPING,GLOBAL_STAFFING,GLOBAL_STAFFING,0.8,True,1,0,0,0,0,0,1,0,0,0,0,False,False,False,False,False,False,False,False,True,False,staffing/recruiting keyword in company name,1,11,"  ""v17 recruitment"": {market: GLOBAL_STAFFING, category: GLOBAL_STAFFING}"
Uscreen,uscreen,NEEDS_COMPANY_MAPPING,NEEDS_COMPANY_MAPPING,,0.0,True,1,0,0,0,0,0,1,0,0,0,0,False,False,False,False,False,False,False,False,False,False,"no keyword, dictionary, persona, or message signal found — needs manual research",1,11,
Urca Angels,urca angels,NEEDS_COMPANY_MAPPING,NEEDS_COMPANY_MAPPING,,0.0,True,1,0,0,0,0,0,1,0,0,0,0,False,False,False,False,False,False,False,False,False,False,"no keyword, dictionary, persona, or message signal found — needs manual research",1,11,
Uptick,uptick,NEEDS_COMPANY_MAPPING,NEEDS_COMPANY_MAPPING,,0.0,True,1,0,0,0,0,0,1,0,0,0,0,False,False,False,False,False,False,False,False,False,False,"no keyword, dictionary, persona, or message signal found — needs manual research",1,11,
Upstart 13,upstart 13,NEEDS_COMPANY_MAPPING,NEEDS_COMPANY_MAPPING,,0.0,True,1,0,0,0,0,0,1,0,0,0,0,False,False,False,False,False,False,False,False,False,False,"no keyword, dictionary, persona, or message signal found — needs manual research",1,11,
Upshifters,upshifters,NEEDS_COMPANY_MAPPING,NEEDS_COMPANY_MAPPING,,0.0,True,1,0,0,0,0,0,1,0,0,0,0,False,False,False,False,False,False,False,False,False,False,"no keyword, dictionary, persona, or message signal found — needs manual research",1,11,
UPS Capital®,ups capital®,NEEDS_COMPANY_MAPPING,NEEDS_COMPANY_MAPPING,,0.0,True,1,0,0,0,0,0,1,0,0,0,0,False,False,False,False,False,False,False,False,False,False,"no keyword, dictionary, persona, or message signal found — needs manual research",1,11,
UPA 24H - Unidade de Pronto Atendimento,upa 24h - unidade de pronto atendimento,NEEDS_COMPANY_MAPPING,NEEDS_COMPANY_MAPPING,,0.0,True,1,0,0,0,0,0,1,0,0,0,0,False,False,False,False,False,False,False,False,False,False,"no keyword, dictionary, persona, or message signal found — needs manual research",1,11,
University of Luxembourg,university of luxembourg,NEEDS_COMPANY_MAPPING,NEEDS_COMPANY_MAPPING,,0.0,True,1,0,0,0,0,0,1,0,0,0,0,False,False,False,False,False,False,False,False,False,False,"no keyword, dictionary, persona, or message signal found — needs manual research",1,11,
University of Denver - Daniels College of Business,university of denver - daniels college of business,NEEDS_COMPANY_MAPPING,NEEDS_COMPANY_MAPPING,,0.0,True,1,0,0,0,0,0,1,0,0,0,0,False,False,False,False,False,False,False,False,False,False,"no keyword, dictionary, persona, or message signal found — needs manual research",1,11,
University of Brighton,university of brighton,NEEDS_COMPANY_MAPPING,NEEDS_COMPANY_MAPPING,,0.0,True,1,0,0,0,0,0,1,0,0,0,0,False,False,False,False,False,False,False,False,False,False,"no keyword, dictionary, persona, or message signal found — needs manual research",1,11,
Universitat Carlemany,universitat carlemany,NEEDS_COMPANY_MAPPING,NEEDS_COMPANY_MAPPING,,0.0,True,1,0,0,0,0,0,1,0,0,0,0,False,False,False,False,False,False,False,False,False,False,"no keyword, dictionary, persona, or message signal found — needs manual research",1,11,
Universitas Negeri Makassar,universitas negeri makassar,NEEDS_COMPANY_MAPPING,NEEDS_COMPANY_MAPPING,,0.0,True,1,0,0,0,0,0,1,0,0,0,0,False,False,False,False,False,False,False,False,False,False,"no keyword, dictionary, persona, or message signal found — needs manual research",1,11,
Universidade Presbiteriana Mackenzie,universidade presbiteriana mackenzie,NEEDS_COMPANY_MAPPING,NEEDS_COMPANY_MAPPING,,0.0,True,1,0,0,0,0,0,1,0,0,0,0,False,False,False,False,False,False,False,False,False,False,"no keyword, dictionary, persona, or message signal found — needs manual research",1,11,
Universidade Federal do Rio Grande do Sul,universidade federal do rio grande do sul,NEEDS_COMPANY_MAPPING,NEEDS_COMPANY_MAPPING,,0.0,True,1,0,0,0,0,0,1,0,0,0,0,False,False,False,False,False,False,False,False,False,False,"no keyword, dictionary, persona, or message signal found — needs manual research",1,11,
Universidade de Passo Fundo,universidade de passo fundo,NEEDS_COMPANY_MAPPING,NEEDS_COMPANY_MAPPING,,0.0,True,1,0,0,0,0,0,1,0,0,0,0,False,False,False,False,False,False,False,False,False,False,"no keyword, dictionary, persona, or message signal found — needs manual research",1,11,
Venture People,venture people,NEEDS_COMPANY_MAPPING,NEEDS_COMPANY_MAPPING,,0.0,True,1,0,0,0,0,0,1,0,0,0,0,False,False,False,False,False,False,False,False,False,False,"no keyword, dictionary, persona, or message signal found — needs manual research",1,11,
Ventura TRAVEL,ventura travel,NEEDS_COMPANY_MAPPING,NEEDS_COMPANY_MAPPING,,0.0,True,1,0,0,0,0,0,1,0,0,0,0,False,False,False,False,False,False,False,False,False,False,"no keyword, dictionary, persona, or message signal found — needs manual research",1,11,
VBSO Advogados,vbso advogados,NEEDS_COMPANY_MAPPING,NEEDS_COMPANY_MAPPING,,0.0,True,1,0,0,0,0,0,1,0,0,0,0,False,False,False,False,False,False,False,False,False,False,"no keyword, dictionary, persona, or message signal found — needs manual research",1,11,
VARTEQ Inc,varteq,NEEDS_COMPANY_MAPPING,NEEDS_COMPANY_MAPPING,,0.0,True,1,0,0,0,0,0,1,0,0,0,0,False,False,False,False,False,False,False,False,False,False,"no keyword, dictionary, persona, or message signal found — needs manual research",1,11,
Aegro,aegro,NEEDS_COMPANY_MAPPING,NEEDS_COMPANY_MAPPING,,0.0,True,1,0,0,0,0,0,1,0,0,0,0,False,False,False,False,False,False,False,False,False,False,"no keyword, dictionary, persona, or message signal found — needs manual research",1,11,
AE Talents Group Inc,ae talents,NEEDS_COMPANY_MAPPING,NEEDS_COMPANY_MAPPING,,0.0,True,1,0,0,0,0,0,1,0,0,0,0,False,False,False,False,False,False,False,False,False,False,"no keyword, dictionary, persona, or message signal found — needs manual research",1,11,
Adão Imóveis,adão imóveis,NEEDS_COMPANY_MAPPING,NEEDS_COMPANY_MAPPING,,0.0,True,1,0,0,0,0,0,1,0,0,0,0,False,False,False,False,False,False,False,False,False,False,"no keyword, dictionary, persona, or message signal found — needs manual research",1,11,
Adm Moveis E Design,adm moveis e design,NEEDS_COMPANY_MAPPING,NEEDS_COMPANY_MAPPING,,0.0,True,1,0,0,0,0,0,1,0,0,0,0,False,False,False,False,False,False,False,False,False,False,"no keyword, dictionary, persona, or message signal found — needs manual research",1,11,
adepara,adepara,NEEDS_COMPANY_MAPPING,NEEDS_COMPANY_MAPPING,,0.0,True,1,0,0,0,0,0,1,0,0,0,0,False,False,False,False,False,False,False,False,False,False,"no keyword, dictionary, persona, or message signal found — needs manual research",1,11,
Aden,aden,NEEDS_COMPANY_MAPPING,NEEDS_COMPANY_MAPPING,,0.0,True,1,0,0,0,0,0,1,0,0,0,0,False,False,False,False,False,False,False,False,False,False,"no keyword, dictionary, persona, or message signal found — needs manual research",1,11,
Addepto,addepto,NEEDS_COMPANY_MAPPING,NEEDS_COMPANY_MAPPING,,0.0,True,1,0,0,0,0,0,1,0,0,0,0,False,False,False,False,False,False,False,False,False,False,"no keyword, dictionary, persona, or message signal found — needs manual research",1,11,
Van den Oudenrijn B.V,van den oudenrijn b.v,NEEDS_COMPANY_MAPPING,NEEDS_COMPANY_MAPPING,,0.0,True,1,0,0,0,0,0,1,0,0,0,0,False,False,False,False,False,False,False,False,False,False,"no keyword, dictionary, persona, or message signal found — needs manual research",1,11,
Vallora Benefícios,vallora benefícios,NEEDS_COMPANY_MAPPING,NEEDS_COMPANY_MAPPING,,0.0,True,1,0,0,0,0,0,1,0,0,0,0,False,False,False,False,False,False,False,False,False,False,"no keyword, dictionary, persona, or message signal found — needs manual research",1,11,
Valid,valid,NEEDS_COMPANY_MAPPING,NEEDS_COMPANY_MAPPING,,0.0,True,1,0,0,0,0,0,1,0,0,0,0,False,False,False,False,False,False,False,False,False,False,"no keyword, dictionary, persona, or message signal found — needs manual research",1,11,
Valcon,valcon,NEEDS_COMPANY_MAPPING,NEEDS_COMPANY_MAPPING,,0.0,True,1,0,0,0,0,0,1,0,0,0,0,False,False,False,False,False,False,False,False,False,False,"no keyword, dictionary, persona, or message signal found — needs manual research",1,11,
valantic,valantic,NEEDS_COMPANY_MAPPING,NEEDS_COMPANY_MAPPING,,0.0,True,1,0,0,0,0,0,1,0,0,0,0,False,False,False,False,False,False,False,False,False,False,"no keyword, dictionary, persona, or message signal found — needs manual research",1,11,
Gemeente Voorne aan Zee,gemeente voorne aan zee,NEEDS_COMPANY_MAPPING,NEEDS_COMPANY_MAPPING,,0.0,True,1,0,0,0,0,0,1,0,0,0,0,False,False,False,False,False,False,False,False,False,False,"no keyword, dictionary, persona, or message signal found — needs manual research",1,11,
GEIA,geia,NEEDS_COMPANY_MAPPING,NEEDS_COMPANY_MAPPING,,0.0,True,1,0,0,0,0,0,1,0,0,0,0,False,False,False,False,False,False,False,False,False,False,"no keyword, dictionary, persona, or message signal found — needs manual research",1,11,
GE HealthCare,ge healthcare,NEEDS_COMPANY_MAPPING,NEEDS_COMPANY_MAPPING,,0.0,True,1,0,0,0,0,0,1,0,0,0,0,False,False,False,False,False,False,False,False,False,False,"no keyword, dictionary, persona, or message signal found — needs manual research",1,11,
Gazin,gazin,NEEDS_COMPANY_MAPPING,NEEDS_COMPANY_MAPPING,,0.0,True,1,0,0,0,0,0,1,0,0,0,0,False,False,False,False,False,False,False,False,False,False,"no keyword, dictionary, persona, or message signal found — needs manual research",1,11,
GASCADE Gastransport GmbH,gascade gastransport,NEEDS_COMPANY_MAPPING,NEEDS_COMPANY_MAPPING,,0.0,True,1,0,0,0,0,0,1,0,0,0,0,False,False,False,False,False,False,False,False,False,False,"no keyword, dictionary, persona, or message signal found — needs manual research",1,11,
Garden leave,garden leave,NEEDS_COMPANY_MAPPING,NEEDS_COMPANY_MAPPING,,0.0,True,1,0,0,0,0,0,1,0,0,0,0,False,False,False,False,False,False,False,False,False,False,"no keyword, dictionary, persona, or message signal found — needs manual research",1,11,
Gallup,gallup,NEEDS_COMPANY_MAPPING,NEEDS_COMPANY_MAPPING,,0.0,True,1,0,0,0,0,0,1,0,0,0,0,False,False,False,False,False,False,False,False,False,False,"no keyword, dictionary, persona, or message signal found — needs manual research",1,11,
Casa e Campo produtos agropecuários LTDA,casa e campo produtos agropecuários,NEEDS_COMPANY_MAPPING,NEEDS_COMPANY_MAPPING,,0.0,True,1,0,0,0,0,0,1,0,0,0,0,False,False,False,False,False,False,False,False,False,False,"no keyword, dictionary, persona, or message signal found — needs manual research",1,11,
Viaflow - Talentos & Tecnologia,viaflow - talentos & tecnologia,NEEDS_COMPANY_MAPPING,NEEDS_COMPANY_MAPPING,,0.0,True,1,0,0,0,0,0,1,0,0,0,0,False,False,False,False,False,False,False,False,False,False,"no keyword, dictionary, persona, or message signal found — needs manual research",1,11,
VFX Financial,vfx financial,NEEDS_COMPANY_MAPPING,NEEDS_COMPANY_MAPPING,,0.0,True,1,0,0,0,0,0,1,0,0,0,0,False,False,False,False,False,False,False,False,False,False,"no keyword, dictionary, persona, or message signal found — needs manual research",1,11,
VExpenses,vexpenses,NEEDS_COMPANY_MAPPING,NEEDS_COMPANY_MAPPING,,0.0,True,1,0,0,0,0,0,1,0,0,0,0,False,False,False,False,False,False,False,False,False,False,"no keyword, dictionary, persona, or message signal found — needs manual research",1,11,
Vertical Falls LLC,vertical falls,NEEDS_COMPANY_MAPPING,NEEDS_COMPANY_MAPPING,,0.0,True,1,0,0,0,0,0,1,0,0,0,0,False,False,False,False,False,False,False,False,False,False,"no keyword, dictionary, persona, or message signal found — needs manual research",1,11,
Vertex Agility Ltd,vertex agility,NEEDS_COMPANY_MAPPING,NEEDS_COMPANY_MAPPING,,0.0,True,1,0,0,0,0,0,1,0,0,0,0,False,False,False,False,False,False,False,False,False,False,"no keyword, dictionary, persona, or message signal found — needs manual research",1,11,
VERO ENGENHARIA DE RISCO E CONSULTORES ASSOCIADOS,vero engenharia de risco e consultores associados,NEEDS_COMPANY_MAPPING,NEEDS_COMPANY_MAPPING,,0.0,True,1,0,0,0,0,0,1,0,0,0,0,False,False,False,False,False,False,False,False,False,False,"no keyword, dictionary, persona, or message signal found — needs manual research",1,11,
Verizon,verizon,NEEDS_COMPANY_MAPPING,NEEDS_COMPANY_MAPPING,,0.0,True,1,0,0,0,0,0,1,0,0,0,0,False,False,False,False,False,False,False,False,False,False,"no keyword, dictionary, persona, or message signal found — needs manual research",1,11,
Verena Laumayer,verena laumayer,NEEDS_COMPANY_MAPPING,NEEDS_COMPANY_MAPPING,,0.0,True,1,0,0,0,0,0,1,0,0,0,0,False,False,False,False,False,False,False,False,False,False,"no keyword, dictionary, persona, or message signal found — needs manual research",1,11,
Vialaser Depilação,vialaser depilação,NEEDS_COMPANY_MAPPING,NEEDS_COMPANY_MAPPING,,0.0,True,1,0,0,0,0,0,1,0,0,0,0,False,False,False,False,False,False,False,False,False,False,"no keyword, dictionary, persona, or message signal found — needs manual research",1,11,
Cella,cella,NEEDS_COMPANY_MAPPING,NEEDS_COMPANY_MAPPING,,0.0,True,1,0,0,0,0,0,1,0,0,0,0,False,False,False,False,False,False,False,False,False,False,"no keyword, dictionary, persona, or message signal found — needs manual research",1,11,
CEGIST | Centre for Management Studies of Instituto Superior Técnico,cegist | centre for management studies of instituto superior técnico,NEEDS_COMPANY_MAPPING,NEEDS_COMPANY_MAPPING,,0.0,True,1,0,0,0,0,0,1,0,0,0,0,False,False,False,False,False,False,False,False,False,False,"no keyword, dictionary, persona, or message signal found — needs manual research",1,11,
CEERT Equidade Racial e de Gênero,ceert equidade racial e de gênero,NEEDS_COMPANY_MAPPING,NEEDS_COMPANY_MAPPING,,0.0,True,1,0,0,0,0,0,1,0,0,0,0,False,False,False,False,False,False,False,False,False,False,"no keyword, dictionary, persona, or message signal found — needs manual research",1,11,
CConecta RH,cconecta rh,NEEDS_COMPANY_MAPPING,NEEDS_COMPANY_MAPPING,,0.0,True,1,0,0,0,0,0,1,0,0,0,0,False,False,False,False,False,False,False,False,False,False,"no keyword, dictionary, persona, or message signal found — needs manual research",1,11,
Cavalo Marinho Combustíveis Ltda,cavalo marinho combustíveis,NEEDS_COMPANY_MAPPING,NEEDS_COMPANY_MAPPING,,0.0,True,1,0,0,0,0,0,1,0,0,0,0,False,False,False,False,False,False,False,False,False,False,"no keyword, dictionary, persona, or message signal found — needs manual research",1,11,
Catenon,catenon,NEEDS_COMPANY_MAPPING,NEEDS_COMPANY_MAPPING,,0.0,True,1,0,0,0,0,0,1,0,0,0,0,False,False,False,False,False,False,False,False,False,False,"no keyword, dictionary, persona, or message signal found — needs manual research",1,11,
Catalyze Group,catalyze,NEEDS_COMPANY_MAPPING,NEEDS_COMPANY_MAPPING,,0.0,True,1,0,0,0,0,0,1,0,0,0,0,False,False,False,False,False,False,False,False,False,False,"no keyword, dictionary, persona, or message signal found — needs manual research",1,11,
Cataguá Capitólio,cataguá capitólio,NEEDS_COMPANY_MAPPING,NEEDS_COMPANY_MAPPING,,0.0,True,1,0,0,0,0,0,1,0,0,0,0,False,False,False,False,False,False,False,False,False,False,"no keyword, dictionary, persona, or message signal found — needs manual research",1,11,
CashMe,cashme,NEEDS_COMPANY_MAPPING,NEEDS_COMPANY_MAPPING,,0.0,True,1,0,0,0,0,0,1,0,0,0,0,False,False,False,False,False,False,False,False,False,False,"no keyword, dictionary, persona, or message signal found — needs manual research",1,11,
Fraunhofer IPK,fraunhofer ipk,NEEDS_COMPANY_MAPPING,NEEDS_COMPANY_MAPPING,,0.0,True,1,0,0,0,0,0,1,0,0,0,0,False,False,False,False,False,False,False,False,False,False,"no keyword, dictionary, persona, or message signal found — needs manual research",1,11,
Fraunhofer Heinrich Hertz Institute HHI,fraunhofer heinrich hertz institute hhi,NEEDS_COMPANY_MAPPING,NEEDS_COMPANY_MAPPING,,0.0,True,1,0,0,0,0,0,1,0,0,0,0,False,False,False,False,False,False,False,False,False,False,"no keyword, dictionary, persona, or message signal found — needs manual research",1,11,
Francal,francal,NEEDS_COMPANY_MAPPING,NEEDS_COMPANY_MAPPING,,0.0,True,1,0,0,0,0,0,1,0,0,0,0,False,False,False,False,False,False,False,False,False,False,"no keyword, dictionary, persona, or message signal found — needs manual research",1,11,
Foxsoft Ltd,foxsoft,NEEDS_COMPANY_MAPPING,NEEDS_COMPANY_MAPPING,,0.0,True,1,0,0,0,0,0,1,0,0,0,0,False,False,False,False,False,False,False,False,False,False,"no keyword, dictionary, persona, or message signal found — needs manual research",1,11,
GEMMACON,gemmacon,NEEDS_COMPANY_MAPPING,NEEDS_COMPANY_MAPPING,,0.0,True,1,0,0,0,0,0,1,0,0,0,0,False,False,False,False,False,False,False,False,False,False,"no keyword, dictionary, persona, or message signal found — needs manual research",1,11,
Gemeinsames Rücknahmesystem Servicegesellschaft GmbH,gemeinsames rücknahmesystem servicegesellschaft,NEEDS_COMPANY_MAPPING,NEEDS_COMPANY_MAPPING,,0.0,True,1,0,0,0,0,0,1,0,0,0,0,False,False,False,False,False,False,False,False,False,False,"no keyword, dictionary, persona, or message signal found — needs manual research",1,11,
wehandle,wehandle,NEEDS_COMPANY_MAPPING,NEEDS_COMPANY_MAPPING,,0.0,True,1,0,0,0,0,0,1,0,0,0,0,False,False,False,False,False,False,False,False,False,False,"no keyword, dictionary, persona, or message signal found — needs manual research",1,11,
Webmotors,webmotors,NEEDS_COMPANY_MAPPING,NEEDS_COMPANY_MAPPING,,0.0,True,2,0,0,0,0,0,1,0,0,0,0,False,False,False,False,False,False,False,False,False,False,"no keyword, dictionary, persona, or message signal found — needs manual research",1,11,
WEBJUMP,webjump,NEEDS_COMPANY_MAPPING,NEEDS_COMPANY_MAPPING,,0.0,True,1,0,0,0,0,0,1,0,0,0,0,False,False,False,False,False,False,False,False,False,False,"no keyword, dictionary, persona, or message signal found — needs manual research",1,11,
Wazo International,wazo international,NEEDS_COMPANY_MAPPING,NEEDS_COMPANY_MAPPING,,0.0,True,1,0,0,0,0,0,1,0,0,0,0,False,False,False,False,False,False,False,False,False,False,"no keyword, dictionary, persona, or message signal found — needs manual research",1,11,
Warren Investimentos,warren investimentos,NEEDS_COMPANY_MAPPING,NEEDS_COMPANY_MAPPING,,0.0,True,1,0,0,0,0,0,1,0,0,0,0,False,False,False,False,False,False,False,False,False,False,"no keyword, dictionary, persona, or message signal found — needs manual research",1,11,
"WAN-IFRA, the World Association of News Publishers","wan-ifra, the world association of news publishers",NEEDS_COMPANY_MAPPING,NEEDS_COMPANY_MAPPING,,0.0,True,1,0,0,0,0,0,1,0,0,0,0,False,False,False,False,False,False,False,False,False,False,"no keyword, dictionary, persona, or message signal found — needs manual research",1,11,
Wallpaper & Carpets Distributors (M) Sdn Bhd,wallpaper & carpets distributors (m) sdn bhd,NEEDS_COMPANY_MAPPING,NEEDS_COMPANY_MAPPING,,0.0,True,1,0,0,0,0,0,1,0,0,0,0,False,False,False,False,False,False,False,False,False,False,"no keyword, dictionary, persona, or message signal found — needs manual research",1,11,
WAGNER LIVING,wagner living,NEEDS_COMPANY_MAPPING,NEEDS_COMPANY_MAPPING,,0.0,True,1,0,0,0,0,0,1,0,0,0,0,False,False,False,False,False,False,False,False,False,False,"no keyword, dictionary, persona, or message signal found — needs manual research",1,11,
Voluble Systems LLC,voluble systems,NEEDS_COMPANY_MAPPING,NEEDS_COMPANY_MAPPING,,0.0,True,1,0,0,0,0,0,1,0,0,0,0,False,False,False,False,False,False,False,False,False,False,"no keyword, dictionary, persona, or message signal found — needs manual research",1,11,
Voltic Inc,voltic,NEEDS_COMPANY_MAPPING,NEEDS_COMPANY_MAPPING,,0.0,True,1,0,0,0,0,0,1,0,0,0,0,False,False,False,False,False,False,False,False,False,False,"no keyword, dictionary, persona, or message signal found — needs manual research",1,11,
VMK Holding,vmk,NEEDS_COMPANY_MAPPING,NEEDS_COMPANY_MAPPING,,0.0,True,1,0,0,0,0,0,1,0,0,0,0,False,False,False,False,False,False,False,False,False,False,"no keyword, dictionary, persona, or message signal found — needs manual research",1,11,
Vitoria - Recursos Humanos,vitoria - recursos humanos,NEEDS_COMPANY_MAPPING,NEEDS_COMPANY_MAPPING,,0.0,True,1,0,0,0,0,0,1,0,0,0,0,False,False,False,False,False,False,False,False,False,False,"no keyword, dictionary, persona, or message signal found — needs manual research",1,11,
Visible,visible,NEEDS_COMPANY_MAPPING,NEEDS_COMPANY_MAPPING,,0.0,True,1,0,0,0,0,0,1,0,0,0,0,False,False,False,False,False,False,False,False,False,False,"no keyword, dictionary, persona, or message signal found — needs manual research",1,11,
Virtual Minds,virtual minds,NEEDS_COMPANY_MAPPING,NEEDS_COMPANY_MAPPING,,0.0,True,1,0,0,0,0,0,1,0,0,0,0,False,False,False,False,False,False,False,False,False,False,"no keyword, dictionary, persona, or message signal found — needs manual research",1,11,
Viridien,viridien,NEEDS_COMPANY_MAPPING,NEEDS_COMPANY_MAPPING,,0.0,True,1,0,0,0,0,0,1,0,0,0,0,False,False,False,False,False,False,False,False,False,False,"no keyword, dictionary, persona, or message signal found — needs manual research",1,11,
Viamafia Fitness,viamafia fitness,NEEDS_COMPANY_MAPPING,NEEDS_COMPANY_MAPPING,,0.0,True,1,0,0,0,0,0,1,0,0,0,0,False,False,False,False,False,False,False,False,False,False,"no keyword, dictionary, persona, or message signal found — needs manual research",1,11,
beecrowd,beecrowd,NEEDS_COMPANY_MAPPING,NEEDS_COMPANY_MAPPING,,0.0,True,1,0,0,0,0,0,1,0,0,0,0,False,False,False,False,False,False,False,False,False,False,"no keyword, dictionary, persona, or message signal found — needs manual research",1,11,
Be Intelligence,be intelligence,NEEDS_COMPANY_MAPPING,NEEDS_COMPANY_MAPPING,,0.0,True,1,0,0,0,0,0,1,0,0,0,0,False,False,False,False,False,False,False,False,False,False,"no keyword, dictionary, persona, or message signal found — needs manual research",1,11,
BC Mentoria,bc mentoria,NEEDS_COMPANY_MAPPING,NEEDS_COMPANY_MAPPING,,0.0,True,1,0,0,0,0,0,1,0,0,0,0,False,False,False,False,False,False,False,False,False,False,"no keyword, dictionary, persona, or message signal found — needs manual research",1,11,
金风科技,金风科技,NEEDS_COMPANY_MAPPING,NEEDS_COMPANY_MAPPING,,0.0,True,1,0,0,0,0,0,1,0,0,0,0,False,False,False,False,False,False,False,False,False,False,"no keyword, dictionary, persona, or message signal found — needs manual research",1,11,
نشریه سامانه نو | New Samaneh Magazine,نشریه سامانه نو | new samaneh magazine,NEEDS_COMPANY_MAPPING,NEEDS_COMPANY_MAPPING,,0.0,True,1,0,0,0,0,0,1,0,0,0,0,False,False,False,False,False,False,False,False,False,False,"no keyword, dictionary, persona, or message signal found — needs manual research",1,11,
Самозайнятий,самозайнятий,NEEDS_COMPANY_MAPPING,NEEDS_COMPANY_MAPPING,,0.0,True,1,0,0,0,0,0,1,0,0,0,0,False,False,False,False,False,False,False,False,False,False,"no keyword, dictionary, persona, or message signal found — needs manual research",1,11,
Árbore Engenharia,árbore engenharia,NEEDS_COMPANY_MAPPING,NEEDS_COMPANY_MAPPING,,0.0,True,1,0,0,0,0,0,1,0,0,0,0,False,False,False,False,False,False,False,False,False,False,"no keyword, dictionary, persona, or message signal found — needs manual research",1,11,
Wellz by Wellhub,wellz by wellhub,NEEDS_COMPANY_MAPPING,NEEDS_COMPANY_MAPPING,,0.0,True,1,0,0,0,0,0,1,0,0,0,0,False,False,False,False,False,False,False,False,False,False,"no keyword, dictionary, persona, or message signal found — needs manual research",1,11,
Caritasverband für den Landkreis Weilheim-Schongau e.V,caritasverband für den landkreis weilheim-schongau e.v,NEEDS_COMPANY_MAPPING,NEEDS_COMPANY_MAPPING,,0.0,True,1,0,0,0,0,0,1,0,0,0,0,False,False,False,False,False,False,False,False,False,False,"no keyword, dictionary, persona, or message signal found — needs manual research",1,11,
Cargoo,cargoo,NEEDS_COMPANY_MAPPING,NEEDS_COMPANY_MAPPING,,0.0,True,1,0,0,0,0,0,1,0,0,0,0,False,False,False,False,False,False,False,False,False,False,"no keyword, dictionary, persona, or message signal found — needs manual research",1,11,
Career Rebels,career rebels,NEEDS_COMPANY_MAPPING,NEEDS_COMPANY_MAPPING,,0.0,True,1,0,0,0,0,0,1,0,0,0,0,False,False,False,False,False,False,False,False,False,False,"no keyword, dictionary, persona, or message signal found — needs manual research",1,11,
CARE Vision Augenkliniken,care vision augenkliniken,NEEDS_COMPANY_MAPPING,NEEDS_COMPANY_MAPPING,,0.0,True,1,0,0,0,0,0,1,0,0,0,0,False,False,False,False,False,False,False,False,False,False,"no keyword, dictionary, persona, or message signal found — needs manual research",1,11,
Capriole Coffee Service | B Corp™,capriole coffee | b ™,NEEDS_COMPANY_MAPPING,NEEDS_COMPANY_MAPPING,,0.0,True,1,0,0,0,0,0,1,0,0,0,0,False,False,False,False,False,False,False,False,False,False,"no keyword, dictionary, persona, or message signal found — needs manual research",1,11,
Capital Vision,capital vision,NEEDS_COMPANY_MAPPING,NEEDS_COMPANY_MAPPING,,0.0,True,1,0,0,0,0,0,1,0,0,0,0,False,False,False,False,False,False,False,False,False,False,"no keyword, dictionary, persona, or message signal found — needs manual research",1,11,
WelHome,welhome,NEEDS_COMPANY_MAPPING,NEEDS_COMPANY_MAPPING,,0.0,True,1,0,0,0,0,0,1,0,0,0,0,False,False,False,False,False,False,False,False,False,False,"no keyword, dictionary, persona, or message signal found — needs manual research",1,11,
WEINIG HOLZ-HER Australia,weinig holz-her australia,NEEDS_COMPANY_MAPPING,NEEDS_COMPANY_MAPPING,,0.0,True,1,0,0,0,0,0,1,0,0,0,0,False,False,False,False,False,False,False,False,False,False,"no keyword, dictionary, persona, or message signal found — needs manual research",1,11,
🇬🇹 IntegRHa Talento,🇬🇹 integrha talento,NEEDS_COMPANY_MAPPING,NEEDS_COMPANY_MAPPING,,0.0,True,1,0,0,0,0,0,1,0,0,0,0,False,False,False,False,False,False,False,False,False,False,"no keyword, dictionary, persona, or message signal found — needs manual research",1,11,
#ONO (Open to New Opportunities),#ono (open to new opportunities),NEEDS_COMPANY_MAPPING,NEEDS_COMPANY_MAPPING,,0.0,True,1,0,0,0,0,0,1,0,0,0,0,False,False,False,False,False,False,False,False,False,False,"no keyword, dictionary, persona, or message signal found — needs manual research",1,11,
XRAYS TRADING,xrays trading,NEEDS_COMPANY_MAPPING,NEEDS_COMPANY_MAPPING,,0.0,True,1,0,0,0,0,0,1,0,0,0,0,False,False,False,False,False,False,False,False,False,False,"no keyword, dictionary, persona, or message signal found — needs manual research",1,11,
XpertScout GmbH,xpertscout,NEEDS_COMPANY_MAPPING,NEEDS_COMPANY_MAPPING,,0.0,True,1,0,0,0,0,0,1,0,0,0,0,False,False,False,False,False,False,False,False,False,False,"no keyword, dictionary, persona, or message signal found — needs manual research",1,11,
Xperiun,xperiun,NEEDS_COMPANY_MAPPING,NEEDS_COMPANY_MAPPING,,0.0,True,1,0,0,0,0,0,1,0,0,0,0,False,False,False,False,False,False,False,False,False,False,"no keyword, dictionary, persona, or message signal found — needs manual research",1,11,
Xinfotec.llc,xinfotec,NEEDS_COMPANY_MAPPING,NEEDS_COMPANY_MAPPING,,0.0,True,1,0,0,0,0,0,1,0,0,0,0,False,False,False,False,False,False,False,False,False,False,"no keyword, dictionary, persona, or message signal found — needs manual research",1,11,
+A Educação,+a educação,NEEDS_COMPANY_MAPPING,NEEDS_COMPANY_MAPPING,,0.0,True,1,0,0,0,0,0,1,0,0,0,0,False,False,False,False,False,False,False,False,False,False,"no keyword, dictionary, persona, or message signal found — needs manual research",1,11,
Active Recruitment SEN Ltd,active recruitment sen,NEEDS_COMPANY_MAPPING,GLOBAL_STAFFING,GLOBAL_STAFFING,0.8,True,1,0,0,0,0,0,1,0,0,0,0,False,False,False,False,False,False,False,False,True,False,staffing/recruiting keyword in company name,1,11,"  ""active recruitment sen ltd"": {market: GLOBAL_STAFFING, category: GLOBAL_STAFFING}"
abtis,abtis,NEEDS_COMPANY_MAPPING,NEEDS_COMPANY_MAPPING,,0.0,True,1,0,0,0,0,0,1,0,0,0,0,False,False,False,False,False,False,False,False,False,False,"no keyword, dictionary, persona, or message signal found — needs manual research",1,11,
Abradi,abradi,NEEDS_COMPANY_MAPPING,NEEDS_COMPANY_MAPPING,,0.0,True,1,0,0,0,0,0,1,0,0,0,0,False,False,False,False,False,False,False,False,False,False,"no keyword, dictionary, persona, or message signal found — needs manual research",1,11,
Canadian Solar Inc,canadian solar,NEEDS_COMPANY_MAPPING,NEEDS_COMPANY_MAPPING,,0.0,True,1,0,0,0,0,0,1,0,0,0,0,False,False,False,False,False,False,False,False,False,False,"no keyword, dictionary, persona, or message signal found — needs manual research",1,11,
WV Eventos LTDA,wv eventos,NEEDS_COMPANY_MAPPING,NEEDS_COMPANY_MAPPING,,0.0,True,1,0,0,0,0,0,1,0,0,0,0,False,False,False,False,False,False,False,False,False,False,"no keyword, dictionary, persona, or message signal found — needs manual research",1,11,
WTime Business Intelligence,wtime business intelligence,NEEDS_COMPANY_MAPPING,NEEDS_COMPANY_MAPPING,,0.0,True,1,0,0,0,0,0,1,0,0,0,0,False,False,False,False,False,False,False,False,False,False,"no keyword, dictionary, persona, or message signal found — needs manual research",1,11,
WP LAB,wp lab,NEEDS_COMPANY_MAPPING,NEEDS_COMPANY_MAPPING,,0.0,True,1,0,0,0,0,0,1,0,0,0,0,False,False,False,False,False,False,False,False,False,False,"no keyword, dictionary, persona, or message signal found — needs manual research",1,11,
Woxer,woxer,NEEDS_COMPANY_MAPPING,NEEDS_COMPANY_MAPPING,,0.0,True,1,0,0,0,0,0,1,0,0,0,0,False,False,False,False,False,False,False,False,False,False,"no keyword, dictionary, persona, or message signal found — needs manual research",1,11,
Workstream,workstream,NEEDS_COMPANY_MAPPING,NEEDS_COMPANY_MAPPING,,0.0,True,1,0,0,0,0,0,1,0,0,0,0,False,False,False,False,False,False,False,False,False,False,"no keyword, dictionary, persona, or message signal found — needs manual research",1,11,
Aays,aays,NEEDS_COMPANY_MAPPING,NEEDS_COMPANY_MAPPING,,0.0,True,1,0,0,0,0,0,1,0,0,0,0,False,False,False,False,False,False,False,False,False,False,"no keyword, dictionary, persona, or message signal found — needs manual research",1,11,
Xebia,xebia,NEEDS_COMPANY_MAPPING,NEEDS_COMPANY_MAPPING,,0.0,True,1,0,0,0,0,0,1,0,0,0,0,False,False,False,False,False,False,False,False,False,False,"no keyword, dictionary, persona, or message signal found — needs manual research",1,11,
Xcellent Talents,xcellent talents,NEEDS_COMPANY_MAPPING,NEEDS_COMPANY_MAPPING,,0.0,True,1,0,0,0,0,0,1,0,0,0,0,False,False,False,False,False,False,False,False,False,False,"no keyword, dictionary, persona, or message signal found — needs manual research",1,11,
®CS Global IT ☁,®cs it ☁,NEEDS_COMPANY_MAPPING,NEEDS_COMPANY_MAPPING,,0.0,True,1,0,0,0,0,0,1,0,0,0,0,False,False,False,False,False,False,False,False,False,False,"no keyword, dictionary, persona, or message signal found — needs manual research",1,11,
Yochana IT Solutions INC,yochana it,NEEDS_COMPANY_MAPPING,GLOBAL_OPPORTUNITY,GLOBAL_CONSULTING,0.55,True,1,0,0,0,0,0,1,0,0,0,0,False,False,False,False,False,False,False,False,False,True,generic 'solutions' keyword in company name (weak signal),1,11,"  ""yochana it solutions inc"": {market: GLOBAL_OPPORTUNITY_UNRESOLVED_REGION, category: GLOBAL_CONSULTING}"
Yandeh,yandeh,NEEDS_COMPANY_MAPPING,NEEDS_COMPANY_MAPPING,,0.0,True,1,0,0,0,0,0,1,0,0,0,0,False,False,False,False,False,False,False,False,False,False,"no keyword, dictionary, persona, or message signal found — needs manual research",1,11,
Yaman,yaman,NEEDS_COMPANY_MAPPING,NEEDS_COMPANY_MAPPING,,0.0,True,1,0,0,0,0,0,1,0,0,0,0,False,False,False,False,False,False,False,False,False,False,"no keyword, dictionary, persona, or message signal found — needs manual research",1,11,
Yahoo,yahoo,NEEDS_COMPANY_MAPPING,NEEDS_COMPANY_MAPPING,,0.0,True,1,0,0,0,0,0,1,0,0,0,0,False,False,False,False,False,False,False,False,False,False,"no keyword, dictionary, persona, or message signal found — needs manual research",1,11,
Young Talents GmbH,young talents,NEEDS_COMPANY_MAPPING,NEEDS_COMPANY_MAPPING,,0.0,True,1,0,0,0,0,0,1,0,0,0,0,False,False,False,False,False,False,False,False,False,False,"no keyword, dictionary, persona, or message signal found — needs manual research",1,11,
YouDare,youdare,NEEDS_COMPANY_MAPPING,NEEDS_COMPANY_MAPPING,,0.0,True,1,0,0,0,0,0,1,0,0,0,0,False,False,False,False,False,False,False,False,False,False,"no keyword, dictionary, persona, or message signal found — needs manual research",1,11,
Aarin,aarin,NEEDS_COMPANY_MAPPING,NEEDS_COMPANY_MAPPING,,0.0,True,1,0,0,0,0,0,1,0,0,0,0,False,False,False,False,False,False,False,False,False,False,"no keyword, dictionary, persona, or message signal found — needs manual research",1,11,
A.P. Moller - Maersk,a.p. moller - maersk,NEEDS_COMPANY_MAPPING,NEEDS_COMPANY_MAPPING,,0.0,True,1,0,0,0,0,0,1,0,0,0,0,False,False,False,False,False,False,False,False,False,False,"no keyword, dictionary, persona, or message signal found — needs manual research",1,11,
@Hyatt Ziva Madeira Resort Spa & Marina,@hyatt ziva madeira resort & marina,NEEDS_COMPANY_MAPPING,NEEDS_COMPANY_MAPPING,,0.0,True,1,0,0,0,0,0,1,0,0,0,0,False,False,False,False,False,False,False,False,False,False,"no keyword, dictionary, persona, or message signal found — needs manual research",1,11,
7-Eleven,7-eleven,NEEDS_COMPANY_MAPPING,NEEDS_COMPANY_MAPPING,,0.0,True,1,0,0,0,0,0,1,0,0,0,0,False,False,False,False,False,False,False,False,False,False,"no keyword, dictionary, persona, or message signal found — needs manual research",1,11,
4zOOm - Business Solution,4zoom - business solution,NEEDS_COMPANY_MAPPING,NEEDS_COMPANY_MAPPING,,0.0,True,1,0,0,0,0,0,1,0,0,0,0,False,False,False,False,False,False,False,False,False,False,"no keyword, dictionary, persona, or message signal found — needs manual research",1,11,
200DEV,200dev,NEEDS_COMPANY_MAPPING,NEEDS_COMPANY_MAPPING,,0.0,True,1,0,0,0,0,0,0,0,0,0,0,False,False,False,False,False,False,False,False,False,False,"no keyword, dictionary, persona, or message signal found — needs manual research",1,10,
Universidad del Alba,universidad del alba,NEEDS_COMPANY_MAPPING,NEEDS_COMPANY_MAPPING,,0.0,True,1,0,0,0,0,0,0,0,0,0,0,False,False,False,False,False,False,False,False,False,False,"no keyword, dictionary, persona, or message signal found — needs manual research",1,10,
Bravos Energía,bravos energía,NEEDS_COMPANY_MAPPING,NEEDS_COMPANY_MAPPING,,0.0,True,1,0,0,0,0,0,0,0,0,0,0,False,False,False,False,False,False,False,False,False,False,"no keyword, dictionary, persona, or message signal found — needs manual research",1,10,
Prefeitura Municipal de Guarujá,prefeitura municipal de guarujá,NEEDS_COMPANY_MAPPING,NEEDS_COMPANY_MAPPING,,0.0,True,1,0,0,0,0,0,0,0,0,0,0,False,False,False,False,False,False,False,False,False,False,"no keyword, dictionary, persona, or message signal found — needs manual research",1,10,
Aventa Solutions,aventa,NEEDS_COMPANY_MAPPING,GLOBAL_OPPORTUNITY,GLOBAL_CONSULTING,0.55,True,1,0,0,0,0,0,0,0,0,0,0,False,False,False,False,False,False,False,False,False,True,generic 'solutions' keyword in company name (weak signal),1,10,"  ""aventa solutions"": {market: GLOBAL_OPPORTUNITY_UNRESOLVED_REGION, category: GLOBAL_CONSULTING}"
Emapta Global,emapta,NEEDS_COMPANY_MAPPING,NEEDS_COMPANY_MAPPING,,0.0,True,1,0,0,0,0,0,0,0,0,0,0,False,False,False,False,False,False,False,False,False,False,"no keyword, dictionary, persona, or message signal found — needs manual research",1,10,
