company_clean,connection_count,recruiter_count,hiring_mgr_count,data_leader_count,avg_priority_score,company_canonical,manual_market,manual_category,manual_notes
Global Group,9,0,0,0,10.4,,,,
DIS AG,8,0,0,0,16.4,DIS,,,
Shopee,6,0,0,0,17.5,SHOPEE,,,
Taylor Hopkinson | Powered by Brunel,5,0,0,0,22.8,TAYLOR HOPKINSON | POWERED BY BRUNEL,,,
KWS Group,5,0,0,0,9.8,KWS,,,
Progressive Recruitment,5,0,0,0,20.6,PROGRESSIVE RECRUITMENT,,,
Natura,5,0,0,0,21.0,NATURA,,,
NUMEN,5,0,0,0,21.0,NUMEN,,,
Neon,4,0,0,0,21.8,NEON,,,
Kienbaum,4,0,0,0,18.2,KIENBAUM,,,
banco BV,4,0,0,0,25.0,BANCO,,,
Wellhub,4,0,0,0,24.8,WELLHUB,,,
The HEINEKEN Company,4,0,0,0,21.8,THE HEINEKEN COMPANY,,,
Cadastra,4,0,0,0,23.2,CADASTRA,,,
Compass UOL,4,0,0,0,22.2,COMPASS UOL,,,
Grupo MAG,4,0,0,0,12.0,GRUPO MAG,,,
SOUTH SYSTEM,4,0,0,0,20.2,SOUTH SYSTEM,,,
Talent Match,4,0,0,0,18.2,TALENT MATCH,,,
AXS Logistiek,3,0,0,0,21.7,AXS LOGISTIEK,,,
"ANP - Agência Nacional do Petróleo, Gás Natural e Biocombustíveis",3,0,0,0,8.0,"ANP - AGÊNCIA NACIONAL DO PETRÓLEO, GÁS NATURAL E BIOCOMBUSTÍVEIS",,,
Advance Auto Parts,3,0,0,0,27.3,ADVANCE AUTO PARTS,,,
Straumann Group,3,0,0,0,29.3,STRAUMANN,,,
Stadtwerke München GmbH,3,0,0,0,31.0,STADTWERKE MÜNCHEN,,,
change,3,0,0,0,28.3,CHANGE,,,
Ratbacher GmbH,3,0,0,0,17.3,RATBACHER,,,
AltoQi,3,0,0,0,27.7,ALTOQI,,,
Novartis,3,0,0,0,25.0,NOVARTIS,,,
Power Tuning,3,0,0,0,23.3,POWER TUNING,,,
Landeshauptstadt München,3,0,0,0,31.0,LANDESHAUPTSTADT MÜNCHEN,,,
FERCHAU,3,0,0,0,20.0,FERCHAU,,,
Hitachi Energy,3,0,0,0,17.3,HITACHI ENERGY,,,
Gupy,3,0,0,0,9.3,GUPY,,,
Elevation Group,3,0,0,0,16.3,ELEVATION,,,
Brunel,3,0,0,0,19.3,BRUNEL,,,
Caterpillar Inc,3,0,0,0,18.0,CATERPILLAR,,,
Autônoma,3,0,0,0,15.0,AUTÔNOMA,,,
El Corte Inglés,3,0,0,0,10.3,EL CORTE INGLÉS,,,
Equifax I BoaVista,3,0,0,0,20.3,EQUIFAX I BOAVISTA,,,
Falconi,3,0,0,0,23.0,FALCONI,,,
Intellias,3,0,0,0,24.3,INTELLIAS,,,
Quartile,3,0,0,0,21.7,QUARTILE,,,
Aliare,3,0,0,0,22.3,ALIARE,,,
K&K Talents,3,0,0,0,15.7,K&K TALENTS,,,
Leega,3,0,0,0,24.7,LEEGA,,,
Kenvue,3,0,0,0,19.3,KENVUE,,,
SAUTER,3,0,0,0,24.7,SAUTER,,,
Selbstständig,3,0,0,0,9.3,SELBSTSTÄNDIG,,,
Sem Parar Corpay,3,0,0,0,20.0,SEM PARAR CORPAY,,,
artevie group,3,0,0,0,19.3,ARTEVIE,,,
Visagio,3,0,0,0,18.0,VISAGIO,,,
Banco Bmg,3,0,0,0,27.3,BANCO BMG,,,
Benner,3,0,0,0,19.0,BENNER,,,
BEES,3,0,0,0,25.0,BEES,,,
bet365,2,0,0,0,15.5,BET365,,,
hub xp,2,0,0,0,28.0,HUB XP,,,
Zensy,2,0,0,0,26.5,ZENSY,,,
Sanofi,2,0,0,0,13.0,SANOFI,,,
SUBSCRIBE,2,0,0,0,15.0,SUBSCRIBE,,,
Agibank,2,0,0,0,19.0,AGIBANK,,,
Aegea Saneamento,2,0,0,0,15.5,AEGEA SANEAMENTO,,,
Softplan,2,0,0,0,19.0,SOFTPLAN,,,
Softys,2,0,0,0,25.5,SOFTYS,,,
Sofist,2,0,0,0,21.0,SOFIST,,,
Sensedia,2,0,0,0,24.0,SENSEDIA,,,
Sparkassen-Personalberatung GmbH,2,0,0,0,12.0,SPARKASSEN-PERSONALBERATUNG,,,
Splash,2,0,0,0,23.0,SPLASH,,,
TikTok,2,0,0,0,13.0,TIKTOK,,,
TECNOMEC ENGINEERING SRL,2,0,0,0,18.0,TECNOMEC ENGINEERING SRL,,,
Swap,2,0,0,0,23.0,SWAP,,,
SysManager,2,0,0,0,17.5,SYSMANAGER,,,
Starian,2,0,0,0,25.0,STARIAN,,,
Staan,2,0,0,0,22.0,STAAN,,,
TimePartner Personalmanagement GmbH,2,0,0,0,15.5,TIMEPARTNER PERSONALMANAGEMENT,,,
Tergos,2,0,0,0,18.0,TERGOS,,,
Talention,2,0,0,0,18.0,TALENTION,,,
Talentia,2,0,0,0,20.5,TALENTIA,,,
YDUQS,2,0,0,0,25.5,YDUQS,,,
Xepelin,2,0,0,0,21.5,XEPELIN,,,
Wilson Sons,2,0,0,0,8.0,WILSON SONS,,,
amaxo GmbH,2,0,0,0,18.0,AMAXO,,,
Volvo Group,2,0,0,0,34.0,VOLVO,,,
Vetta,2,0,0,0,24.0,VETTA,,,
Vestas,2,0,0,0,8.0,VESTAS,,,
Vericode,2,0,0,0,25.0,VERICODE,,,
ValueNet Group,2,0,0,0,17.0,VALUENET,,,
Universidade CIMATEC,2,0,0,0,8.0,UNIVERSIDADE CIMATEC,,,
Uncover,2,0,0,0,23.5,UNCOVER,,,
Trillia,2,0,0,0,20.5,TRILLIA,,,
A-Players,2,0,0,0,28.0,A-PLAYERS,,,
empiriecom,2,0,0,0,26.5,EMPIRIECOM,,,
delaware International,2,0,0,0,26.0,DELAWARE INTERNATIONAL,,,
Nomad,2,0,0,0,25.0,NOMAD,,,
PROPOSITO Human Capital Solutions,2,0,0,0,18.5,PROPOSITO HUMAN CAPITAL,,,
Paytrack,2,0,0,0,24.5,PAYTRACK,,,
Nordex Group,2,0,0,0,19.0,NORDEX,,,
AlmapBBDO,2,0,0,0,19.0,ALMAPBBDO,,,
Petlove,2,0,0,0,20.5,PETLOVE,,,
Loft,2,0,0,0,21.5,LOFT,,,
Maxxi,2,0,0,0,19.5,MAXXI,,,
Mondelēz International,2,0,0,0,30.0,MONDELĒZ INTERNATIONAL,,,
Kuehne+Nagel,2,0,0,0,12.0,KUEHNE+NAGEL,,,
Magnit Global,2,0,0,0,30.5,MAGNIT,,,
Parser,2,0,0,0,23.0,PARSER,,,
Palantec GmbH,2,0,0,0,23.0,PALANTEC,,,
Nexer Enterprise Applications,2,0,0,0,19.0,NEXER ENTERPRISE APPLICATIONS,,,
Phiture,2,0,0,0,21.0,PHITURE,,,
Prefeitura de Cubatão,2,0,0,0,12.0,PREFEITURA DE CUBATÃO,,,
Positivo Tecnologia,2,0,0,0,25.0,POSITIVO TECNOLOGIA,,,
Peak One GmbH,2,0,0,0,30.0,PEAK ONE,,,
Petrobahia S.A,2,0,0,0,7.5,PETROBAHIA,,,
PetroReconcavo,2,0,0,0,13.0,PETRORECONCAVO,,,
Philip Morris International,2,0,0,0,25.0,PHILIP MORRIS INTERNATIONAL,,,
Quantik,2,0,0,0,21.0,QUANTIK,,,
RED Global,2,0,0,0,33.0,RED,,,
Revelo,2,0,0,0,23.0,REVELO,,,
QSOFT,2,0,0,0,24.0,QSOFT,,,
Projective Talent | Part of Projective Group,2,0,0,0,11.5,PROJECTIVE TALENT | PART OF PROJECTIVE,,,
Red Bull,2,0,0,0,17.5,RED BULL,,,
Rox Partner,2,0,0,0,24.0,ROX PARTNER,,,
Riverstate Premium Recruiting,2,0,0,0,23.0,RIVERSTATE PREMIUM RECRUITING,,,
IBGE,2,0,0,0,19.0,IBGE,,,
IKONS Ibérica,2,0,0,0,27.5,IKONS IBÉRICA,,,
Imperial Brands PLC,2,0,0,0,19.5,IMPERIAL BRANDS,,,
Infinite Computer Solutions,2,0,0,0,23.0,INFINITE COMPUTER,,,
Infleet - Gestão de Frotas,2,0,0,0,17.5,INFLEET - GESTÃO DE FROTAS,,,
Amoria Bond,2,0,0,0,25.0,AMORIA BOND,,,
Ana Gaming,2,0,0,0,19.5,ANA GAMING,,,
Investigo,2,0,0,0,22.5,INVESTIGO,,,
Justos,2,0,0,0,26.0,JUSTOS,,,
Ipiranga,2,0,0,0,17.5,IPIRANGA,,,
JLink connecting experts GmbH,2,0,0,0,18.0,JLINK CONNECTING EXPERTS,,,
John Deere,2,0,0,0,15.5,JOHN DEERE,,,
KIS Solutions,2,0,0,0,25.5,KIS,,,
Amcor,2,0,0,0,21.0,AMCOR,,,
Keeta,2,0,0,0,16.5,KEETA,,,
Kanastra,2,0,0,0,27.5,KANASTRA,,,
Mycon,2,0,0,0,16.5,MYCON,,,
Nelson Wilians Advogados,2,0,0,0,24.0,NELSON WILIANS ADVOGADOS,,,
GM Financial,2,0,0,0,28.5,GM FINANCIAL,,,
Fiverr,2,0,0,0,21.0,FIVERR,,,
Fami Capital,2,0,0,0,19.0,FAMI CAPITAL,,,
GP JOULE Gruppe,2,0,0,0,12.5,GP JOULE GRUPPE,,,
Genesys,2,0,0,0,17.5,GENESYS,,,
Halliburton,2,0,0,0,28.5,HALLIBURTON,,,
Grupo Vorp,2,0,0,0,10.0,GRUPO VORP,,,
HR Path,2,0,0,0,32.5,HR PATH,,,
Grupo 3corações,2,0,0,0,27.0,GRUPO 3CORAÇÕES,,,
Grupo Sabin,2,0,0,0,24.5,GRUPO SABIN,,,
Gravitas Recruitment Group (Global) Ltd,2,0,0,0,31.5,GRAVITAS RECRUITMENT (),,,
HRA Solutions,2,0,0,0,8.0,HRA,,,
Horatio,2,0,0,0,20.0,HORATIO,,,
Horizontal Talent,2,0,0,0,20.0,HORIZONTAL TALENT,,,
Elevation Partners,2,0,0,0,22.0,ELEVATION PARTNERS,,,
Empacar S.A,2,0,0,0,16.0,EMPACAR,,,
Equinix,2,0,0,0,15.5,EQUINIX,,,
Escale,2,0,0,0,21.0,ESCALE,,,
Etteplan,2,0,0,0,15.0,ETTEPLAN,,,
Escola da Nuvem,2,0,0,0,13.5,ESCOLA DA NUVEM,,,
F1RST Tecnologia,2,0,0,0,20.0,F1RST TECNOLOGIA,,,
FALKEN Group Personalberatung GmbH,2,0,0,0,16.0,FALKEN PERSONALBERATUNG,,,
Forward,2,0,0,0,20.5,FORWARD,,,
FALKENHERZ Group,2,0,0,0,20.0,FALKENHERZ,,,
Fadel Transportes e Logística,2,0,0,0,20.0,FADEL TRANSPORTES E LOGÍSTICA,,,
Descomplica,2,0,0,0,16.0,DESCOMPLICA,,,
Customertimes,2,0,0,0,27.0,CUSTOMERTIMES,,,
Deel,2,0,0,0,19.0,DEEL,,,
E-IT,2,0,0,0,16.0,E-IT,,,
EBANX,2,0,0,0,34.0,EBANX,,,
Caveo,2,0,0,0,26.0,CAVEO,,,
ClickHouse,2,0,0,0,12.0,CLICKHOUSE,,,
Auren Energia,2,0,0,0,9.5,AUREN ENERGIA,,,
Computer Futures,2,0,0,0,29.0,COMPUTER FUTURES,,,
Constructor,2,0,0,0,22.0,CONSTRUCTOR,,,
CESAR,2,0,0,0,19.0,CESAR,,,
CGS Consultores Reclutamiento de Personal,2,0,0,0,22.0,CGS CONSULTORES RECLUTAMIENTO DE PERSONAL,,,
CPQD,2,0,0,0,16.0,CPQD,,,
Bullla,2,0,0,0,11.5,BULLLA,,,
CACEIS,2,0,0,0,16.5,CACEIS,,,
CAST,2,0,0,0,15.0,CAST,,,
Bio-Rad Laboratories,2,0,0,0,11.5,BIO-RAD LABORATORIES,,,
Banco Carrefour,2,0,0,0,21.5,BANCO CARREFOUR,,,
Ball Corporation,2,0,0,0,28.5,BALL,,,
ACTIEF Personalmanagement GmbH,2,0,0,0,10.0,ACTIEF PERSONALMANAGEMENT,,,
AGCO Corporation,2,0,0,0,17.5,AGCO,,,
2a Vara civil do Foro da Comarca de Canela,1,0,0,0,12.0,2A VARA CIVIL DO FORO DA COMARCA DE CANELA,,,
3 Sixty Padel,1,0,0,0,34.0,3 SIXTY PADEL,,,
nectar,1,0,0,0,30.0,NECTAR,,,
tilli,1,0,0,0,15.0,TILLI,,,
tecmentor,1,0,0,0,46.0,TECMENTOR,,,
4sight Metrics,1,0,0,0,20.0,4SIGHT METRICS,,,
🇬🇹 IntegRHa Talento,1,0,0,0,17.0,🇬🇹 INTEGRHA TALENTO,,,
200DEV,1,0,0,0,8.0,200DEV,,,
toom Baumarkt,1,0,0,0,8.0,TOOM BAUMARKT,,,
tweeaconnect,1,0,0,0,11.0,TWEEACONNECT,,,
univativ GmbH,1,0,0,0,25.0,UNIVATIV,,,
valantic,1,0,0,0,25.0,VALANTIC,,,
voize,1,0,0,0,20.0,VOIZE,,,
wehandle,1,0,0,0,26.0,WEHANDLE,,,
yampa - Gestão Financeira,1,0,0,0,8.0,YAMPA - GESTÃO FINANCEIRA,,,
moOngy,1,0,0,0,27.0,MOONGY,,,
mattilda,1,0,0,0,24.0,MATTILDA,,,
marco,1,0,0,0,21.0,MARCO,,,
malomatia,1,0,0,0,25.0,MALOMATIA,,,
mSupply,1,0,0,0,18.0,MSUPPLY,,,
latex,1,0,0,0,18.0,LATEX,,,
APSCo,1,0,0,0,22.0,APSCO,,,
ANWB,1,0,0,0,18.0,ANWB,,,
AMKmotion GmbH + Co KG,1,0,0,0,23.0,AMKMOTION + CO,,,
AMEWAS,1,0,0,0,16.0,AMEWAS,,,
ALTAVE,1,0,0,0,17.0,ALTAVE,,,
ALOIA AEROSPACE INC,1,0,0,0,8.0,ALOIA AEROSPACE,,,
ALLPS,1,0,0,0,25.0,ALLPS,,,
AK Business Intelligence LLC,1,0,0,0,15.0,AK BUSINESS INTELLIGENCE,,,
#ONO (Open to New Opportunities),1,0,0,0,25.0,#ONO (OPEN TO NEW OPPORTUNITIES),,,
카카오픽코마 (kakaopiccoma),1,0,0,0,31.0,카카오픽코마 (KAKAOPICCOMA),,,
Banco BS2,1,0,0,0,12.0,BANCO BS2,,,
BanBajío,1,0,0,0,12.0,BANBAJÍO,,,
Balanz Uruguay,1,0,0,0,37.0,BALANZ URUGUAY,,,
Baku Heritage Tours - DMC,1,0,0,0,8.0,BAKU HERITAGE TOURS - DMC,,,
Bachpan Save The Innocence,1,0,0,0,8.0,BACHPAN SAVE THE INNOCENCE,,,
BUTTER. GmbH,1,0,0,0,12.0,BUTTER,,,
BROSETA,1,0,0,0,8.0,BROSETA,,,
BRINK Group,1,0,0,0,25.0,BRINK,,,
BOMIX INDÚSTRIA DE EMBALAGENS LTDA,1,0,0,0,18.0,BOMIX INDÚSTRIA DE EMBALAGENS,,,
BMNS,1,0,0,0,31.0,BMNS,,,
BMN Nederland,1,0,0,0,12.0,BMN NEDERLAND,,,
BM GROUP Bolivia,1,0,0,0,16.0,BM BOLIVIA,,,
BLUST | Consultora Boutique de Personas y Talento,1,0,0,0,19.0,BLUST | CONSULTORA BOUTIQUE DE PERSONAS Y TALENTO,,,
BIGZON,1,0,0,0,22.0,BIGZON,,,
BIG school,1,0,0,0,27.0,BIG SCHOOL,,,
BI4ALL,1,0,0,0,19.0,BI4ALL,,,
Basecone,1,0,0,0,32.0,BASECONE,,,
Bark.com,1,0,0,0,23.0,BARK.COM,,,
Baril Advogados,1,0,0,0,19.0,BARIL ADVOGADOS,,,
Bankme,1,0,0,0,12.0,BANKME,,,
Bankhaus Metzler,1,0,0,0,12.0,BANKHAUS METZLER,,,
Bankaool,1,0,0,0,21.0,BANKAOOL,,,
Banistmo,1,0,0,0,18.0,BANISTMO,,,
Banff Lodging Company,1,0,0,0,25.0,BANFF LODGING COMPANY,,,
Banco del Sol,1,0,0,0,14.0,BANCO DEL SOL,,,
Banco de Seguros del Estado,1,0,0,0,12.0,BANCO DE SEGUROS DEL ESTADO,,,
Banco Sofisa S/A,1,0,0,0,8.0,BANCO SOFISA,,,
Banco Rendimento,1,0,0,0,13.0,BANCO RENDIMENTO,,,
Banco Promerica Guatemala,1,0,0,0,8.0,BANCO PROMERICA GUATEMALA,,,
Banco PAN,1,0,0,0,23.0,BANCO PAN,,,
Banco Mercantil,1,0,0,0,8.0,BANCO MERCANTIL,,,
Banco Internacional,1,0,0,0,31.0,BANCO INTERNACIONAL,,,
Avvale,1,0,0,0,36.0,AVVALE,,,
Avra,1,0,0,0,16.0,AVRA,,,
Avito,1,0,0,0,16.0,AVITO,,,
Avila Tek,1,0,0,0,25.0,AVILA TEK,,,
Avenue,1,0,0,0,11.0,AVENUE,,,
Bee Engineering ICT,1,0,0,0,22.0,BEE ENGINEERING ICT,,,
Beach Bum,1,0,0,0,22.0,BEACH BUM,,,
BeSmart Corp,1,0,0,0,25.0,BESMART,,,
BeNEX Akademie GmbH & Co. KG,1,0,0,0,12.0,BENEX AKADEMIE & CO,,,
Be Intelligence,1,0,0,0,12.0,BE INTELLIGENCE,,,
Bayes Esports,1,0,0,0,25.0,BAYES ESPORTS,,,
BayWa r.e. Solar Distribution / ES,1,0,0,0,27.0,BAYWA R.E. SOLAR DISTRIBUTION / ES,,,
Baxter International Inc,1,0,0,0,23.0,BAXTER INTERNATIONAL,,,
Baugesellschaft Hanau GmbH,1,0,0,0,12.0,BAUGESELLSCHAFT HANAU,,,
Bathildisheim e.V,1,0,0,0,12.0,BATHILDISHEIM E.V,,,
Baterias Pioneiro,1,0,0,0,22.0,BATERIAS PIONEIRO,,,
Bernoulli Educação,1,0,0,0,8.0,BERNOULLI EDUCAÇÃO,,,
Berger Bau- und Industriebedarf GmbH,1,0,0,0,12.0,BERGER BAU- UND INDUSTRIEBEDARF,,,
Bending Spoons,1,0,0,0,22.0,BENDING SPOONS,,,
Bemobi,1,0,0,0,12.0,BEMOBI,,,
Belastingdienst,1,0,0,0,11.0,BELASTINGDIENST,,,
BC Mentoria,1,0,0,0,8.0,BC MENTORIA,,,
BBC Carreira & RH,1,0,0,0,15.0,BBC CARREIRA & RH,,,
BARMER,1,0,0,0,22.0,BARMER,,,
BAE Systems,1,0,0,0,11.0,BAE SYSTEMS,,,
BAC Credomatic,1,0,0,0,22.0,BAC CREDOMATIC,,,
B&M Personalvermittlung,1,0,0,0,12.0,B&M PERSONALVERMITTLUNG,,,
Azuris Company,1,0,0,0,27.0,AZURIS COMPANY,,,
Azion,1,0,0,0,22.0,AZION,,,
Axians,1,0,0,0,26.0,AXIANS,,,
Axial Structural Solutions,1,0,0,0,25.0,AXIAL STRUCTURAL,,,
Awalé Resources,1,0,0,0,8.0,AWALÉ RESOURCES,,,
Bluhm Systeme GmbH,1,0,0,0,18.0,BLUHM SYSTEME,,,
"Bluetab América, an IBM Company",1,0,0,0,37.0,"BLUETAB AMÉRICA, AN IBM COMPANY",,,
Bluer Tecnologia,1,0,0,0,12.0,BLUER TECNOLOGIA,,,
BlueCross & BlueShield de Uruguay,1,0,0,0,37.0,BLUECROSS & BLUESHIELD DE URUGUAY,,,
Blackstraw,1,0,0,0,19.0,BLACKSTRAW,,,
Black Cat Services,1,0,0,0,12.0,BLACK CAT,,,
Bits&Cream,1,0,0,0,31.0,BITS&CREAM,,,
Birdman,1,0,0,0,28.0,BIRDMAN,,,
Birdie,1,0,0,0,18.0,BIRDIE,,,
Bind México,1,0,0,0,34.0,BIND MÉXICO,,,
Billie,1,0,0,0,25.0,BILLIE,,,
Bildungsreif,1,0,0,0,8.0,BILDUNGSREIF,,,
"BiDATiA, el poder del dato",1,0,0,0,23.0,"BIDATIA, EL PODER DEL DATO",,,
Bi Smart,1,0,0,0,35.0,BI SMART,,,
Bettermile,1,0,0,0,21.0,BETTERMILE,,,
Better Collective,1,0,0,0,27.0,BETTER COLLECTIVE,,,
Bravia RH I Gestão Estratégica de Pessoas,1,0,0,0,19.0,BRAVIA RH I GESTÃO ESTRATÉGICA DE PESSOAS,,,
Branching Minds,1,0,0,0,33.0,BRANCHING MINDS,,,
Bracell,1,0,0,0,9.0,BRACELL,,,
Bouwhuysch,1,0,0,0,8.0,BOUWHUYSCH,,,
Bosonit,1,0,0,0,27.0,BOSONIT,,,
Bosch Rexroth,1,0,0,0,27.0,BOSCH REXROTH,,,
BookXchange,1,0,0,0,28.0,BOOKXCHANGE,,,
Bondalti,1,0,0,0,25.0,BONDALTI,,,
Bond Global,1,0,0,0,46.0,BOND,,,
Bombril,1,0,0,0,18.0,BOMBRIL,,,
Bombon Boss,1,0,0,0,25.0,BOMBON BOSS,,,
Bold.co,1,0,0,0,25.0,BOLD.CO,,,
Bold Talent Co,1,0,0,0,15.0,BOLD TALENT CO,,,
Bold Smart Ventures,1,0,0,0,12.0,BOLD SMART,,,
Bold Metrics Inc,1,0,0,0,20.0,BOLD METRICS,,,
Boen Groen,1,0,0,0,12.0,BOEN GROEN,,,
CEMA Construções e Tecnologia,1,0,0,0,18.0,CEMA CONSTRUÇÕES E TECNOLOGIA,,,
CEERT Equidade Racial e de Gênero,1,0,0,0,8.0,CEERT EQUIDADE RACIAL E DE GÊNERO,,,
CARNES RIKATAS,1,0,0,0,15.0,CARNES RIKATAS,,,
CARE Vision Augenkliniken,1,0,0,0,12.0,CARE VISION AUGENKLINIKEN,,,
C3 Engenharia & Soluções,1,0,0,0,7.0,C3 ENGENHARIA & SOLUÇÕES,,,
Büsser & Zeidler AG,1,0,0,0,12.0,BÜSSER & ZEIDLER,,,
Bunge,1,0,0,0,12.0,BUNGE,,,
Bundesagentur für Arbeit,1,0,0,0,12.0,BUNDESAGENTUR FÜR ARBEIT,,,
BuildUp,1,0,0,0,12.0,BUILDUP,,,
Brown-Forman,1,0,0,0,13.0,BROWN-FORMAN,,,
Brown & McCrow,1,0,0,0,21.0,BROWN & MCCROW,,,
Brooks Automation,1,0,0,0,39.0,BROOKS AUTOMATION,,,
Bridgenext,1,0,0,0,31.0,BRIDGENEXT,,,
Bridge & Co,1,0,0,0,8.0,BRIDGE & CO,,,
BredenMaster,1,0,0,0,12.0,BREDENMASTER,,,
Bravos Energía,1,0,0,0,23.0,BRAVOS ENERGÍA,,,
CONEXIONHR - Recruiting Company,1,0,0,0,15.0,CONEXIONHR - RECRUITING COMPANY,,,
CONAPROLE,1,0,0,0,22.0,CONAPROLE,,,
COCUS,1,0,0,0,23.0,COCUS,,,
CMO Vendas,1,0,0,0,8.0,CMO VENDAS,,,
CLIMB,1,0,0,0,19.0,CLIMB,,,
CLIDAL,1,0,0,0,8.0,CLIDAL,,,
"CLI - Integração, IA, Tax, Dados",1,0,0,0,21.0,"CLI - INTEGRAÇÃO, IA, TAX, DADOS",,,
CJ Recruitment,1,0,0,0,28.0,CJ RECRUITMENT,,,
CIEE - Centro de Integração Empresa-Escola,1,0,0,0,8.0,CIEE - CENTRO DE INTEGRAÇÃO EMPRESA-ESCOLA,,,
CIB Egypt,1,0,0,0,12.0,CIB EGYPT,,,
CHS América do Sul,1,0,0,0,27.0,CHS AMÉRICA DO SUL,,,
CEVA SAUDE ANIMAL,1,0,0,0,19.0,CEVA SAUDE ANIMAL,,,
CEVA Logistics,1,0,0,0,24.0,CEVA LOGISTICS,,,
CERN,1,0,0,0,7.0,CERN,,,
CENTURY 21 Nações,1,0,0,0,19.0,CENTURY 21 NAÇÕES,,,
CEMPRE Uruguay,1,0,0,0,52.0,CEMPRE URUGUAY,,,
Camino laboral - CV con alma,1,0,0,0,15.0,CAMINO LABORAL - CV CON ALMA,,,
Camil Alimentos S/A,1,0,0,0,18.0,CAMIL ALIMENTOS,,,
Cambridge Family Enterprise Group (CFEG),1,0,0,0,8.0,CAMBRIDGE FAMILY ENTERPRISE (CFEG),,,
Cambium Assessment,1,0,0,0,23.0,CAMBIUM ASSESSMENT,,,
Caja Los Andes,1,0,0,0,12.0,CAJA LOS ANDES,,,
Cactus,1,0,0,0,24.0,CACTUS,,,
CVS Health,1,0,0,0,30.0,CVS HEALTH,,,
CUBE,1,0,0,0,29.0,CUBE,,,
CTS EVENTIM AG & Co. KGaA,1,0,0,0,20.0,CTS EVENTIM & CO. KGAA,,,
CSN - Companhia Siderúrgica Nacional,1,0,0,0,8.0,CSN - COMPANHIA SIDERÚRGICA NACIONAL,,,
CRS Hospital Provincia Cordillera,1,0,0,0,12.0,CRS HOSPITAL PROVINCIA CORDILLERA,,,
CRESCIMENTO4U Mentoria de negócios,1,0,0,0,12.0,CRESCIMENTO4U MENTORIA DE NEGÓCIOS,,,
COSEM IAMPP,1,0,0,0,12.0,COSEM IAMPP,,,
COS Global Services,1,0,0,0,25.0,COS,,,
CORVUS UTV,1,0,0,0,34.0,CORVUS UTV,,,
CONTALENTO Strategy For People,1,0,0,0,30.0,CONTALENTO STRATEGY FOR PEOPLE,,,
Caru Moràlles | Gestão de Pessoas e Carreiras,1,0,0,0,21.0,CARU MORÀLLES | GESTÃO DE PESSOAS E CARREIRAS,,,
Caritasverband für den Landkreis Weilheim-Schongau e.V,1,0,0,0,8.0,CARITASVERBAND FÜR DEN LANDKREIS WEILHEIM-SCHONGAU E.V,,,
Cargoo,1,0,0,0,27.0,CARGOO,,,
CargoSprint,1,0,0,0,24.0,CARGOSPRINT,,,
Cargill,1,0,0,0,8.0,CARGILL,,,
Career Today,1,0,0,0,24.0,CAREER TODAY,,,
Career Rebels,1,0,0,0,12.0,CAREER REBELS,,,
Care&Co Uy,1,0,0,0,12.0,CARE&CO UY,,,
Cardway,1,0,0,0,30.0,CARDWAY,,,
CaptivateIQ,1,0,0,0,23.0,CAPTIVATEIQ,,,
Capriole Coffee Service | B Corp™,1,0,0,0,8.0,CAPRIOLE COFFEE | B ™,,,
Capri Partners,1,0,0,0,19.0,CAPRI PARTNERS,,,
Capital Vision,1,0,0,0,11.0,CAPITAL VISION,,,
Cantinho da Hora Mini Mercado,1,0,0,0,15.0,CANTINHO DA HORA MINI MERCADO,,,
CandyCo LLC,1,0,0,0,24.0,CANDYCO,,,
Canadian Solar Inc,1,0,0,0,12.0,CANADIAN SOLAR,,,
Centience,1,0,0,0,12.0,CENTIENCE,,,
Cella,1,0,0,0,29.0,CELLA,,,
Celetino GmbH,1,0,0,0,12.0,CELETINO,,,
Cegedim Service Center,1,0,0,0,18.0,CEGEDIM CENTER,,,
Cegedim,1,0,0,0,15.0,CEGEDIM,,,
Cecotec,1,0,0,0,17.0,CECOTEC,,,
Caylent,1,0,0,0,27.0,CAYLENT,,,
Cayena,1,0,0,0,33.0,CAYENA,,,
Cavalo Marinho Combustíveis Ltda,1,0,0,0,8.0,CAVALO MARINHO COMBUSTÍVEIS,,,
Catenon,1,0,0,0,14.0,CATENON,,,
Catalyze Group,1,0,0,0,12.0,CATALYZE,,,
Cataguá Capitólio,1,0,0,0,17.0,CATAGUÁ CAPITÓLIO,,,
CashMe,1,0,0,0,12.0,CASHME,,,
Cash Flow Positif,1,0,0,0,8.0,CASH FLOW POSITIF,,,
Casa e Campo produtos agropecuários LTDA,1,0,0,0,8.0,CASA E CAMPO PRODUTOS AGROPECUÁRIOS,,,
Casa dos Ventos Energias Renováveis,1,0,0,0,26.0,CASA DOS VENTOS ENERGIAS RENOVÁVEIS,,,
Cinco tareas,1,0,0,0,13.0,CINCO TAREAS,,,
Churchill Group,1,0,0,0,21.0,CHURCHILL,,,
Cheil Worldwide,1,0,0,0,27.0,CHEIL WORLDWIDE,,,
Checkpoint System EDV GmbH,1,0,0,0,12.0,CHECKPOINT SYSTEM EDV,,,
Checkmob,1,0,0,0,17.0,CHECKMOB,,,
Chassé Theater,1,0,0,0,12.0,CHASSÉ THEATER,,,
Change Recruitment,1,0,0,0,25.0,CHANGE RECRUITMENT,,,
Cesla,1,0,0,0,23.0,CESLA,,,
Certta,1,0,0,0,23.0,CERTTA,,,
Certivity,1,0,0,0,27.0,CERTIVITY,,,
CerradinhoBio,1,0,0,0,17.0,CERRADINHOBIO,,,
Cere Network,1,0,0,0,21.0,CERE NETWORK,,,
Ceramica Santana De Alagoinhas,1,0,0,0,8.0,CERAMICA SANTANA DE ALAGOINHAS,,,
Ceox Services Ltd,1,0,0,0,23.0,CEOX,,,
Centro Universitário FMU | FIAM-FAAM,1,0,0,0,12.0,CENTRO UNIVERSITÁRIO FMU | FIAM-FAAM,,,
Centro Médico Militar rimac,1,0,0,0,15.0,CENTRO MÉDICO MILITAR RIMAC,,,
Clínica Odonto Saúde & Estética Dental Clinic,1,0,0,0,12.0,CLÍNICA ODONTO SAÚDE & ESTÉTICA DENTAL CLINIC,,,
Clínica Imaginare,1,0,0,0,8.0,CLÍNICA IMAGINARE,,,
Clínica Athos,1,0,0,0,12.0,CLÍNICA ATHOS,,,
ClyntonBoss,1,0,0,0,24.0,CLYNTONBOSS,,,
Clubio FST,1,0,0,0,18.0,CLUBIO FST,,,
Clube BoraFazer,1,0,0,0,8.0,CLUBE BORAFAZER,,,
Clikalia,1,0,0,0,24.0,CLIKALIA,,,
Clicksign,1,0,0,0,23.0,CLICKSIGN,,,
Click Nova Pvt Ltd,1,0,0,0,21.0,CLICK NOVA PVT,,,
ClearBlu Environmental,1,0,0,0,24.0,CLEARBLU ENVIRONMENTAL,,,
Clay,1,0,0,0,18.0,CLAY,,,
ClarityLane,1,0,0,0,12.0,CLARITYLANE,,,
Clarios,1,0,0,0,18.0,CLARIOS,,,
Claranet,1,0,0,0,33.0,CLARANET,,,
Clara,1,0,0,0,15.0,CLARA,,,
Cisco,1,0,0,0,12.0,CISCO,,,
Comercial 10x,1,0,0,0,8.0,COMERCIAL 10X,,,
Comax smart E.R.P,1,0,0,0,27.0,COMAX SMART E.R.P,,,
Colégio Apoio,1,0,0,0,8.0,COLÉGIO APOIO,,,
Colsanitas,1,0,0,0,20.0,COLSANITAS,,,
Colegio y Liceo Hans Christian Andersen,1,0,0,0,22.0,COLEGIO Y LICEO HANS CHRISTIAN ANDERSEN,,,
Colegio integral minas,1,0,0,0,12.0,COLEGIO INTEGRAL MINAS,,,
Colegio William,1,0,0,0,19.0,COLEGIO WILLIAM,,,
CoinDCX,1,0,0,0,23.0,COINDCX,,,
Codexi,1,0,0,0,20.0,CODEXI,,,
CodersLink,1,0,0,0,33.0,CODERSLINK,,,
Coders Hire Private Limited,1,0,0,0,34.0,CODERS HIRE PRIVATE,,,
CodeSmash,1,0,0,0,25.0,CODESMASH,,,
CoE | Centro de Excelência Votorantim,1,0,0,0,27.0,COE | CENTRO DE EXCELÊNCIA VOTORANTIM,,,
Clínica particular Niños y adolescentes. Clinica del Niño Harwood Care,1,0,0,0,12.0,CLÍNICA PARTICULAR NIÑOS Y ADOLESCENTES. CLINICA DEL NIÑO HARWOOD CARE,,,
Clínica de Psicoterapia - Ame Rio Verde-GO,1,0,0,0,8.0,CLÍNICA DE PSICOTERAPIA - AME RIO VERDE-GO,,,
Clínica Psicológica,1,0,0,0,12.0,CLÍNICA PSICOLÓGICA,,,
Atruvia AG,1,0,0,0,23.0,ATRUVIA,,,
Atomic Layer Deposition,1,0,0,0,27.0,ATOMIC LAYER DEPOSITION,,,
Atom,1,0,0,0,43.0,ATOM,,,
Atmosera,1,0,0,0,25.0,ATMOSERA,,,
Conflux,1,0,0,0,19.0,CONFLUX,,,
Confidential ( Stealth Mode ),1,0,0,0,27.0,CONFIDENTIAL ( STEALTH MODE ),,,
Confeitaria Moriê,1,0,0,0,8.0,CONFEITARIA MORIÊ,,,
Conexões Psi,1,0,0,0,8.0,CONEXÕES PSI,,,
ConectCar,1,0,0,0,27.0,CONECTCAR,,,
Cona Consultores,1,0,0,0,12.0,CONA CONSULTORES,,,
ComunidadFeliz.com,1,0,0,0,21.0,COMUNIDADFELIZ.COM,,,
Comunidad Delosi,1,0,0,0,12.0,COMUNIDAD DELOSI,,,
CompuGroup Medical SE & Co. KGaA,1,0,0,0,24.0,COMPUGROUP MEDICAL SE & CO. KGAA,,,
Complexity Science Hub Vienna,1,0,0,0,12.0,COMPLEXITY SCIENCE HUB VIENNA,,,
Compass.uol,1,0,0,0,15.0,COMPASS.UOL,,,
Compagas,1,0,0,0,21.0,COMPAGAS,,,
Convene,1,0,0,0,14.0,CONVENE,,,
Consultório de Psicoterapia,1,0,0,0,12.0,CONSULTÓRIO DE PSICOTERAPIA,,,
Consultório Particular,1,0,0,0,8.0,CONSULTÓRIO PARTICULAR,,,
Consultora Citrino,1,0,0,0,19.0,CONSULTORA CITRINO,,,
Consultant / Self-Employed,1,0,0,0,27.0,CONSULTANT / SELF-EMPLOYED,,,
Conquest One,1,0,0,0,16.0,CONQUEST ONE,,,
Aventa Solutions,1,0,0,0,15.0,AVENTA,,,
Avanza,1,0,0,0,18.0,AVANZA,,,
Avant Business Services,1,0,0,0,11.0,AVANT BUSINESS,,,
Autoliv,1,0,0,0,18.0,AUTOLIV,,,
Auten Energy - Energia Compartilhada,1,0,0,0,12.0,AUTEN ENERGY - ENERGIA COMPARTILHADA,,,
Auria,1,0,0,0,27.0,AURIA,,,
Aurean Blue,1,0,0,0,22.0,AUREAN BLUE,,,
Aulas particulares,1,0,0,0,8.0,AULAS PARTICULARES,,,
AudioCodes,1,0,0,0,18.0,AUDIOCODES,,,
Attach Group,1,0,0,0,23.0,ATTACH,,,
Cresol Cooperativa,1,0,0,0,8.0,CRESOL COOPERATIVA,,,
Crescent Global LLC,1,0,0,0,24.0,CRESCENT,,,
CredAluga,1,0,0,0,23.0,CREDALUGA,,,
CreateFuture,1,0,0,0,16.0,CREATEFUTURE,,,
Covetus,1,0,0,0,12.0,COVETUS,,,
Covetrus,1,0,0,0,31.0,COVETRUS,,,
Corporación Minera Dominicana,1,0,0,0,37.0,CORPORACIÓN MINERA DOMINICANA,,,
Corporación AG,1,0,0,0,17.0,CORPORACIÓN,,,
Corpo Forte Fitness Center,1,0,0,0,8.0,CORPO FORTE FITNESS CENTER,,,
CoreMatch UG (haftungsbeschränkt),1,0,0,0,12.0,COREMATCH UG (HAFTUNGSBESCHRÄNKT),,,
Cora,1,0,0,0,26.0,CORA,,,
Copabo Indústria,1,0,0,0,18.0,COPABO INDÚSTRIA,,,
Copa Energia,1,0,0,0,32.0,COPA ENERGIA,,,
Coopeuch,1,0,0,0,21.0,COOPEUCH,,,
Convixion,1,0,0,0,31.0,CONVIXION,,,
Convert,1,0,0,0,18.0,CONVERT,,,
DC Engineers B.V,1,0,0,0,8.0,DC ENGINEERS B.V,,,
DC Beauty Cosmetics,1,0,0,0,8.0,DC BEAUTY COSMETICS,,,
DB1 Group,1,0,0,0,22.0,DB1,,,
DB Systel GmbH,1,0,0,0,19.0,DB SYSTEL,,,
DB Regio Servicios,1,0,0,0,31.0,DB REGIO SERVICIOS,,,
DAMEDIC GmbH,1,0,0,0,23.0,DAMEDIC,,,
DAC Beachcroft,1,0,0,0,19.0,DAC BEACHCROFT,,,
D&R Distribuidora de Bebidas,1,0,0,0,34.0,D&R DISTRIBUIDORA DE BEBIDAS,,,
Círculo CRM,1,0,0,0,12.0,CÍRCULO CRM,,,
Cynergy2,1,0,0,0,20.0,CYNERGY2,,,
Cygnus Professionals Inc,1,0,0,0,14.0,CYGNUS PROFESSIONALS,,,
CyberHULL,1,0,0,0,18.0,CYBERHULL,,,
Cury Construtora,1,0,0,0,12.0,CURY CONSTRUTORA,,,
Curbelo - Cianci & Asociados,1,0,0,0,12.0,CURBELO - CIANCI & ASOCIADOS,,,
Cuesta Partners,1,0,0,0,18.0,CUESTA PARTNERS,,,
Cruzeiro do Sul Educadional S/A,1,0,0,0,26.0,CRUZEIRO DO SUL EDUCADIONAL,,,
Dall Energy,1,0,0,0,31.0,DALL ENERGY,,,
Daki,1,0,0,0,19.0,DAKI,,,
Dadoteca,1,0,0,0,12.0,DADOTECA,,,
Dadosfera,1,0,0,0,11.0,DADOSFERA,,,
DadosPower.com.br,1,0,0,0,47.0,DADOSPOWER.COM.BR,,,
DZ BANK AG,1,0,0,0,22.0,DZ BANK,,,
DSOP Educação Financeira,1,0,0,0,21.0,DSOP EDUCAÇÃO FINANCEIRA,,,
DPT - Departamento de Polícia Técnica,1,0,0,0,11.0,DPT - DEPARTAMENTO DE POLÍCIA TÉCNICA,,,
DPS - Das Prüfunternehmen,1,0,0,0,28.0,DPS - DAS PRÜFUNTERNEHMEN,,,
DP World,1,0,0,0,24.0,DP WORLD,,,
DOT LABS,1,0,0,0,27.0,DOT LABS,,,
DOLCE&GABBANA,1,0,0,0,35.0,DOLCE&GABBANA,,,
DNX Soluções Tecnológicas,1,0,0,0,8.0,DNX SOLUÇÕES TECNOLÓGICAS,,,
DHL Global Forwarding,1,0,0,0,17.0,DHL FORWARDING,,,
DFL Deutsche Fußball Liga,1,0,0,0,21.0,DFL DEUTSCHE FUSSBALL LIGA,,,
DD Infosoft Pvt. Ltd. India,1,0,0,0,23.0,DD INFOSOFT PVT. . INDIA,,,
Dental Media Corp,1,0,0,0,18.0,DENTAL MEDIA,,,
Denholm Associates,1,0,0,0,19.0,DENHOLM ASSOCIATES,,,
Deltacubes,1,0,0,0,12.0,DELTACUBES,,,
Delta Gestão Pública,1,0,0,0,48.0,DELTA GESTÃO PÚBLICA,,,
Delta A Salud,1,0,0,0,15.0,DELTA A SALUD,,,
Delfia S/A,1,0,0,0,12.0,DELFIA,,,
Deftsoft,1,0,0,0,30.0,DEFTSOFT,,,
Deep,1,0,0,0,24.0,DEEP,,,
Deal,1,0,0,0,17.0,DEAL,,,
Daxtrio,1,0,0,0,12.0,DAXTRIO,,,
Datlo,1,0,0,0,12.0,DATLO,,,
Datial,1,0,0,0,28.0,DATIAL,,,
Dasbanq,1,0,0,0,19.0,DASBANQ,,,
Darwin Insurance,1,0,0,0,24.0,DARWIN INSURANCE,,,
Danubius IT Solutions,1,0,0,0,25.0,DANUBIUS IT,,,
Danone,1,0,0,0,24.0,DANONE,,,
Dito CRM,1,0,0,0,21.0,DITO CRM,,,
Direzione Servizi Srl,1,0,0,0,8.0,DIREZIONE SERVIZI SRL,,,
Diretório Acadêmico de Engenharia de Produção - DAEP,1,0,0,0,8.0,DIRETÓRIO ACADÊMICO DE ENGENHARIA DE PRODUÇÃO - DAEP,,,
Dirección de Servicio de Salud Metropolitano Oriente,1,0,0,0,12.0,DIRECCIÓN DE SERVICIO DE SALUD METROPOLITANO ORIENTE,,,
Digitanity,1,0,0,0,15.0,DIGITANITY,,,
Digisystem,1,0,0,0,14.0,DIGISYSTEM,,,
Diamond National Investments,1,0,0,0,32.0,DIAMOND NATIONAL INVESTMENTS,,,
Develative,1,0,0,0,23.0,DEVELATIVE,,,
DevIQ,1,0,0,0,23.0,DEVIQ,,,
Deutsche WertpapierService Bank AG,1,0,0,0,24.0,DEUTSCHE WERTPAPIERSERVICE BANK,,,
Deutsche Angestellten Akademie (DAA),1,0,0,0,8.0,DEUTSCHE ANGESTELLTEN AKADEMIE (DAA),,,
Despegar,1,0,0,0,27.0,DESPEGAR,,,
Descasio,1,0,0,0,31.0,DESCASIO,,,
Descartes Systems Group,1,0,0,0,30.0,DESCARTES SYSTEMS,,,
"Department of Posts, India",1,0,0,0,12.0,"DEPARTMENT OF POSTS, INDIA",,,
Department of Culture and Tourism – Abu Dhabi (DCT Abu Dhabi),1,0,0,0,8.0,DEPARTMENT OF CULTURE AND TOURISM – ABU DHABI (DCT ABU DHABI),,,
Dyson,1,0,0,0,12.0,DYSON,,,
DynamicCare Benefícios,1,0,0,0,50.0,DYNAMICCARE BENEFÍCIOS,,,
Dutch TecSource B.V,1,0,0,0,12.0,DUTCH TECSOURCE B.V,,,
Dunbia Group,1,0,0,0,21.0,DUNBIA,,,
Dualis,1,0,0,0,27.0,DUALIS,,,
Driva,1,0,0,0,18.0,DRIVA,,,
Doutor Finanças,1,0,0,0,12.0,DOUTOR FINANÇAS,,,
"Douro Acima-Transportes Turismo e Restauração, Lda",1,0,0,0,12.0,"DOURO ACIMA-TRANSPORTES TURISMO E RESTAURAÇÃO, LDA",,,
DoubleTree by Hilton,1,0,0,0,16.0,DOUBLETREE BY HILTON,,,
Dorko,1,0,0,0,31.0,DORKO,,,
Donna,1,0,0,0,8.0,DONNA,,,
Doctoralia México,1,0,0,0,12.0,DOCTORALIA MÉXICO,,,
Doctolib GmbH,1,0,0,0,16.0,DOCTOLIB,,,
Docket,1,0,0,0,25.0,DOCKET,,,
Dock,1,0,0,0,23.0,DOCK,,,
Diálogo Logística - Empresa da BBM Logística,1,0,0,0,30.0,DIÁLOGO LOGÍSTICA - EMPRESA DA BBM LOGÍSTICA,,,
ETEGEC,1,0,0,0,12.0,ETEGEC,,,
ESSOR Seguros S.A,1,0,0,0,13.0,ESSOR SEGUROS,,,
EQUYVA,1,0,0,0,19.0,EQUYVA,,,
EQT Group,1,0,0,0,23.0,EQT,,,
EPI-USE DACH,1,0,0,0,38.0,EPI-USE DACH,,,
EP Carreira e Recolocação,1,0,0,0,8.0,EP CARREIRA E RECOLOCAÇÃO,,,
ENABL A/S,1,0,0,0,8.0,ENABL A/S,,,
EMSUR,1,0,0,0,34.0,EMSUR,,,
EMSERH - Empresa Maranhense de Serviços Hospitalares,1,0,0,0,25.0,EMSERH - EMPRESA MARANHENSE DE SERVIÇOS HOSPITALARES,,,
ELOS CAPITAL HUMANO,1,0,0,0,12.0,ELOS CAPITAL HUMANO,,,
ELIS,1,0,0,0,8.0,ELIS,,,
EGPA Design,1,0,0,0,8.0,EGPA DESIGN,,,
EF Global Career,1,0,0,0,11.0,EF CAREER,,,
EDSA,1,0,0,0,15.0,EDSA,,,
EAE Solutions,1,0,0,0,17.0,EAE,,,
E.ON,1,0,0,0,16.0,E.ON,,,
Elegance Pharmaceuticals,1,0,0,0,12.0,ELEGANCE PHARMACEUTICALS,,,
Eldar,1,0,0,0,24.0,ELDAR,,,
El de Fiar,1,0,0,0,25.0,EL DE FIAR,,,
El Puerto de Liverpool,1,0,0,0,25.0,EL PUERTO DE LIVERPOOL,,,
El Barranquitruck,1,0,0,0,22.0,EL BARRANQUITRUCK,,,
Ejercicio Independiente de la profesión,1,0,0,0,12.0,EJERCICIO INDEPENDIENTE DE LA PROFESIÓN,,,
Eixo Recursos Humanos,1,0,0,0,21.0,EIXO RECURSOS HUMANOS,,,
Efí Bank,1,0,0,0,20.0,EFÍ BANK,,,
Edmunds,1,0,0,0,18.0,EDMUNDS,,,
Eden,1,0,0,0,19.0,EDEN,,,
Econosoft Inc,1,0,0,0,18.0,ECONOSOFT,,,
EcoVidaPlast,1,0,0,0,15.0,ECOVIDAPLAST,,,
Eaze,1,0,0,0,21.0,EAZE,,,
Easy Carros,1,0,0,0,50.0,EASY CARROS,,,
EUROCONTROL,1,0,0,0,19.0,EUROCONTROL,,,
ETEK,1,0,0,0,18.0,ETEK,,,
Engemon Operation Services,1,0,0,0,21.0,ENGEMON OPERATION,,,
Engemon IT,1,0,0,0,17.0,ENGEMON IT,,,
Engemon Engenharia & Construção,1,0,0,0,19.0,ENGEMON ENGENHARIA & CONSTRUÇÃO,,,
Enerquin,1,0,0,0,18.0,ENERQUIN,,,
Endress+Hauser Gruppe,1,0,0,0,23.0,ENDRESS+HAUSER GRUPPE,,,
Endeavor Labs,1,0,0,0,27.0,ENDEAVOR LABS,,,
Encuadrado,1,0,0,0,23.0,ENCUADRADO,,,
Empresas Melón,1,0,0,0,21.0,EMPRESAS MELÓN,,,
Empresa Confidencial,1,0,0,0,15.0,EMPRESA CONFIDENCIAL,,,
Emixa,1,0,0,0,20.0,EMIXA,,,
Emers Vietnam,1,0,0,0,27.0,EMERS VIETNAM,,,
Emapta Global,1,0,0,0,27.0,EMAPTA,,,
Em Transição de Carreira - In Career Transition,1,0,0,0,8.0,EM TRANSIÇÃO DE CARREIRA - IN CAREER TRANSITION,,,
Ello Pessoas e Negócios,1,0,0,0,12.0,ELLO PESSOAS E NEGÓCIOS,,,
Elevation,1,0,0,0,15.0,ELEVATION,,,
Elements,1,0,0,0,30.0,ELEMENTS,,,
EssilorLuxottica,1,0,0,0,20.0,ESSILORLUXOTTICA,,,
Essential BPO,1,0,0,0,8.0,ESSENTIAL BPO,,,
Essent,1,0,0,0,23.0,ESSENT,,,
Escola do Futuro Do Estado De Goias,1,0,0,0,12.0,ESCOLA DO FUTURO DO ESTADO DE GOIAS,,,
Escola Conquer,1,0,0,0,12.0,ESCOLA CONQUER,,,
Escavador,1,0,0,0,24.0,ESCAVADOR,,,
Erzbistum Köln,1,0,0,0,8.0,ERZBISTUM KÖLN,,,
Ernährungsforum Aschaffenburg,1,0,0,0,8.0,ERNÄHRUNGSFORUM ASCHAFFENBURG,,,
EquiTalent,1,0,0,0,16.0,EQUITALENT,,,
Eqib | The Human Factor,1,0,0,0,15.0,EQIB | THE HUMAN FACTOR,,,
EpsiHome,1,0,0,0,24.0,EPSIHOME,,,
"Entropy - Develop People, Elevate Teams",1,0,0,0,27.0,"ENTROPY - DEVELOP PEOPLE, ELEVATE TEAMS",,,
Enterprise Peak,1,0,0,0,20.0,ENTERPRISE PEAK,,,
Enroute,1,0,0,0,18.0,ENROUTE,,,
Enpal,1,0,0,0,12.0,ENPAL,,,
Engenova Construções,1,0,0,0,8.0,ENGENOVA CONSTRUÇÕES,,,
Asset Locale,1,0,0,0,20.0,ASSET LOCALE,,,
"Aseguradora General, S.A",1,0,0,0,8.0,ASEGURADORA GENERAL,,,
Ascentt,1,0,0,0,25.0,ASCENTT,,,
Asana,1,0,0,0,22.0,ASANA,,,
Arvo,1,0,0,0,12.0,ARVO,,,
Arvenda LLC,1,0,0,0,20.0,ARVENDA,,,
Exactpi Recruitment & More,1,0,0,0,22.0,EXACTPI RECRUITMENT & MORE,,,
Eviden,1,0,0,0,23.0,EVIDEN,,,
Evers GmbH,1,0,0,0,8.0,EVERS,,,
Evercam,1,0,0,0,18.0,EVERCAM,,,
Evaria XXI S.L,1,0,0,0,34.0,EVARIA XXI S.L,,,
European Society of Radiology,1,0,0,0,32.0,EUROPEAN SOCIETY OF RADIOLOGY,,,
European Investment Bank (EIB),1,0,0,0,16.0,EUROPEAN INVESTMENT BANK (EIB),,,
Eureka - Consultores,1,0,0,0,12.0,EUREKA - CONSULTORES,,,
Etengo,1,0,0,0,22.0,ETENGO,,,
Estratég.IA Financeira e Analítica,1,0,0,0,19.0,ESTRATÉG.IA FINANCEIRA E ANALÍTICA,,,
FAPESB,1,0,0,0,8.0,FAPESB,,,
FAMAR,1,0,0,0,34.0,FAMAR,,,
Explortal Logistics,1,0,0,0,10.0,EXPLORTAL LOGISTICS,,,
Explora,1,0,0,0,15.0,EXPLORA,,,
ExitLag,1,0,0,0,27.0,EXITLAG,,,
Exadel,1,0,0,0,33.0,EXADEL,,,
Atlântico,1,0,0,0,33.0,ATLÂNTICO,,,
Atlas NextWave,1,0,0,0,25.0,ATLAS NEXTWAVE,,,
Atlas Governance,1,0,0,0,23.0,ATLAS GOVERNANCE,,,
Astrana Health,1,0,0,0,33.0,ASTRANA HEALTH,,,
Astra Financial Indonesia,1,0,0,0,30.0,ASTRA FINANCIAL INDONESIA,,,
Astellas Pharma,1,0,0,0,12.0,ASTELLAS PHARMA,,,
Assurant,1,0,0,0,12.0,ASSURANT,,,
Associação Comercial do Paraná,1,0,0,0,24.0,ASSOCIAÇÃO COMERCIAL DO PARANÁ,,,
Associacao Junior Achievement Do Rio Grande Do Sul,1,0,0,0,13.0,ASSOCIACAO JUNIOR ACHIEVEMENT DO RIO GRANDE DO SUL,,,
Asset Management,1,0,0,0,23.0,ASSET MANAGEMENT,,,
Farmacie Lombardi Group,1,0,0,0,8.0,FARMACIE LOMBARDI,,,
Farmacias Ahumada,1,0,0,0,18.0,FARMACIAS AHUMADA,,,
Familia en Equilibrio,1,0,0,0,15.0,FAMILIA EN EQUILIBRIO,,,
Familhão,1,0,0,0,25.0,FAMILHÃO,,,
Falabella Financiero,1,0,0,0,12.0,FALABELLA FINANCIERO,,,
Faculdade de Tecnologia de Americana,1,0,0,0,12.0,FACULDADE DE TECNOLOGIA DE AMERICANA,,,
Faculdade UNIGUAÇU,1,0,0,0,15.0,FACULDADE UNIGUAÇU,,,
Faculdade Cesusc,1,0,0,0,12.0,FACULDADE CESUSC,,,
FYGI,1,0,0,0,8.0,FYGI,,,
FUNDACENTRO - Fundação Jorge Duprat Figueiredo de Segurança e Medicina do Trabalho,1,0,0,0,8.0,FUNDACENTRO - FUNDAÇÃO JORGE DUPRAT FIGUEIREDO DE SEGURANÇA E MEDICINA DO TRABALHO,,,
FS Partners,1,0,0,0,15.0,FS PARTNERS,,,
FPC TISSUE S.P.A,1,0,0,0,12.0,FPC TISSUE S.P.A,,,
FONPLATA,1,0,0,0,19.0,FONPLATA,,,
FLEXECHARGE,1,0,0,0,18.0,FLEXECHARGE,,,
FITZ,1,0,0,0,18.0,FITZ,,,
FIEMG,1,0,0,0,12.0,FIEMG,,,
Finch | Simplificando o mundo jurídico,1,0,0,0,31.0,FINCH | SIMPLIFICANDO O MUNDO JURÍDICO,,,
Finalyse,1,0,0,0,8.0,FINALYSE,,,
Fibrafort Boats,1,0,0,0,18.0,FIBRAFORT BOATS,,,
Fibra,1,0,0,0,19.0,FIBRA,,,
FiberHome,1,0,0,0,18.0,FIBERHOME,,,
Fetcherr,1,0,0,0,12.0,FETCHERR,,,
Ferring Pharmaceuticals,1,0,0,0,33.0,FERRING PHARMACEUTICALS,,,
Federal Seguridad,1,0,0,0,12.0,FEDERAL SEGURIDAD,,,
FedEx,1,0,0,0,27.0,FEDEX,,,
Fatto Umano RH,1,0,0,0,12.0,FATTO UMANO RH,,,
Fathom.io,1,0,0,0,33.0,FATHOM.IO,,,
Fatec São Bernardo do Campo Adib Moises Dib,1,0,0,0,12.0,FATEC SÃO BERNARDO DO CAMPO ADIB MOISES DIB,,,
Fast Shop S/A,1,0,0,0,15.0,FAST SHOP,,,
Fast Dolphin,1,0,0,0,11.0,FAST DOLPHIN,,,
Farod Estatísticas,1,0,0,0,24.0,FAROD ESTATÍSTICAS,,,
Farmacorp,1,0,0,0,12.0,FARMACORP,,,
Fondazione Policlinico Universitario Agostino Gemelli IRCCS,1,0,0,0,11.0,FONDAZIONE POLICLINICO UNIVERSITARIO AGOSTINO GEMELLI IRCCS,,,
Foco Aluguel de Carros,1,0,0,0,24.0,FOCO ALUGUEL DE CARROS,,,
Flywheel,1,0,0,0,22.0,FLYWHEEL,,,
Flow,1,0,0,0,12.0,FLOW,,,
Flattrade,1,0,0,0,26.0,FLATTRADE,,,
Flash,1,0,0,0,20.0,FLASH,,,
Fizix,1,0,0,0,21.0,FIZIX,,,
Fixed,1,0,0,0,30.0,FIXED,,,
Fiverr and Upwork Freelancers (Buyers and Sellers),1,0,0,0,26.0,FIVERR AND UPWORK FREELANCERS (BUYERS AND SELLERS),,,
Fiserv,1,0,0,0,40.0,FISERV,,,
First Point Group,1,0,0,0,21.0,FIRST POINT,,,
First Decision,1,0,0,0,12.0,FIRST DECISION,,,
Fiquem Sabendo,1,0,0,0,23.0,FIQUEM SABENDO,,,
Finik,1,0,0,0,19.0,FINIK,,,
Finep - Financiadora de Estudos e Projetos,1,0,0,0,8.0,FINEP - FINANCIADORA DE ESTUDOS E PROJETOS,,,
Findtec,1,0,0,0,18.0,FINDTEC,,,
Fundación Génesis Empresarial,1,0,0,0,8.0,FUNDACIÓN GÉNESIS EMPRESARIAL,,,
Full Stack Club,1,0,0,0,19.0,FULL STACK CLUB,,,
FrontlineIQ,1,0,0,0,29.0,FRONTLINEIQ,,,
Friisberg & Partners International,1,0,0,0,35.0,FRIISBERG & PARTNERS INTERNATIONAL,,,
Friedman,1,0,0,0,22.0,FRIEDMAN,,,
Frete.com,1,0,0,0,18.0,FRETE.COM,,,
Fresh Basket,1,0,0,0,20.0,FRESH BASKET,,,
Freiberuflich,1,0,0,0,19.0,FREIBERUFLICH,,,
Freelancer,1,0,0,0,12.0,FREELANCER,,,
"Freelance, self-employed",1,0,0,0,15.0,"FREELANCE, SELF-EMPLOYED",,,
Fraunhofer IPK,1,0,0,0,12.0,FRAUNHOFER IPK,,,
Fraunhofer Heinrich Hertz Institute HHI,1,0,0,0,12.0,FRAUNHOFER HEINRICH HERTZ INSTITUTE HHI,,,
Francal,1,0,0,0,20.0,FRANCAL,,,
Foxsoft Ltd,1,0,0,0,15.0,FOXSOFT,,,
Fortive,1,0,0,0,21.0,FORTIVE,,,
ForbesBLK,1,0,0,0,8.0,FORBESBLK,,,
GROWMAX GROUP,1,0,0,0,27.0,GROWMAX,,,
GRNBK Talent,1,0,0,0,21.0,GRNBK TALENT,,,
GOL Linhas Aéreas,1,0,0,0,11.0,GOL LINHAS AÉREAS,,,
GO2 Markets,1,0,0,0,24.0,GO2 MARKETS,,,
GNA - Gás Natural Açu,1,0,0,0,12.0,GNA - GÁS NATURAL AÇU,,,
GEOM SpA,1,0,0,0,12.0,GEOM,,,
GEMMACON,1,0,0,0,12.0,GEMMACON,,,
GEIA,1,0,0,0,12.0,GEIA,,,
GE HealthCare,1,0,0,0,21.0,GE HEALTHCARE,,,
GCB Investimentos,1,0,0,0,19.0,GCB INVESTIMENTOS,,,
GASCADE Gastransport GmbH,1,0,0,0,11.0,GASCADE GASTRANSPORT,,,
FábricaDS Soluções em Tecnologia,1,0,0,0,31.0,FÁBRICADS SOLUÇÕES EM TECNOLOGIA,,,
Future Law,1,0,0,0,12.0,FUTURE LAW,,,
Fundação para Inovações Tecnológicas - FITec,1,0,0,0,33.0,FUNDAÇÃO PARA INOVAÇÕES TECNOLÓGICAS - FITEC,,,
Fundação Paulista de Tecnologia e Educação,1,0,0,0,12.0,FUNDAÇÃO PAULISTA DE TECNOLOGIA E EDUCAÇÃO,,,
Fundação Estudar,1,0,0,0,12.0,FUNDAÇÃO ESTUDAR,,,
Gedanken - GCertifica,1,0,0,0,25.0,GEDANKEN - GCERTIFICA,,,
Gebomsa,1,0,0,0,15.0,GEBOMSA,,,
Gazin,1,0,0,0,18.0,GAZIN,,,
Gasoducto GasAndes S.A,1,0,0,0,21.0,GASODUCTO GASANDES,,,
Garden leave,1,0,0,0,12.0,GARDEN LEAVE,,,
Gallup,1,0,0,0,12.0,GALLUP,,,
"GalChimia, S.A",1,0,0,0,34.0,GALCHIMIA,,,
Gabriel,1,0,0,0,23.0,GABRIEL,,,
GVC Soluções em Cobrança,1,0,0,0,32.0,GVC SOLUÇÕES EM COBRANÇA,,,
GSW Soluções Integradas,1,0,0,0,22.0,GSW SOLUÇÕES INTEGRADAS,,,
GSM - Green SM,1,0,0,0,34.0,GSM - GREEN SM,,,
GSD Associates,1,0,0,0,26.0,GSD ASSOCIATES,,,
GRUPO UNICA SEGURANÇA PATRIMONIAL,1,0,0,0,18.0,GRUPO UNICA SEGURANÇA PATRIMONIAL,,,
GRUPO SARRALLE,1,0,0,0,17.0,GRUPO SARRALLE,,,
GRUPO EDUCACIONAL DRUMMOND,1,0,0,0,15.0,GRUPO EDUCACIONAL DRUMMOND,,,
GRUPO AUNAR S.A.S,1,0,0,0,22.0,GRUPO AUNAR,,,
Glance Home Services,1,0,0,0,12.0,GLANCE HOME,,,
Gijos,1,0,0,0,23.0,GIJOS,,,
Giggso,1,0,0,0,32.0,GIGGSO,,,
Getrak,1,0,0,0,27.0,GETRAK,,,
Getecsa,1,0,0,0,18.0,GETECSA,,,
Gestión Global,1,0,0,0,12.0,GESTIÓN,,,
Gesthion Organizacional,1,0,0,0,19.0,GESTHION ORGANIZACIONAL,,,
Gesta Soluciones en Recursos Humanos,1,0,0,0,21.0,GESTA SOLUCIONES EN RECURSOS HUMANOS,,,
Geovanna Mendes,1,0,0,0,8.0,GEOVANNA MENDES,,,
George Bernard,1,0,0,0,15.0,GEORGE BERNARD,,,
Generali,1,0,0,0,20.0,GENERALI,,,
General Motors South America,1,0,0,0,8.0,GENERAL MOTORS SOUTH AMERICA,,,
Genei,1,0,0,0,25.0,GENEI,,,
Gemeente Voorne aan Zee,1,0,0,0,12.0,GEMEENTE VOORNE AAN ZEE,,,
Gelatina,1,0,0,0,51.0,GELATINA,,,
Geeky Bugs,1,0,0,0,31.0,GEEKY BUGS,,,
Grafeno,1,0,0,0,11.0,GRAFENO,,,
Graco,1,0,0,0,31.0,GRACO,,,
GovValue LLC,1,0,0,0,25.0,GOVVALUE,,,
Golin Ketchum,1,0,0,0,18.0,GOLIN KETCHUM,,,
Goldstück Personaldienstleistungen,1,0,0,0,12.0,GOLDSTÜCK PERSONALDIENSTLEISTUNGEN,,,
Goldfish Group,1,0,0,0,23.0,GOLDFISH,,,
Goldenergy,1,0,0,0,31.0,GOLDENERGY,,,
Golden Agri-Resources (GAR),1,0,0,0,30.0,GOLDEN AGRI-RESOURCES (GAR),,,
Gobrax,1,0,0,0,8.0,GOBRAX,,,
Gobierno Autónomo Municipal de Quillacollo,1,0,0,0,15.0,GOBIERNO AUTÓNOMO MUNICIPAL DE QUILLACOLLO,,,
Go Up Job,1,0,0,0,12.0,GO UP JOB,,,
Go Bigger,1,0,0,0,12.0,GO BIGGER,,,
Globaw Career,1,0,0,0,15.0,GLOBAW CAREER,,,
Global Titanio SPA,1,0,0,0,23.0,TITANIO,,,
Global Automotive,1,0,0,0,11.0,AUTOMOTIVE,,,
Glic Solutions,1,0,0,0,23.0,GLIC,,,
Grupo BOIS | Blank space| Freelan| 9db| Nuvalia,1,0,0,0,30.0,GRUPO BOIS | BLANK SPACE| FREELAN| 9DB| NUVALIA,,,
Grupo Aposta Ganha,1,0,0,0,19.0,GRUPO APOSTA GANHA,,,
Grupo Alto Potencial,1,0,0,0,25.0,GRUPO ALTO POTENCIAL,,,
Grupo AG Capital,1,0,0,0,12.0,GRUPO CAPITAL,,,
Grupo AG,1,0,0,0,17.0,GRUPO,,,
Growth Machine,1,0,0,0,8.0,GROWTH MACHINE,,,
Growth Hackerz,1,0,0,0,27.0,GROWTH HACKERZ,,,
Growe,1,0,0,0,21.0,GROWE,,,
Growdev,1,0,0,0,32.0,GROWDEV,,,
Grow Global,1,0,0,0,30.0,GROW,,,
Grooo International,1,0,0,0,27.0,GROOO INTERNATIONAL,,,
Greentube GmbH,1,0,0,0,31.0,GREENTUBE,,,
Green River,1,0,0,0,27.0,GREEN RIVER,,,
Greatleads,1,0,0,0,8.0,GREATLEADS,,,
Graphic Packaging International,1,0,0,0,29.0,GRAPHIC PACKAGING INTERNATIONAL,,,
Gran Services S.A,1,0,0,0,18.0,GRAN,,,
Grupo JCA,1,0,0,0,18.0,GRUPO JCA,,,
Grupo Incalexa,1,0,0,0,15.0,GRUPO INCALEXA,,,
Grupo IMESE,1,0,0,0,35.0,GRUPO IMESE,,,
Grupo Hub,1,0,0,0,28.0,GRUPO HUB,,,
Grupo H2,1,0,0,0,27.0,GRUPO H2,,,
Grupo Garnier,1,0,0,0,24.0,GRUPO GARNIER,,,
Grupo Energisa,1,0,0,0,12.0,GRUPO ENERGISA,,,
Grupo ENESA - Página Oficial,1,0,0,0,18.0,GRUPO ENESA - PÁGINA OFICIAL,,,
Grupo Dipromedic,1,0,0,0,8.0,GRUPO DIPROMEDIC,,,
Grupo Condumax | Incesa,1,0,0,0,23.0,GRUPO CONDUMAX | INCESA,,,
Grupo Bringel Oficial,1,0,0,0,12.0,GRUPO BRINGEL OFICIAL,,,
Grupo Bonella,1,0,0,0,9.0,GRUPO BONELLA,,,
Grupo Bolt,1,0,0,0,21.0,GRUPO BOLT,,,
Grupo Blanco,1,0,0,0,12.0,GRUPO BLANCO,,,
Grupo Bio Holding,1,0,0,0,15.0,GRUPO BIO,,,
Grupo Barigui,1,0,0,0,12.0,GRUPO BARIGUI,,,
Archive,1,0,0,0,23.0,ARCHIVE,,,
Archer Daniels Midland Company,1,0,0,0,8.0,ARCHER DANIELS MIDLAND COMPANY,,,
Arcadis,1,0,0,0,18.0,ARCADIS,,,
Arcadea Group,1,0,0,0,18.0,ARCADEA,,,
ArcTouch,1,0,0,0,21.0,ARCTOUCH,,,
Aptita,1,0,0,0,28.0,APTITA,,,
Grupo Plata,1,0,0,0,15.0,GRUPO PLATA,,,
Grupo Planning,1,0,0,0,12.0,GRUPO PLANNING,,,
Grupo Petrópolis,1,0,0,0,24.0,GRUPO PETRÓPOLIS,,,
Grupo Orbenk,1,0,0,0,12.0,GRUPO ORBENK,,,
Grupo Oesía,1,0,0,0,24.0,GRUPO OESÍA,,,
Grupo Mup,1,0,0,0,31.0,GRUPO MUP,,,
Grupo Multilaser,1,0,0,0,16.0,GRUPO MULTILASER,,,
Grupo Menvor,1,0,0,0,8.0,GRUPO MENVOR,,,
Grupo Líder,1,0,0,0,16.0,GRUPO LÍDER,,,
Grupo Leveros,1,0,0,0,21.0,GRUPO LEVEROS,,,
Grupo Símios,1,0,0,0,8.0,GRUPO SÍMIOS,,,
Grupo Suno,1,0,0,0,15.0,GRUPO SUNO,,,
Grupo Shogua,1,0,0,0,32.0,GRUPO SHOGUA,,,
Grupo Ser Educacional,1,0,0,0,12.0,GRUPO SER EDUCACIONAL,,,
Grupo SDH,1,0,0,0,18.0,GRUPO SDH,,,
Grupo QuintoAndar,1,0,0,0,11.0,GRUPO QUINTOANDAR,,,
Arvato,1,0,0,0,18.0,ARVATO,,,
Arrows,1,0,0,0,25.0,ARROWS,,,
Arrow Electronics,1,0,0,0,8.0,ARROW ELECTRONICS,,,
Arquitetos da Saúde,1,0,0,0,29.0,ARQUITETOS DA SAÚDE,,,
Arochi & Lindner,1,0,0,0,27.0,AROCHI & LINDNER,,,
Armenian Code Academy,1,0,0,0,8.0,ARMENIAN CODE ACADEMY,,,
ArkValue,1,0,0,0,12.0,ARKVALUE,,,
Arise Youth Support,1,0,0,0,8.0,ARISE YOUTH SUPPORT,,,
Arik Tekh LLC,1,0,0,0,22.0,ARIK TEKH,,,
Arena,1,0,0,0,19.0,ARENA,,,
HR Business Partners Perú,1,0,0,0,22.0,HR BUSINESS PARTNERS PERÚ,,,
HONOR,1,0,0,0,22.0,HONOR,,,
HIF Global,1,0,0,0,12.0,HIF,,,
HEMES,1,0,0,0,22.0,HEMES,,,
HEART ME & FOLLOW,1,0,0,0,23.0,HEART ME & FOLLOW,,,
HEALTH2U-MX | VIBE BSA AESTHETICS,1,0,0,0,19.0,HEALTH2U-MX | VIBE BSA AESTHETICS,,,
HAPEKO Österreich GmbH,1,0,0,0,14.0,HAPEKO ÖSTERREICH,,,
H+H The Match,1,0,0,0,12.0,H+H THE MATCH,,,
Gummy Original,1,0,0,0,8.0,GUMMY ORIGINAL,,,
Guidance Soluções,1,0,0,0,22.0,GUIDANCE SOLUÇÕES,,,
Gruppo GETRA,1,0,0,0,17.0,GRUPPO GETRA,,,
Grupo Trhoca,1,0,0,0,18.0,GRUPO TRHOCA,,,
Grupo Tombini,1,0,0,0,12.0,GRUPO TOMBINI,,,
Grupo Think,1,0,0,0,25.0,GRUPO THINK,,,
Grupo Terra Firme,1,0,0,0,45.0,GRUPO TERRA FIRME,,,
Grupo Tawa,1,0,0,0,22.0,GRUPO TAWA,,,
Hashtag Para Empresas,1,0,0,0,12.0,HASHTAG PARA EMPRESAS,,,
Harness,1,0,0,0,25.0,HARNESS,,,
Hardwork Medicina,1,0,0,0,12.0,HARDWORK MEDICINA,,,
Haptiq,1,0,0,0,23.0,HAPTIQ,,,
Happy Seal,1,0,0,0,18.0,HAPPY SEAL,,,
Happiness,1,0,0,0,8.0,HAPPINESS,,,
Hamilton George Care,1,0,0,0,12.0,HAMILTON GEORGE CARE,,,
Halton Borough Council,1,0,0,0,8.0,HALTON BOROUGH COUNCIL,,,
HY People Solutions,1,0,0,0,15.0,HY PEOPLE,,,
HVAR,1,0,0,0,21.0,HVAR,,,
HUMANA 11®,1,0,0,0,18.0,HUMANA 11®,,,
HTD Health,1,0,0,0,21.0,HTD HEALTH,,,
HSystem,1,0,0,0,28.0,HSYSTEM,,,
HR® Employment Bureau,1,0,0,0,25.0,HR® EMPLOYMENT BUREAU,,,
HRin,1,0,0,0,18.0,HRIN,,,
HR-Werkstatt GmbH,1,0,0,0,12.0,HR-WERKSTATT,,,
Hi-Lex Mexicana,1,0,0,0,56.0,HI-LEX MEXICANA,,,
Hexagon Mining,1,0,0,0,21.0,HEXAGON MINING,,,
Hexagon Geosystems,1,0,0,0,18.0,HEXAGON GEOSYSTEMS,,,
HexClad Cookware,1,0,0,0,12.0,HEXCLAD COOKWARE,,,
Hero,1,0,0,0,18.0,HERO,,,
Helplearte,1,0,0,0,19.0,HELPLEARTE,,,
HelpMed Saúde,1,0,0,0,15.0,HELPMED SAÚDE,,,
Helios Kliniken GmbH,1,0,0,0,20.0,HELIOS KLINIKEN,,,
Helios HR Talent,1,0,0,0,15.0,HELIOS HR TALENT,,,
Heidrick & Struggles,1,0,0,0,23.0,HEIDRICK & STRUGGLES,,,
Healthcare Personalmanagement GmbH,1,0,0,0,25.0,HEALTHCARE PERSONALMANAGEMENT,,,
Health3A,1,0,0,0,15.0,HEALTH3A,,,
Havelar,1,0,0,0,35.0,HAVELAR,,,
Havas Play 🇫🇷,1,0,0,0,8.0,HAVAS PLAY 🇫🇷,,,
Hattrick IT,1,0,0,0,23.0,HATTRICK IT,,,
Hasten Group,1,0,0,0,21.0,HASTEN,,,
Holding Incosec,1,0,0,0,12.0,INCOSEC,,,
Holder Partners LLC,1,0,0,0,25.0,HOLDER PARTNERS,,,
HitOcean,1,0,0,0,21.0,HITOCEAN,,,
Hit Ocean,1,0,0,0,27.0,HIT OCEAN,,,
Hirsch Personalberatung,1,0,0,0,21.0,HIRSCH PERSONALBERATUNG,,,
Hirevue,1,0,0,0,23.0,HIREVUE,,,
Hirelytics Inc,1,0,0,0,21.0,HIRELYTICS,,,
Hireline.io,1,0,0,0,22.0,HIRELINE.IO,,,
"Hired by Matrix, Inc",1,0,0,0,21.0,HIRED BY MATRIX,,,
Hired Remoteli,1,0,0,0,26.0,HIRED REMOTELI,,,
Hire International,1,0,0,0,25.0,HIRE INTERNATIONAL,,,
Hindustan Aeronautics Limited,1,0,0,0,7.0,HINDUSTAN AERONAUTICS,,,
Hiker Ventures,1,0,0,0,12.0,HIKER,,,
Hibernian Recruitment GmbH,1,0,0,0,41.0,HIBERNIAN RECRUITMENT,,,
HiPo Executive GmbH | Ärztevermittlung,1,0,0,0,21.0,HIPO EXECUTIVE | ÄRZTEVERMITTLUNG,,,
HiBob,1,0,0,0,24.0,HIBOB,,,
IAM meet,1,0,0,0,12.0,IAM MEET,,,
Hutchinson,1,0,0,0,34.0,HUTCHINSON,,,
Humanitas DMH - dienstverlening aan mensen met een hulpvraag,1,0,0,0,12.0,HUMANITAS DMH - DIENSTVERLENING AAN MENSEN MET EEN HULPVRAAG,,,
HumanaLab,1,0,0,0,12.0,HUMANALAB,,,
Humana Mente - Salud Mental y Desarrollo Organizacional,1,0,0,0,32.0,HUMANA MENTE - SALUD MENTAL Y DESARROLLO ORGANIZACIONAL,,,
Human Phi,1,0,0,0,21.0,HUMAN PHI,,,
Hubees,1,0,0,0,37.0,HUBEES,,,
HubSync,1,0,0,0,17.0,HUBSYNC,,,
Hub Infinity,1,0,0,0,24.0,HUB INFINITY,,,
Howdy.com,1,0,0,0,25.0,HOWDY.COM,,,
How to Change the World,1,0,0,0,15.0,HOW TO CHANGE THE WORLD,,,
House of Scale GmbH,1,0,0,0,8.0,HOUSE OF SCALE,,,
Houlak,1,0,0,0,34.0,HOULAK,,,
Hospital das Clínicas da Faculdade de Medicina da USP,1,0,0,0,22.0,HOSPITAL DAS CLÍNICAS DA FACULDADE DE MEDICINA DA USP,,,
HomeBuddy,1,0,0,0,23.0,HOMEBUDDY,,,
Home2 Suites by Hilton,1,0,0,0,8.0,HOME2 SUITES BY HILTON,,,
INSYS icom,1,0,0,0,19.0,INSYS ICOM,,,
INSTITUTO RAMA,1,0,0,0,12.0,INSTITUTO RAMA,,,
ING Italia,1,0,0,0,54.0,ING ITALIA,,,
IMS People Possible,1,0,0,0,19.0,IMS PEOPLE POSSIBLE,,,
IMPS The Smurfs,1,0,0,0,25.0,IMPS THE SMURFS,,,
ILERWORK,1,0,0,0,15.0,ILERWORK,,,
IKONS Iberica,1,0,0,0,21.0,IKONS IBERICA,,,
IKO International,1,0,0,0,21.0,IKO INTERNATIONAL,,,
IKEA,1,0,0,0,21.0,IKEA,,,
IFSP - Campus Salto,1,0,0,0,8.0,IFSP - CAMPUS SALTO,,,
IEEE,1,0,0,0,14.0,IEEE,,,
ID\TBWA,1,0,0,0,18.0,ID\TBWA,,,
ID.me,1,0,0,0,22.0,ID.ME,,,
ICTS,1,0,0,0,20.0,ICTS,,,
ICT Group,1,0,0,0,22.0,ICT,,,
IBRA+ Carreira e Recolocação Assertiva,1,0,0,0,8.0,IBRA+ CARREIRA E RECOLOCAÇÃO ASSERTIVA,,,
Impel Talent,1,0,0,0,18.0,IMPEL TALENT,,,
Impala Search,1,0,0,0,19.0,IMPALA SEARCH,,,
Impact School,1,0,0,0,11.0,IMPACT SCHOOL,,,
Immobilien Robert Ellinghoven,1,0,0,0,8.0,IMMOBILIEN ROBERT ELLINGHOVEN,,,
Images Group,1,0,0,0,12.0,IMAGES,,,
Ikatec,1,0,0,0,24.0,IKATEC,,,
Ideasense,1,0,0,0,22.0,IDEASENSE,,,
Ici - Instituto das Cidades Inteligentes,1,0,0,0,8.0,ICI - INSTITUTO DAS CIDADES INTELIGENTES,,,
IZZON Lab,1,0,0,0,8.0,IZZON LAB,,,
IU Group,1,0,0,0,19.0,IU,,,
ITF CHEMICAL LTDA,1,0,0,0,8.0,ITF CHEMICAL,,,
IRMEN,1,0,0,0,18.0,IRMEN,,,
IRMARFER STRUCTURES,1,0,0,0,35.0,IRMARFER STRUCTURES,,,
IQVIA,1,0,0,0,18.0,IQVIA,,,
IP Soluções em RH,1,0,0,0,19.0,IP SOLUÇÕES EM RH,,,
IORGA Group,1,0,0,0,15.0,IORGA,,,
InnovArise by Grupo AG,1,0,0,0,8.0,INNOVARISE BY GRUPO,,,
Innata - Soluções em Recursos Humanos,1,0,0,0,34.0,INNATA - SOLUÇÕES EM RECURSOS HUMANOS,,,
Inkora,1,0,0,0,8.0,INKORA,,,
Ink90,1,0,0,0,27.0,INK90,,,
Ingeniosi,1,0,0,0,29.0,INGENIOSI,,,
Inga segurança,1,0,0,0,15.0,INGA SEGURANÇA,,,
Infraspeak,1,0,0,0,26.0,INFRASPEAK,,,
InfoPrice,1,0,0,0,30.0,INFOPRICE,,,
Influur,1,0,0,0,23.0,INFLUUR,,,
Infinite Lambda,1,0,0,0,23.0,INFINITE LAMBDA,,,
Inditex,1,0,0,0,13.0,INDITEX,,,
Independiente (freelance),1,0,0,0,15.0,INDEPENDIENTE (FREELANCE),,,
Independent Consultant,1,0,0,0,27.0,INDEPENDENT CONSULTANT,,,
Incusol Inc,1,0,0,0,32.0,INCUSOL,,,
InSync Jobs,1,0,0,0,22.0,INSYNC JOBS,,,
InBetta,1,0,0,0,13.0,INBETTA,,,
Ancar,1,0,0,0,27.0,ANCAR,,,
Analítica Soluções Inovadoras,1,0,0,0,21.0,ANALÍTICA SOLUÇÕES INOVADORAS,,,
Amorix Alimentos,1,0,0,0,24.0,AMORIX ALIMENTOS,,,
Amoreza,1,0,0,0,20.0,AMOREZA,,,
Instituto Nacional de Telecomunicações - Inatel,1,0,0,0,27.0,INSTITUTO NACIONAL DE TELECOMUNICAÇÕES - INATEL,,,
Instituto Nacional de Colonización,1,0,0,0,12.0,INSTITUTO NACIONAL DE COLONIZACIÓN,,,
Instituto IA Saúde,1,0,0,0,15.0,INSTITUTO IA SAÚDE,,,
"Instituto Federal de Educação, Ciência e Tecnologia do Ceará",1,0,0,0,8.0,"INSTITUTO FEDERAL DE EDUCAÇÃO, CIÊNCIA E TECNOLOGIA DO CEARÁ",,,
Instituto B55,1,0,0,0,8.0,INSTITUTO B55,,,
Instituto Atlântico,1,0,0,0,27.0,INSTITUTO ATLÂNTICO,,,
Inspira Rede de Educadores,1,0,0,0,23.0,INSPIRA REDE DE EDUCADORES,,,
Insider Store,1,0,0,0,23.0,INSIDER STORE,,,
Insider One,1,0,0,0,22.0,INSIDER ONE,,,
Inove Drywall e Steel Frame,1,0,0,0,12.0,INOVE DRYWALL E STEEL FRAME,,,
Innovise IT,1,0,0,0,25.0,INNOVISE IT,,,
Innova-tsn,1,0,0,0,22.0,INNOVA-TSN,,,
InterEx Group,1,0,0,0,24.0,INTEREX,,,
Inter&Co,1,0,0,0,20.0,INTER&CO,,,
IntelliPro,1,0,0,0,27.0,INTELLIPRO,,,
Inteliteam,1,0,0,0,12.0,INTELITEAM,,,
Instituto Semear,1,0,0,0,30.0,INSTITUTO SEMEAR,,,
Instituto Profesional IPP,1,0,0,0,12.0,INSTITUTO PROFESIONAL IPP,,,
Apter,1,0,0,0,12.0,APTER,,,
Aptar,1,0,0,0,58.0,APTAR,,,
Apsen Farmacêutica,1,0,0,0,8.0,APSEN FARMACÊUTICA,,,
Appzlogic,1,0,0,0,22.0,APPZLOGIC,,,
Appning by Forvia,1,0,0,0,34.0,APPNING BY FORVIA,,,
AppNation,1,0,0,0,24.0,APPNATION,,,
Apex Resources Ltd,1,0,0,0,15.0,APEX RESOURCES,,,
Apex Global Mobility,1,0,0,0,16.0,APEX MOBILITY,,,
"Anitec - Associação Nacional de Inovação, Trabalho e Educação Corporativa",1,0,0,0,12.0,"ANITEC - ASSOCIAÇÃO NACIONAL DE INOVAÇÃO, TRABALHO E EDUCAÇÃO CORPORATIVA",,,
Anhanguera Educacional,1,0,0,0,8.0,ANHANGUERA EDUCACIONAL,,,
J.P. Morgan,1,0,0,0,22.0,J.P. MORGAN,,,
Itonga Resourcing,1,0,0,0,22.0,ITONGA RESOURCING,,,
Istituto Comprensivo,1,0,0,0,8.0,ISTITUTO COMPRENSIVO,,,
Ipsos,1,0,0,0,22.0,IPSOS,,,
Ion Interactive,1,0,0,0,15.0,ION INTERACTIVE,,,
Involves,1,0,0,0,27.0,INVOLVES,,,
Invenergy,1,0,0,0,11.0,INVENERGY,,,
InvGate,1,0,0,0,22.0,INVGATE,,,
Inttegra,1,0,0,0,19.0,INTTEGRA,,,
Intralog,1,0,0,0,18.0,INTRALOG,,,
Intone Networks Inc,1,0,0,0,12.0,INTONE NETWORKS,,,
Intertec International,1,0,0,0,28.0,INTERTEC INTERNATIONAL,,,
Interseguro Compañía de Seguros,1,0,0,0,18.0,INTERSEGURO COMPAÑÍA DE SEGUROS,,,
Intersect,1,0,0,0,25.0,INTERSECT,,,
"International Talent Leader, Advisor & Business Coach",1,0,0,0,29.0,"INTERNATIONAL TALENT LEADER, ADVISOR & BUSINESS COACH",,,
Intermedia,1,0,0,0,25.0,INTERMEDIA,,,
Jobscan,1,0,0,0,11.0,JOBSCAN,,,
Jobcrown GmbH,1,0,0,0,27.0,JOBCROWN,,,
JobTeaser,1,0,0,0,12.0,JOBTEASER,,,
JobInside UG,1,0,0,0,12.0,JOBINSIDE UG,,,
Job Surfers,1,0,0,0,8.0,JOB SURFERS,,,
Jfm Industria e Comercio LTDA,1,0,0,0,12.0,JFM INDUSTRIA E COMERCIO,,,
Jaxel,1,0,0,0,25.0,JAXEL,,,
Janina Ott - systemische Beratung/Coaching,1,0,0,0,12.0,JANINA OTT - SYSTEMISCHE BERATUNG/COACHING,,,
Jambo Education Ltd,1,0,0,0,25.0,JAMBO EDUCATION,,,
Jadara Solutions,1,0,0,0,20.0,JADARA,,,
JPMorganChase,1,0,0,0,7.0,JPMORGANCHASE,,,
JMAN Group,1,0,0,0,12.0,JMAN,,,
JFL.inc,1,0,0,0,30.0,JFL,,,
JEM Systems,1,0,0,0,20.0,JEM SYSTEMS,,,
JDE Peet's,1,0,0,0,18.0,JDE PEET'S,,,
JD Casa & Construção,1,0,0,0,8.0,JD CASA & CONSTRUÇÃO,,,
KI people,1,0,0,0,12.0,KI PEOPLE,,,
KES - Knowledge Exchange Sessions,1,0,0,0,19.0,KES - KNOWLEDGE EXCHANGE SESSIONS,,,
KELTIS,1,0,0,0,18.0,KELTIS,,,
KA Resources Recruitment SL,1,0,0,0,15.0,KA RESOURCES RECRUITMENT,,,
Juvo,1,0,0,0,21.0,JUVO,,,
JustMarkets,1,0,0,0,36.0,JUSTMARKETS,,,
Just Eat Takeaway.com,1,0,0,0,24.0,JUST EAT TAKEAWAY.COM,,,
Junto Seguros,1,0,0,0,17.0,JUNTO SEGUROS,,,
Jumpstart Immigration,1,0,0,0,12.0,JUMPSTART IMMIGRATION,,,
Jumbo Supermarkten,1,0,0,0,23.0,JUMBO SUPERMARKTEN,,,
Jude's,1,0,0,0,12.0,JUDE'S,,,
Juan Motilla S.L,1,0,0,0,15.0,JUAN MOTILLA S.L,,,
Jornada de Dados,1,0,0,0,12.0,JORNADA DE DADOS,,,
Johnson & Johnson,1,0,0,0,15.0,JOHNSON & JOHNSON,,,
John Bryce,1,0,0,0,25.0,JOHN BRYCE,,,
Jobwal,1,0,0,0,14.0,JOBWAL,,,
Kerma Games,1,0,0,0,24.0,KERMA GAMES,,,
Kelly México,1,0,0,0,18.0,KELLY MÉXICO,,,
Keio University Global Research Institute (KGRI),1,0,0,0,12.0,KEIO UNIVERSITY RESEARCH INSTITUTE (KGRI),,,
Keedian,1,0,0,0,29.0,KEEDIAN,,,
Keboola,1,0,0,0,20.0,KEBOOLA,,,
Kazulo Displays,1,0,0,0,18.0,KAZULO DISPLAYS,,,
Kata Vegh Psychologist,1,0,0,0,8.0,KATA VEGH PSYCHOLOGIST,,,
Kasparov Finance & BI,1,0,0,0,15.0,KASPAROV FINANCE & BI,,,
Kantar,1,0,0,0,8.0,KANTAR,,,
Kamet,1,0,0,0,28.0,KAMET,,,
Kajae,1,0,0,0,15.0,KAJAE,,,
KWAN,1,0,0,0,33.0,KWAN,,,
KUARIO,1,0,0,0,21.0,KUARIO,,,
KP Engenharia e Tecnologia,1,0,0,0,45.0,KP ENGENHARIA E TECNOLOGIA,,,
KONCILI,1,0,0,0,12.0,KONCILI,,,
KOLABS,1,0,0,0,15.0,KOLABS,,,
Kromberg & Schubert,1,0,0,0,24.0,KROMBERG & SCHUBERT,,,
Kozijnmakers B.V,1,0,0,0,12.0,KOZIJNMAKERS B.V,,,
Kordsa,1,0,0,0,18.0,KORDSA,,,
KooKoo Strategy,1,0,0,0,12.0,KOOKOO STRATEGY,,,
Kodros | Financials voor gemeenten,1,0,0,0,15.0,KODROS | FINANCIALS VOOR GEMEENTEN,,,
Koda Staff,1,0,0,0,27.0,KODA STAFF,,,
Koc Electro,1,0,0,0,8.0,KOC ELECTRO,,,
Kliente 360,1,0,0,0,31.0,KLIENTE 360,,,
Kleinkunstig,1,0,0,0,39.0,KLEINKUNSTIG,,,
Kish Fish,1,0,0,0,31.0,KISH FISH,,,
Kinebot,1,0,0,0,23.0,KINEBOT,,,
Kinea Investimentos,1,0,0,0,30.0,KINEA INVESTIMENTOS,,,
Kindia,1,0,0,0,22.0,KINDIA,,,
Kimberly-Clark,1,0,0,0,18.0,KIMBERLY-CLARK,,,
Kids First COP groep,1,0,0,0,15.0,KIDS FIRST COP GROEP,,,
Ketterer Kunst GmbH & Co. KG,1,0,0,0,21.0,KETTERER KUNST & CO,,,
LOCUMPRO GmbH,1,0,0,0,12.0,LOCUMPRO,,,
LOCATES,1,0,0,0,8.0,LOCATES,,,
LKS NEXT,1,0,0,0,15.0,LKS NEXT,,,
LIDE Pernambuco,1,0,0,0,17.0,LIDE PERNAMBUCO,,,
LHP Engineering Solutions,1,0,0,0,32.0,LHP ENGINEERING,,,
LGT Transport,1,0,0,0,27.0,LGT TRANSPORT,,,
LG Consultores,1,0,0,0,8.0,LG CONSULTORES,,,
LG CNS,1,0,0,0,30.0,LG CNS,,,
LCM Sports and Pet Products,1,0,0,0,17.0,LCM SPORTS AND PET PRODUCTS,,,
LCM Energy,1,0,0,0,19.0,LCM ENERGY,,,
LAUTEC Group,1,0,0,0,22.0,LAUTEC,,,
LABELO Specialized Laboratories for conformity assessment,1,0,0,0,27.0,LABELO SPECIALIZED LABORATORIES FOR CONFORMITY ASSESSMENT,,,
L'Oréal,1,0,0,0,22.0,L'ORÉAL,,,
Kyndryl,1,0,0,0,18.0,KYNDRYL,,,
Kunumi,1,0,0,0,12.0,KUNUMI,,,
Krones,1,0,0,0,18.0,KRONES,,,
AmSpec Group,1,0,0,0,12.0,AMSPEC,,,
Always Fit Suplementos,1,0,0,0,25.0,ALWAYS FIT SUPLEMENTOS,,,
Alvoar Lácteos,1,0,0,0,18.0,ALVOAR LÁCTEOS,,,
Alume,1,0,0,0,8.0,ALUME,,,
Altus Engineering,1,0,0,0,24.0,ALTUS ENGINEERING,,,
Lavanda,1,0,0,0,35.0,LAVANDA,,,
Larissa Sanford,1,0,0,0,19.0,LARISSA SANFORD,,,
Lapônia - Concessionário de Caminhões e Chassis de Ônibus Volvo,1,0,0,0,32.0,LAPÔNIA - CONCESSIONÁRIO DE CAMINHÕES E CHASSIS DE ÔNIBUS VOLVO,,,
LanceSoft UAE,1,0,0,0,14.0,LANCESOFT UAE,,,
Laghetto,1,0,0,0,21.0,LAGHETTO,,,
LabPro,1,0,0,0,12.0,LABPRO,,,
La Tribu,1,0,0,0,29.0,LA TRIBU,,,
La Salle BCN,1,0,0,0,15.0,LA SALLE BCN,,,
La Caja de Ahorro y Seguro,1,0,0,0,15.0,LA CAJA DE AHORRO Y SEGURO,,,
LYNK Human Capital,1,0,0,0,12.0,LYNK HUMAN CAPITAL,,,
LUÁ Centro de Orientación Integral,1,0,0,0,12.0,LUÁ CENTRO DE ORIENTACIÓN INTEGRAL,,,
Left Lane - Recruitment Marketing,1,0,0,0,12.0,LEFT LANE - RECRUITMENT MARKETING,,,
Lee Hecht Harrison,1,0,0,0,18.0,LEE HECHT HARRISON,,,
Leads2b,1,0,0,0,24.0,LEADS2B,,,
Leaders Lifestyle,1,0,0,0,12.0,LEADERS LIFESTYLE,,,
LeadHRM,1,0,0,0,20.0,LEADHRM,,,
Layse Tattoo,1,0,0,0,12.0,LAYSE TATTOO,,,
Amil,1,0,0,0,8.0,AMIL,,,
Amigo Cuida,1,0,0,0,8.0,AMIGO CUIDA,,,
Amicar,1,0,0,0,21.0,AMICAR,,,
Amherst,1,0,0,0,15.0,AMHERST,,,
Amgen,1,0,0,0,21.0,AMGEN,,,
American Red Cross,1,0,0,0,23.0,AMERICAN RED CROSS,,,
Amenitiz,1,0,0,0,28.0,AMENITIZ,,,
Amefruits,1,0,0,0,34.0,AMEFRUITS,,,
Amdocs,1,0,0,0,18.0,AMDOCS,,,
Amanda Figueira Ramos - Psicóloga CRP 08/39236,1,0,0,0,12.0,AMANDA FIGUEIRA RAMOS - PSICÓLOGA CRP 08/39236,,,
Litcessory,1,0,0,0,18.0,LITCESSORY,,,
Lisalog Operador Logístico,1,0,0,0,8.0,LISALOG OPERADOR LOGÍSTICO,,,
Linvo,1,0,0,0,27.0,LINVO,,,
Linuxell Informática,1,0,0,0,19.0,LINUXELL INFORMÁTICA,,,
LinkTIC,1,0,0,0,24.0,LINKTIC,,,
Link School,1,0,0,0,12.0,LINK SCHOOL,,,
Lightsound Group,1,0,0,0,24.0,LIGHTSOUND,,,
Lighthouse,1,0,0,0,33.0,LIGHTHOUSE,,,
Lifemate Furniture,1,0,0,0,18.0,LIFEMATE FURNITURE,,,
Life Line Screening,1,0,0,0,27.0,LIFE LINE SCREENING,,,
Leão estratégia e Gestão,1,0,0,0,27.0,LEÃO ESTRATÉGIA E GESTÃO,,,
LevelUp Leads,1,0,0,0,18.0,LEVELUP LEADS,,,
Level.works,1,0,0,0,19.0,LEVEL.WORKS,,,
Lesaffre,1,0,0,0,20.0,LESAFFRE,,,
Leroy Merlin,1,0,0,0,17.0,LEROY MERLIN,,,
Lenovo PCCW Solutions,1,0,0,0,25.0,LENOVO PCCW,,,
MABI,1,0,0,0,17.0,MABI,,,
M/S Maria Enterprise,1,0,0,0,27.0,M/S MARIA ENTERPRISE,,,
Lyric,1,0,0,0,12.0,LYRIC,,,
Luxor Group,1,0,0,0,8.0,LUXOR,,,
Luxoft,1,0,0,0,21.0,LUXOFT,,,
Lusitania,1,0,0,0,12.0,LUSITANIA,,,
Luby,1,0,0,0,23.0,LUBY,,,
LoyaltyCom,1,0,0,0,18.0,LOYALTYCOM,,,
Lovely,1,0,0,0,22.0,LOVELY,,,
LovasIT,1,0,0,0,25.0,LOVASIT,,,
Lovable,1,0,0,0,12.0,LOVABLE,,,
LoopStudio,1,0,0,0,18.0,LOOPSTUDIO,,,
Lojas Eskala,1,0,0,0,22.0,LOJAS ESKALA,,,
Logic Pursuits,1,0,0,0,33.0,LOGIC PURSUITS,,,
Livre Escolha,1,0,0,0,12.0,LIVRE ESCOLHA,,,
Livensa Living,1,0,0,0,24.0,LIVENSA LIVING,,,
Mabu Mabu,1,0,0,0,12.0,MABU MABU,,,
MStar,1,0,0,0,18.0,MSTAR,,,
MSL Corporate,1,0,0,0,31.0,MSL CORPORATE,,,
MSC Mediterranean Shipping Company,1,0,0,0,24.0,MSC MEDITERRANEAN SHIPPING COMPANY,,,
MPS Partners,1,0,0,0,19.0,MPS PARTNERS,,,
MOZAYDO,1,0,0,0,20.0,MOZAYDO,,,
MOONTON GAMES,1,0,0,0,12.0,MOONTON GAMES,,,
MODIFI,1,0,0,0,22.0,MODIFI,,,
MIT Sloan School of Management,1,0,0,0,18.0,MIT SLOAN SCHOOL OF MANAGEMENT,,,
MHP – A Porsche Company,1,0,0,0,20.0,MHP – A PORSCHE COMPANY,,,
MG Manutenção,1,0,0,0,8.0,MG MANUTENÇÃO,,,
MEGGLE GmbH & Co. KG,1,0,0,0,8.0,MEGGLE & CO,,,
MCC Label,1,0,0,0,31.0,MCC LABEL,,,
MATH Group,1,0,0,0,27.0,MATH,,,
MATH,1,0,0,0,25.0,MATH,,,
MARS Solutions Group,1,0,0,0,20.0,MARS,,,
Marisa.Care,1,0,0,0,29.0,MARISA.CARE,,,
Marine Instruments,1,0,0,0,18.0,MARINE INSTRUMENTS,,,
MariaDB,1,0,0,0,8.0,MARIADB,,,
Marelli,1,0,0,0,20.0,MARELLI,,,
Maraca Hub,1,0,0,0,12.0,MARACA HUB,,,
Maplink,1,0,0,0,12.0,MAPLINK,,,
Manserv,1,0,0,0,8.0,MANSERV,,,
Manfred,1,0,0,0,15.0,MANFRED,,,
Mandomedio Perú,1,0,0,0,19.0,MANDOMEDIO PERÚ,,,
MakeValue,1,0,0,0,8.0,MAKEVALUE,,,
Magneto,1,0,0,0,25.0,MAGNETO,,,
Madres que lideran,1,0,0,0,12.0,MADRES QUE LIDERAN,,,
Madison Wells,1,0,0,0,8.0,MADISON WELLS,,,
MadeiraMadeira,1,0,0,0,28.0,MADEIRAMADEIRA,,,
MadeinWeb,1,0,0,0,27.0,MADEINWEB,,,
Macrosol Energia Solar,1,0,0,0,15.0,MACROSOL ENERGIA SOLAR,,,
MelhorPlano.net,1,0,0,0,22.0,MELHORPLANO.NET,,,
Mein Leben,1,0,0,0,8.0,MEIN LEBEN,,,
Mega distribuidora de cosméticos,1,0,0,0,18.0,MEGA DISTRIBUIDORA DE COSMÉTICOS,,,
Medway,1,0,0,0,23.0,MEDWAY,,,
Measurelab,1,0,0,0,35.0,MEASURELAB,,,
Mayoral Moda Infantil,1,0,0,0,18.0,MAYORAL MODA INFANTIL,,,
Mayo Clinic,1,0,0,0,18.0,MAYO CLINIC,,,
Mattos Engelberg Echenique Advogados,1,0,0,0,8.0,MATTOS ENGELBERG ECHENIQUE ADVOGADOS,,,
Masterschool,1,0,0,0,20.0,MASTERSCHOOL,,,
Masterplan.com,1,0,0,0,17.0,MASTERPLAN.COM,,,
Masentó Group,1,0,0,0,15.0,MASENTÓ,,,
Marvik,1,0,0,0,21.0,MARVIK,,,
Mars,1,0,0,0,20.0,MARS,,,
Marlin,1,0,0,0,16.0,MARLIN,,,
Markus Schmidleitner - Villa Bergzauber,1,0,0,0,8.0,MARKUS SCHMIDLEITNER - VILLA BERGZAUBER,,,
Markel,1,0,0,0,27.0,MARKEL,,,
Mindbody,1,0,0,0,19.0,MINDBODY,,,
MindBase,1,0,0,0,12.0,MINDBASE,,,
Mignow,1,0,0,0,28.0,MIGNOW,,,
Migesa,1,0,0,0,38.0,MIGESA,,,
Microlins,1,0,0,0,12.0,MICROLINS,,,
Michelin,1,0,0,0,21.0,MICHELIN,,,
Michael Besler Stiftung,1,0,0,0,16.0,MICHAEL BESLER STIFTUNG,,,
Mewa,1,0,0,0,17.0,MEWA,,,
Meu bess,1,0,0,0,12.0,MEU BESS,,,
Metso,1,0,0,0,15.0,METSO,,,
MessageMatch,1,0,0,0,11.0,MESSAGEMATCH,,,
Mercury Theatre,1,0,0,0,13.0,MERCURY THEATRE,,,
Mercafacil,1,0,0,0,27.0,MERCAFACIL,,,
Mentor vzw,1,0,0,0,12.0,MENTOR VZW,,,
Meng GmbH,1,0,0,0,12.0,MENG,,,
Mench-adv 'מנצ,1,0,0,0,23.0,MENCH-ADV 'מנצ,,,
Monest,1,0,0,0,27.0,MONEST,,,
Monee,1,0,0,0,13.0,MONEE,,,
Modus Create,1,0,0,0,24.0,MODUS CREATE,,,
Modern Health,1,0,0,0,23.0,MODERN HEALTH,,,
MoMa Labs,1,0,0,0,12.0,MOMA LABS,,,
Mixam,1,0,0,0,20.0,MIXAM,,,
Mitsubishi Electric Automotive de México,1,0,0,0,18.0,MITSUBISHI ELECTRIC AUTOMOTIVE DE MÉXICO,,,
Miro,1,0,0,0,22.0,MIRO,,,
MintMe.com,1,0,0,0,11.0,MINTME.COM,,,
Ministério da Cultura,1,0,0,0,27.0,MINISTÉRIO DA CULTURA,,,
Ministério Público do Estado do Paraná,1,0,0,0,12.0,MINISTÉRIO PÚBLICO DO ESTADO DO PARANÁ,,,
Ministerie van Defensie,1,0,0,0,22.0,MINISTERIE VAN DEFENSIE,,,
Minerva Foods,1,0,0,0,22.0,MINERVA FOODS,,,
Mineral Resources,1,0,0,0,33.0,MINERAL RESOURCES,,,
Mineradores,1,0,0,0,9.0,MINERADORES,,,
Mindful Concepts,1,0,0,0,25.0,MINDFUL CONCEPTS,,,
Mêntore,1,0,0,0,18.0,MÊNTORE,,,
Mushtari Capital,1,0,0,0,12.0,MUSHTARI CAPITAL,,,
MurryConsult LLC,1,0,0,0,17.0,MURRYCONSULT,,,
Multiplica,1,0,0,0,12.0,MULTIPLICA,,,
Mulheres de Growth,1,0,0,0,12.0,MULHERES DE GROWTH,,,
Mowi,1,0,0,0,28.0,MOWI,,,
Movizzon,1,0,0,0,22.0,MOVIZZON,,,
Movement Fitness,1,0,0,0,15.0,MOVEMENT FITNESS,,,
Mottu,1,0,0,0,7.0,MOTTU,,,
Motoca - Aluguel de Moto,1,0,0,0,12.0,MOTOCA - ALUGUEL DE MOTO,,,
Moody's Corporation,1,0,0,0,15.0,MOODY'S,,,
Monuv,1,0,0,0,25.0,MONUV,,,
Montreal Oficial,1,0,0,0,44.0,MONTREAL OFICIAL,,,
Montes del Plata (Stora Enso & Arauco),1,0,0,0,31.0,MONTES DEL PLATA (STORA ENSO & ARAUCO),,,
Montash,1,0,0,0,25.0,MONTASH,,,
Monks,1,0,0,0,20.0,MONKS,,,
National Service Scheme,1,0,0,0,12.0,NATIONAL SCHEME,,,
Nasir Float Glass Industries Ltd,1,0,0,0,8.0,NASIR FLOAT GLASS INDUSTRIES,,,
Nasa Space Apps,1,0,0,0,20.0,NASA SPACE APPS,,,
NXO Experts,1,0,0,0,12.0,NXO EXPERTS,,,
NTT Ltd,1,0,0,0,23.0,NTT,,,
NJF Global Holdings Ltd,1,0,0,0,12.0,NJF,,,
NEXA,1,0,0,0,12.0,NEXA,,,
NEX Energy,1,0,0,0,12.0,NEX ENERGY,,,
NETZSCH Group,1,0,0,0,18.0,NETZSCH,,,
NETZET,1,0,0,0,23.0,NETZET,,,
NEORIS,1,0,0,0,17.0,NEORIS,,,
NEBIRU,1,0,0,0,25.0,NEBIRU,,,
NAVA · Executive Support & Growth,1,0,0,0,15.0,NAVA · EXECUTIVE SUPPORT & GROWTH,,,
NACHO Sales,1,0,0,0,12.0,NACHO SALES,,,
N-iX,1,0,0,0,33.0,N-IX,,,
MİTAS GROUP,1,0,0,0,25.0,MİTAS,,,
Newnew | Educação Corporativa,1,0,0,0,12.0,NEWNEW | EDUCAÇÃO CORPORATIVA,,,
Neumüller Elektronik GmbH,1,0,0,0,8.0,NEUMÜLLER ELEKTRONIK,,,
Neue Narrative,1,0,0,0,12.0,NEUE NARRATIVE,,,
Netrin,1,0,0,0,21.0,NETRIN,,,
Netfive,1,0,0,0,25.0,NETFIVE,,,
Netex Group,1,0,0,0,15.0,NETEX,,,
NetForemost,1,0,0,0,34.0,NETFOREMOST,,,
NetExpat,1,0,0,0,19.0,NETEXPAT,,,
Net Temps Limited,1,0,0,0,12.0,NET TEMPS,,,
Nessentis,1,0,0,0,17.0,NESSENTIS,,,
Neodent,1,0,0,0,21.0,NEODENT,,,
NeenOpal Inc,1,0,0,0,27.0,NEENOPAL,,,
Nebula Partners LLC,1,0,0,0,41.0,NEBULA PARTNERS,,,
Navistar Inc,1,0,0,0,33.0,NAVISTAR,,,
Naviera Integral,1,0,0,0,21.0,NAVIERA INTEGRAL,,,
NavVis,1,0,0,0,12.0,NAVVIS,,,
Norah,1,0,0,0,12.0,NORAH,,,
Nomad Career,1,0,0,0,18.0,NOMAD CAREER,,,
Nivela,1,0,0,0,12.0,NIVELA,,,
Nion,1,0,0,0,29.0,NION,,,
Ninecon,1,0,0,0,21.0,NINECON,,,
Nike,1,0,0,0,20.0,NIKE,,,
NielsenIQ,1,0,0,0,28.0,NIELSENIQ,,,
Nidec Corporation Global,1,0,0,0,21.0,NIDEC,,,
Nicoly Oliveira,1,0,0,0,12.0,NICOLY OLIVEIRA,,,
Nickel,1,0,0,0,27.0,NICKEL,,,
Nexus Telerradiologia,1,0,0,0,18.0,NEXUS TELERRADIOLOGIA,,,
Nexton,1,0,0,0,24.0,NEXTON,,,
Next Dot,1,0,0,0,21.0,NEXT DOT,,,
NexCen Global Inc,1,0,0,0,22.0,NEXCEN,,,
NewtonX,1,0,0,0,18.0,NEWTONX,,,
Newsela,1,0,0,0,29.0,NEWSELA,,,
OLIVER Agency,1,0,0,0,27.0,OLIVER AGENCY,,,
OBSS,1,0,0,0,25.0,OBSS,,,
O'Reilly Media,1,0,0,0,19.0,O'REILLY MEDIA,,,
Núclea,1,0,0,0,27.0,NÚCLEA,,,
Nömad,1,0,0,0,19.0,NÖMAD,,,
Nômad Recursos Humanos,1,0,0,0,21.0,NÔMAD RECURSOS HUMANOS,,,
Nutrición Mag,1,0,0,0,15.0,NUTRICIÓN MAG,,,
Nutrata,1,0,0,0,22.0,NUTRATA,,,
Nurtur,1,0,0,0,22.0,NURTUR,,,
NuageIT,1,0,0,0,54.0,NUAGEIT,,,
"Novus International, Inc",1,0,0,0,37.0,NOVUS INTERNATIONAL,,,
Nova,1,0,0,0,18.0,NOVA,,,
Nouvel Talent,1,0,0,0,25.0,NOUVEL TALENT,,,
Nortrez,1,0,0,0,23.0,NORTREZ,,,
Nortempo,1,0,0,0,31.0,NORTEMPO,,,
Nord Group,1,0,0,0,12.0,NORD,,,
OdontoCompany,1,0,0,0,12.0,ODONTOCOMPANY,,,
Odido Nederland,1,0,0,0,12.0,ODIDO NEDERLAND,,,
Oderço,1,0,0,0,12.0,ODERÇO,,,
Odebrecht Angola,1,0,0,0,8.0,ODEBRECHT ANGOLA,,,
Octopus Energy,1,0,0,0,16.0,OCTOPUS ENERGY,,,
Octagon Professionals International,1,0,0,0,32.0,OCTAGON PROFESSIONALS INTERNATIONAL,,,
Octafy LAD,1,0,0,0,15.0,OCTAFY LAD,,,
Ocean Network Express,1,0,0,0,24.0,OCEAN NETWORK EXPRESS,,,
Obrela,1,0,0,0,23.0,OBRELA,,,
Objective,1,0,0,0,23.0,OBJECTIVE,,,
Oberender AG,1,0,0,0,22.0,OBERENDER,,,
Oasis Infobyte,1,0,0,0,34.0,OASIS INFOBYTE,,,
OTP Group,1,0,0,0,19.0,OTP,,,
OPLIUM,1,0,0,0,12.0,OPLIUM,,,
ONE HIRING,1,0,0,0,20.0,ONE HIRING,,,
OM Housing,1,0,0,0,22.0,OM HOUSING,,,
Opny,1,0,0,0,8.0,OPNY,,,
Openbaar Ministerie,1,0,0,0,12.0,OPENBAAR MINISTERIE,,,
OpenTalent,1,0,0,0,8.0,OPENTALENT,,,
OpenCON,1,0,0,0,12.0,OPENCON,,,
Open (YC W24),1,0,0,0,25.0,OPEN (YC W24),,,
Oolooroo.io,1,0,0,0,12.0,OOLOOROO.IO,,,
Onix,1,0,0,0,44.0,ONIX,,,
OneSource,1,0,0,0,18.0,ONESOURCE,,,
OneCareer GmbH,1,0,0,0,22.0,ONECAREER,,,
One Life Legacy,1,0,0,0,28.0,ONE LIFE LEGACY,,,
OnHires,1,0,0,0,23.0,ONHIRES,,,
Omnidocs,1,0,0,0,28.0,OMNIDOCS,,,
OmniChat,1,0,0,0,23.0,OMNICHAT,,,
Omie,1,0,0,0,18.0,OMIE,,,
OllyGarden,1,0,0,0,19.0,OLLYGARDEN,,,
Oktana Corporation,1,0,0,0,15.0,OKTANA,,,
Alliance Instalaciones y Mantenimientos,1,0,0,0,18.0,ALLIANCE INSTALACIONES Y MANTENIMIENTOS,,,
Allgemeine Rentenanstalt Pensionskasse,1,0,0,0,8.0,ALLGEMEINE RENTENANSTALT PENSIONSKASSE,,,
Alium,1,0,0,0,19.0,ALIUM,,,
Alimentos Bloxom,1,0,0,0,28.0,ALIMENTOS BLOXOM,,,
Owen Daniels,1,0,0,0,15.0,OWEN DANIELS,,,
Overmind,1,0,0,0,19.0,OVERMIND,,,
Otis Elevator Co,1,0,0,0,18.0,OTIS ELEVATOR CO,,,
Ortobom,1,0,0,0,18.0,ORTOBOM,,,
Orizon,1,0,0,0,32.0,ORIZON,,,
Ori-On,1,0,0,0,19.0,ORI-ON,,,
Orbital Gaming,1,0,0,0,21.0,ORBITAL GAMING,,,
OrangeLoops,1,0,0,0,15.0,ORANGELOOPS,,,
Orange Business Services,1,0,0,0,25.0,ORANGE BUSINESS,,,
OpusClip,1,0,0,0,15.0,OPUSCLIP,,,
Optum,1,0,0,0,18.0,OPTUM,,,
Optimum Solutions Pte Ltd,1,0,0,0,15.0,OPTIMUM PTE,,,
PKF Uruguay,1,0,0,0,37.0,PKF URUGUAY,,,
PKF Attest,1,0,0,0,17.0,PKF ATTEST,,,
PINPOINT,1,0,0,0,15.0,PINPOINT,,,
PD on Demand GmbH,1,0,0,0,44.0,PD ON DEMAND,,,
PBCN GmbH,1,0,0,0,18.0,PBCN,,,
PALAS,1,0,0,0,12.0,PALAS,,,
Altare Servicios Profesionales,1,0,0,0,37.0,ALTARE SERVICIOS PROFESIONALES,,,
AlphaSkill,1,0,0,0,25.0,ALPHASKILL,,,
AlphaLit,1,0,0,0,29.0,ALPHALIT,,,
Alpha Only KLG,1,0,0,0,8.0,ALPHA ONLY KLG,,,
Alpargatas S.A,1,0,0,0,11.0,ALPARGATAS,,,
Aloft Hotels,1,0,0,0,40.0,ALOFT HOTELS,,,
Almirall,1,0,0,0,35.0,ALMIRALL,,,
Allstate,1,0,0,0,30.0,ALLSTATE,,,
Allo Bank,1,0,0,0,24.0,ALLO BANK,,,
Alliant Insurance Services,1,0,0,0,8.0,ALLIANT INSURANCE,,,
Paul Marlex,1,0,0,0,25.0,PAUL MARLEX,,,
Patton Labs Inc,1,0,0,0,27.0,PATTON LABS,,,
Patriot Real Estate,1,0,0,0,23.0,PATRIOT REAL ESTATE,,,
PassCard,1,0,0,0,22.0,PASSCARD,,,
Pasquali Solution,1,0,0,0,8.0,PASQUALI SOLUTION,,,
Parcelhero,1,0,0,0,18.0,PARCELHERO,,,
Paraná Banco S/A,1,0,0,0,18.0,PARANÁ BANCO,,,
"Paragon Films, Inc. México",1,0,0,0,27.0,"PARAGON FILMS, . MÉXICO",,,
Papp Logistics,1,0,0,0,22.0,PAPP LOGISTICS,,,
Paperlike,1,0,0,0,23.0,PAPERLIKE,,,
Pacífico Seguros,1,0,0,0,12.0,PACÍFICO SEGUROS,,,
PUMA Group,1,0,0,0,21.0,PUMA,,,
PT. Tumbuh Bersama Nano (Nanovest — a Sinarmas Group Company),1,0,0,0,24.0,PT. TUMBUH BERSAMA NANO (NANOVEST — A SINARMAS COMPANY),,,
"PSA Sines, S.A",1,0,0,0,32.0,PSA SINES,,,
PROTA,1,0,0,0,24.0,PROTA,,,
PPRO,1,0,0,0,35.0,PPRO,,,
Personalhaus Gruppe,1,0,0,0,12.0,PERSONALHAUS GRUPPE,,,
PersonalGlobal,1,0,0,0,21.0,PERSONALGLOBAL,,,
Persistent Systems,1,0,0,0,23.0,PERSISTENT SYSTEMS,,,
Peritus Partners,1,0,0,0,8.0,PERITUS PARTNERS,,,
Performa_IT,1,0,0,0,25.0,PERFORMA_IT,,,
Peoples Republic,1,0,0,0,15.0,PEOPLES REPUBLIC,,,
Peoplematters,1,0,0,0,19.0,PEOPLEMATTERS,,,
People Made Machines,1,0,0,0,30.0,PEOPLE MADE MACHINES,,,
People A&M,1,0,0,0,25.0,PEOPLE A&M,,,
Pentágono Engenharia,1,0,0,0,21.0,PENTÁGONO ENGENHARIA,,,
Pensecom - Inteligência em Recursos Humanos,1,0,0,0,21.0,PENSECOM - INTELIGÊNCIA EM RECURSOS HUMANOS,,,
Pedersen & Partners,1,0,0,0,22.0,PEDERSEN & PARTNERS,,,
Pecege,1,0,0,0,8.0,PECEGE,,,
PdH | Partei der Humanisten,1,0,0,0,12.0,PDH | PARTEI DER HUMANISTEN,,,
Payoneer,1,0,0,0,20.0,PAYONEER,,,
Pax8,1,0,0,0,19.0,PAX8,,,
Planville GmbH,1,0,0,0,8.0,PLANVILLE,,,
Planet Earth,1,0,0,0,8.0,PLANET EARTH,,,
Planet,1,0,0,0,29.0,PLANET,,,
Pixida,1,0,0,0,25.0,PIXIDA,,,
Pitahaya Talent,1,0,0,0,25.0,PITAHAYA TALENT,,,
Pismo,1,0,0,0,18.0,PISMO,,,
Pipol | Recrutamento Industrial,1,0,0,0,12.0,PIPOL | RECRUTAMENTO INDUSTRIAL,,,
PinkRoccade Local Government,1,0,0,0,12.0,PINKROCCADE LOCAL GOVERNMENT,,,
Phenom,1,0,0,0,21.0,PHENOM,,,
Pharmbills,1,0,0,0,15.0,PHARMBILLS,,,
Pharmacity,1,0,0,0,12.0,PHARMACITY,,,
Petz,1,0,0,0,21.0,PETZ,,,
Peter Park,1,0,0,0,20.0,PETER PARK,,,
Pessoa Jurídica,1,0,0,0,15.0,PESSOA JURÍDICA,,,
Pertemps Network Group,1,0,0,0,15.0,PERTEMPS NETWORK,,,
Perspective Dragon,1,0,0,0,16.0,PERSPECTIVE DRAGON,,,
Prefeitura Municipal de Aporé,1,0,0,0,8.0,PREFEITURA MUNICIPAL DE APORÉ,,,
PreVanta,1,0,0,0,12.0,PREVANTA,,,
PragetX,1,0,0,0,30.0,PRAGETX,,,
Potencializando Talentos,1,0,0,0,8.0,POTENCIALIZANDO TALENTOS,,,
Postbeamtenkrankenkasse,1,0,0,0,8.0,POSTBEAMTENKRANKENKASSE,,,
Positivo S+,1,0,0,0,8.0,POSITIVO S+,,,
Posedio GmbH,1,0,0,0,23.0,POSEDIO,,,
PortfoLion Capital Partners,1,0,0,0,19.0,PORTFOLION CAPITAL PARTNERS,,,
PortX,1,0,0,0,52.0,PORTX,,,
Pontifícia Universidade Católica do Rio Grande do Sul,1,0,0,0,12.0,PONTIFÍCIA UNIVERSIDADE CATÓLICA DO RIO GRANDE DO SUL,,,
Polícia Militar do Distrito Federal - PMDF,1,0,0,0,12.0,POLÍCIA MILITAR DO DISTRITO FEDERAL - PMDF,,,
Polis Immobilien AG,1,0,0,0,12.0,POLIS IMMOBILIEN,,,
Polar,1,0,0,0,8.0,POLAR,,,
Pobre Juan,1,0,0,0,19.0,POBRE JUAN,,,
Playamp,1,0,0,0,21.0,PLAYAMP,,,
Platonix AG,1,0,0,0,20.0,PLATONIX,,,
ProV International,1,0,0,0,21.0,PROV INTERNATIONAL,,,
ProLeads Company,1,0,0,0,21.0,PROLEADS COMPANY,,,
Privat,1,0,0,0,8.0,PRIVAT,,,
Privado,1,0,0,0,12.0,PRIVADO,,,
Privacy,1,0,0,0,19.0,PRIVACY,,,
Prisma People Strategy & Intelligence,1,0,0,0,12.0,PRISMA PEOPLE STRATEGY & INTELLIGENCE,,,
Priner,1,0,0,0,7.0,PRINER,,,
PrimeHire,1,0,0,0,27.0,PRIMEHIRE,,,
Prevemt Medicina Do Trabalho,1,0,0,0,8.0,PREVEMT MEDICINA DO TRABALHO,,,
Presence Tecnologia,1,0,0,0,11.0,PRESENCE TECNOLOGIA,,,
Prefeitura Municipal de Simão Pereira,1,0,0,0,8.0,PREFEITURA MUNICIPAL DE SIMÃO PEREIRA,,,
Prefeitura Municipal de Poços de Caldas,1,0,0,0,19.0,PREFEITURA MUNICIPAL DE POÇOS DE CALDAS,,,
Prefeitura Municipal de Lauro de Freitas,1,0,0,0,9.0,PREFEITURA MUNICIPAL DE LAURO DE FREITAS,,,
Prefeitura Municipal de Guarujá,1,0,0,0,8.0,PREFEITURA MUNICIPAL DE GUARUJÁ,,,
Prefeitura Municipal de Gaspar,1,0,0,0,12.0,PREFEITURA MUNICIPAL DE GASPAR,,,
Prefeitura Municipal de Entre Rios,1,0,0,0,8.0,PREFEITURA MUNICIPAL DE ENTRE RIOS,,,
Akad Seguros,1,0,0,0,8.0,AKAD SEGUROS,,,
Ajuntament de Palma,1,0,0,0,8.0,AJUNTAMENT DE PALMA,,,
Ahmedia,1,0,0,0,22.0,AHMEDIA,,,
Agência LK,1,0,0,0,20.0,AGÊNCIA LK,,,
Agência FG,1,0,0,0,8.0,AGÊNCIA FG,,,
Proxity,1,0,0,0,22.0,PROXITY,,,
Prosperity Behavioral India Pvt Ltd,1,0,0,0,12.0,PROSPERITY BEHAVIORAL INDIA PVT,,,
Prospect Wallet,1,0,0,0,15.0,PROSPECT WALLET,,,
Prosigliere,1,0,0,0,31.0,PROSIGLIERE,,,
PropelPeople,1,0,0,0,37.0,PROPELPEOPLE,,,
Projjetta Tecnologia em Dados,1,0,0,0,27.0,PROJJETTA TECNOLOGIA EM DADOS,,,
Projeto Coragem Singular,1,0,0,0,8.0,PROJETO CORAGEM SINGULAR,,,
Profile,1,0,0,0,8.0,PROFILE,,,
Professor Particular,1,0,0,0,12.0,PROFESSOR PARTICULAR,,,
Productized,1,0,0,0,12.0,PRODUCTIZED,,,
Procuradoria Geral do Município de Niterói,1,0,0,0,12.0,PROCURADORIA GERAL DO MUNICÍPIO DE NITERÓI,,,
Publicis Groupe,1,0,0,0,18.0,PUBLICIS GROUPE,,,
Psicóloga Mayara Carvalho,1,0,0,0,15.0,PSICÓLOGA MAYARA CARVALHO,,,
Psicóloga Maria Eduarda D' Errico,1,0,0,0,8.0,PSICÓLOGA MARIA EDUARDA D' ERRICO,,,
Psicóloga Clínica Autônomo,1,0,0,0,12.0,PSICÓLOGA CLÍNICA AUTÔNOMO,,,
Psicotran Avaliação Psicológica,1,0,0,0,8.0,PSICOTRAN AVALIAÇÃO PSICOLÓGICA,,,
Proyectos Engineering,1,0,0,0,22.0,PROYECTOS ENGINEERING,,,
Alianzo,1,0,0,0,17.0,ALIANZO,,,
Algoworks,1,0,0,0,12.0,ALGOWORKS,,,
Algo,1,0,0,0,21.0,ALGO,,,
Algar Telecom,1,0,0,0,33.0,ALGAR TELECOM,,,
Alexander Thamm [at],1,0,0,0,8.0,ALEXANDER THAMM [AT],,,
Alerta Médica,1,0,0,0,24.0,ALERTA MÉDICA,,,
Albert Heijn,1,0,0,0,12.0,ALBERT HEIJN,,,
AkzoNobel,1,0,0,0,18.0,AKZONOBEL,,,
"Akvelon, Inc",1,0,0,0,37.0,AKVELON,,,
Aktios,1,0,0,0,31.0,AKTIOS,,,
Questrade Financial Group,1,0,0,0,23.0,QUESTRADE FINANCIAL,,,
QuantumVoice,1,0,0,0,24.0,QUANTUMVOICE,,,
Quantum Rise,1,0,0,0,12.0,QUANTUM RISE,,,
Quantum,1,0,0,0,21.0,QUANTUM,,,
Quality Temporal (ETT),1,0,0,0,15.0,QUALITY TEMPORAL (ETT),,,
Qualitti Sviluppo Srl,1,0,0,0,12.0,QUALITTI SVILUPPO SRL,,,
Qualitas Electronics Ltd,1,0,0,0,27.0,QUALITAS ELECTRONICS,,,
Quala,1,0,0,0,18.0,QUALA,,,
"Qorvo, Inc",1,0,0,0,24.0,QORVO,,,
Qive,1,0,0,0,27.0,QIVE,,,
QUALIFICAR TI,1,0,0,0,12.0,QUALIFICAR TI,,,
QPC Engenharia,1,0,0,0,8.0,QPC ENGENHARIA,,,
Q-logic,1,0,0,0,12.0,Q-LOGIC,,,
Pão da praça,1,0,0,0,8.0,PÃO DA PRAÇA,,,
Pyyne,1,0,0,0,25.0,PYYNE,,,
Pythian,1,0,0,0,35.0,PYTHIAN,,,
RSA Serviços Inteligentes,1,0,0,0,15.0,RSA SERVIÇOS INTELIGENTES,,,
ROCKSOLID Personalvermittlung GmbH,1,0,0,0,19.0,ROCKSOLID PERSONALVERMITTLUNG,,,
ROCA Solidez en Recursos Humanos,1,0,0,0,27.0,ROCA SOLIDEZ EN RECURSOS HUMANOS,,,
RMT Labs SA,1,0,0,0,12.0,RMT LABS,,,
RM Gente e Gestão,1,0,0,0,30.0,RM GENTE E GESTÃO,,,
RL JOB SERVICES SRL,1,0,0,0,17.0,RL JOB SRL,,,
RHGestor By Sólides,1,0,0,0,15.0,RHGESTOR BY SÓLIDES,,,
RH Modo Atleta I VIK,1,0,0,0,18.0,RH MODO ATLETA I VIK,,,
RGM Tecnologia Inteligência e Processos,1,0,0,0,12.0,RGM TECNOLOGIA INTELIGÊNCIA E PROCESSOS,,,
REP Seguros Corporativos,1,0,0,0,21.0,REP SEGUROS CORPORATIVOS,,,
REF Uruguay,1,0,0,0,50.0,REF URUGUAY,,,
RED Innovations,1,0,0,0,18.0,RED INNOVATIONS,,,
RB SOLUÇÕES EM CAPITAL HUMANO,1,0,0,0,19.0,RB SOLUÇÕES EM CAPITAL HUMANO,,,
R2D Top Talent,1,0,0,0,12.0,R2D TOP TALENT,,,
R+V Versicherung,1,0,0,0,8.0,R+V VERSICHERUNG,,,
R Systems,1,0,0,0,31.0,R SYSTEMS,,,
Rede D'Or São Luiz,1,0,0,0,25.0,REDE D'OR SÃO LUIZ,,,
RedScreen (Pty) Ltd,1,0,0,0,12.0,REDSCREEN (PTY),,,
RedCLARA - Cooperación Latino Americana de Redes Avanzadas,1,0,0,0,46.0,REDCLARA - COOPERACIÓN LATINO AMERICANA DE REDES AVANZADAS,,,
Red Sea Global,1,0,0,0,11.0,RED SEA,,,
Red Hat,1,0,0,0,27.0,RED HAT,,,
Recruitment Circle,1,0,0,0,21.0,RECRUITMENT CIRCLE,,,
Recluno,1,0,0,0,28.0,RECLUNO,,,
Reclame AQUI,1,0,0,0,17.0,RECLAME AQUI,,,
RecargaPay,1,0,0,0,30.0,RECARGAPAY,,,
Rebels,1,0,0,0,28.0,REBELS,,,
Rebel Talent,1,0,0,0,28.0,REBEL TALENT,,,
ReSus Consult GmbH,1,0,0,0,32.0,RESUS CONSULT,,,
RapidCanvas,1,0,0,0,26.0,RAPIDCANVAS,,,
RankMyApp,1,0,0,0,24.0,RANKMYAPP,,,
RSM UY,1,0,0,0,34.0,RSM UY,,,
RSC Comunicativa,1,0,0,0,12.0,RSC COMUNICATIVA,,,
Revent Labs,1,0,0,0,27.0,REVENT LABS,,,
Ressignifique Núcleo de Psicologia,1,0,0,0,8.0,RESSIGNIFIQUE NÚCLEO DE PSICOLOGIA,,,
Resend,1,0,0,0,15.0,RESEND,,,
República Microfinanzas S.A,1,0,0,0,12.0,REPÚBLICA MICROFINANZAS,,,
Rentokil Initial,1,0,0,0,31.0,RENTOKIL INITIAL,,,
Rentcars,1,0,0,0,19.0,RENTCARS,,,
Renta Nacional Seguros Generales,1,0,0,0,30.0,RENTA NACIONAL SEGUROS GENERALES,,,
Renault,1,0,0,0,26.0,RENAULT,,,
RemoteUp,1,0,0,0,25.0,REMOTEUP,,,
Remote,1,0,0,0,29.0,REMOTE,,,
Reliable Residential,1,0,0,0,25.0,RELIABLE RESIDENTIAL,,,
Reflex Aerospace,1,0,0,0,18.0,REFLEX AEROSPACE,,,
Reed in Partnership,1,0,0,0,27.0,REED IN PARTNERSHIP,,,
Reed Recruitment Malta,1,0,0,0,19.0,REED RECRUITMENT MALTA,,,
Redux,1,0,0,0,24.0,REDUX,,,
Rede de Farmácias São João,1,0,0,0,24.0,REDE DE FARMÁCIAS SÃO JOÃO,,,
Rumo,1,0,0,0,23.0,RUMO,,,
RulesIQ,1,0,0,0,12.0,RULESIQ,,,
Ruby Labs,1,0,0,0,27.0,RUBY LABS,,,
Rove,1,0,0,0,12.0,ROVE,,,
Rooftop.dev,1,0,0,0,15.0,ROOFTOP.DEV,,,
Romeu,1,0,0,0,8.0,ROMEU,,,
Roland Berger Strategy Consultants,1,0,0,0,18.0,ROLAND BERGER STRATEGY CONSULTANTS,,,
Rogo,1,0,0,0,12.0,ROGO,,,
Rodobens,1,0,0,0,12.0,RODOBENS,,,
Robots & Pencils,1,0,0,0,23.0,ROBOTS & PENCILS,,,
Robot.com,1,0,0,0,12.0,ROBOT.COM,,,
Rivia,1,0,0,0,19.0,RIVIA,,,
River,1,0,0,0,26.0,RIVER,,,
Rh Ribeirão,1,0,0,0,12.0,RH RIBEIRÃO,,,
Reward Gateway,1,0,0,0,15.0,REWARD GATEWAY,,,
Revenus,1,0,0,0,25.0,REVENUS,,,
"SIMaP, Grenoble",1,0,0,0,8.0,"SIMAP, GRENOBLE",,,
SET University,1,0,0,0,20.0,SET UNIVERSITY,,,
SEO International Conference Karachi,1,0,0,0,29.0,SEO INTERNATIONAL CONFERENCE KARACHI,,,
SEK Security Ecosystem Knowledge,1,0,0,0,37.0,SEK SECURITY ECOSYSTEM KNOWLEDGE,,,
"SEGPRIME - Treinamento, Serviços e Engenharia",1,0,0,0,8.0,"SEGPRIME - TREINAMENTO, SERVIÇOS E ENGENHARIA",,,
SE Mentor Solutions,1,0,0,0,27.0,SE MENTOR,,,
SD Worx,1,0,0,0,24.0,SD WORX,,,
SD Consultora de Empresas Familiares,1,0,0,0,19.0,SD CONSULTORA DE EMPRESAS FAMILIARES,,,
SCUBE,1,0,0,0,15.0,SCUBE,,,
SCP SINTERSA,1,0,0,0,12.0,SCP SINTERSA,,,
SCOH,1,0,0,0,12.0,SCOH,,,
SBB CFF FFS,1,0,0,0,12.0,SBB CFF FFS,,,
SARIA Group,1,0,0,0,20.0,SARIA,,,
SANDRO,1,0,0,0,12.0,SANDRO,,,
SAFR from RealNetworks,1,0,0,0,28.0,SAFR FROM REALNETWORKS,,,
S-Communication Services GmbH,1,0,0,0,12.0,S-COMMUNICATION,,,
SVPM | Mineração Serra Verde,1,0,0,0,15.0,SVPM | MINERAÇÃO SERRA VERDE,,,
SUSONITY,1,0,0,0,12.0,SUSONITY,,,
STX Next,1,0,0,0,20.0,STX NEXT,,,
STRONG Conveniada FGV,1,0,0,0,8.0,STRONG CONVENIADA FGV,,,
ST Consultores,1,0,0,0,12.0,ST CONSULTORES,,,
SSR Mining Inc,1,0,0,0,18.0,SSR MINING,,,
SRCon GmbH,1,0,0,0,19.0,SRCON,,,
SQUARERA,1,0,0,0,24.0,SQUARERA,,,
SQUARE CITY,1,0,0,0,15.0,SQUARE CITY,,,
SPRO,1,0,0,0,34.0,SPRO,,,
SP+ Escolas,1,0,0,0,12.0,SP+ ESCOLAS,,,
SOLVACE,1,0,0,0,21.0,SOLVACE,,,
SOLCOM GmbH,1,0,0,0,12.0,SOLCOM,,,
SOFTGAMES,1,0,0,0,29.0,SOFTGAMES,,,
SLC Agrícola S/A,1,0,0,0,29.0,SLC AGRÍCOLA,,,
SKF Group,1,0,0,0,17.0,SKF,,,
Scale Healthcare ( India ),1,0,0,0,13.0,SCALE HEALTHCARE ( INDIA ),,,
Scala,1,0,0,0,19.0,SCALA,,,
Savener,1,0,0,0,28.0,SAVENER,,,
Savant Network,1,0,0,0,12.0,SAVANT NETWORK,,,
Sauter,1,0,0,0,32.0,SAUTER,,,
Sauce,1,0,0,0,18.0,SAUCE,,,
Saturam,1,0,0,0,21.0,SATURAM,,,
Sancho BBDO,1,0,0,0,21.0,SANCHO BBDO,,,
Sanar,1,0,0,0,20.0,SANAR,,,
Saleshandy,1,0,0,0,22.0,SALESHANDY,,,
SalesStar Recruitment Mx,1,0,0,0,30.0,SALESSTAR RECRUITMENT MX,,,
SalesPoint Incorporation,1,0,0,0,27.0,SALESPOINT INCORPORATION,,,
Salentus,1,0,0,0,8.0,SALENTUS,,,
SaleStrategy.io,1,0,0,0,34.0,SALESTRATEGY.IO,,,
Salas Montalvo,1,0,0,0,18.0,SALAS MONTALVO,,,
Safra,1,0,0,0,12.0,SAFRA,,,
Adm Moveis E Design,1,0,0,0,12.0,ADM MOVEIS E DESIGN,,,
Aden,1,0,0,0,12.0,ADEN,,,
Ademicon,1,0,0,0,22.0,ADEMICON,,,
Search Latinoamérica,1,0,0,0,43.0,SEARCH LATINOAMÉRICA,,,
Search Engine Business,1,0,0,0,24.0,SEARCH ENGINE BUSINESS,,,
Search Atlas,1,0,0,0,24.0,SEARCH ATLAS,,,
Search Advise GmbH,1,0,0,0,22.0,SEARCH ADVISE,,,
ScoutBetter,1,0,0,0,27.0,SCOUTBETTER,,,
Scoular,1,0,0,0,37.0,SCOULAR,,,
Scotiabank Uruguay,1,0,0,0,37.0,SCOTIABANK URUGUAY,,,
Scotiabank,1,0,0,0,12.0,SCOTIABANK,,,
Scopic,1,0,0,0,11.0,SCOPIC,,,
Scienza Uruguay,1,0,0,0,45.0,SCIENZA URUGUAY,,,
Schneider Electric,1,0,0,0,18.0,SCHNEIDER ELECTRIC,,,
Scheidtweiler Strategie,1,0,0,0,8.0,SCHEIDTWEILER STRATEGIE,,,
Scheer Group,1,0,0,0,12.0,SCHEER,,,
Self-Employed / Independent Project,1,0,0,0,25.0,SELF-EMPLOYED / INDEPENDENT PROJECT,,,
Selbständig,1,0,0,0,12.0,SELBSTÄNDIG,,,
"Seguros, tendencias y riesgos SURA",1,0,0,0,13.0,"SEGUROS, TENDENCIAS Y RIESGOS SURA",,,
Seatrium,1,0,0,0,8.0,SEATRIUM,,,
SeatPick,1,0,0,0,12.0,SEATPICK,,,
Search X Recruitment,1,0,0,0,23.0,SEARCH X RECRUITMENT,,,
Agro Pitangueira,1,0,0,0,15.0,AGRO PITANGUEIRA,,,
Agir,1,0,0,0,18.0,AGIR,,,
Agile Lab,1,0,0,0,27.0,AGILE LAB,,,
Agile Inc,1,0,0,0,12.0,AGILE,,,
Aggreko,1,0,0,0,23.0,AGGREKO,,,
Aerospace,1,0,0,0,8.0,AEROSPACE,,,
Aegro,1,0,0,0,20.0,AEGRO,,,
Adão Imóveis,1,0,0,0,17.0,ADÃO IMÓVEIS,,,
Adylog S.A.S,1,0,0,0,12.0,ADYLOG,,,
Advantest,1,0,0,0,25.0,ADVANTEST,,,
Shell,1,0,0,0,35.0,SHELL,,,
SharePrime,1,0,0,0,17.0,SHAREPRIME,,,
ShareCV,1,0,0,0,31.0,SHARECV,,,
Share People Hub,1,0,0,0,20.0,SHARE PEOPLE HUB,,,
Shape,1,0,0,0,27.0,SHAPE,,,
Sfera Legal,1,0,0,0,21.0,SFERA LEGAL,,,
Servicio de Salud Metropolitano Central,1,0,0,0,12.0,SERVICIO DE SALUD METROPOLITANO CENTRAL,,,
ServiceRocket,1,0,0,0,17.0,SERVICEROCKET,,,
Serpro,1,0,0,0,27.0,SERPRO,,,
Serena,1,0,0,0,29.0,SERENA,,,
Seprotec Multilingual Solutions,1,0,0,0,25.0,SEPROTEC MULTILINGUAL,,,
Sentry,1,0,0,0,21.0,SENTRY,,,
Senovo IT Ltd,1,0,0,0,38.0,SENOVO IT,,,
Seniorh,1,0,0,0,15.0,SENIORH,,,
Selpe Gente e Gestão,1,0,0,0,24.0,SELPE GENTE E GESTÃO,,,
SellCord,1,0,0,0,34.0,SELLCORD,,,
Slyng,1,0,0,0,8.0,SLYNG,,,
Skyway Equities,1,0,0,0,28.0,SKYWAY EQUITIES,,,
Skyone,1,0,0,0,27.0,SKYONE,,,
Skalbach GmbH,1,0,0,0,8.0,SKALBACH,,,
Sixtema,1,0,0,0,30.0,SIXTEMA,,,
Sitel Panamá,1,0,0,0,12.0,SITEL PANAMÁ,,,
Sistema FIERGS,1,0,0,0,12.0,SISTEMA FIERGS,,,
Singit,1,0,0,0,34.0,SINGIT,,,
Simpress,1,0,0,0,24.0,SIMPRESS,,,
Simplest.guru,1,0,0,0,32.0,SIMPLEST.GURU,,,
Simon-Kucher,1,0,0,0,23.0,SIMON-KUCHER,,,
Silicon,1,0,0,0,8.0,SILICON,,,
Sicoob Confederação,1,0,0,0,35.0,SICOOB CONFEDERAÇÃO,,,
SiDi,1,0,0,0,32.0,SIDI,,,
Shift,1,0,0,0,49.0,SHIFT,,,
Shell Energy,1,0,0,0,52.0,SHELL ENERGY,,,
Solventum,1,0,0,0,18.0,SOLVENTUM,,,
SolvePlan,1,0,0,0,23.0,SOLVEPLAN,,,
Solar Coca-Cola,1,0,0,0,18.0,SOLAR COCA-COLA,,,
Sokobox,1,0,0,0,12.0,SOKOBOX,,,
Softonic,1,0,0,0,12.0,SOFTONIC,,,
SoftSystem IT,1,0,0,0,24.0,SOFTSYSTEM IT,,,
SoftProject,1,0,0,0,16.0,SOFTPROJECT,,,
Sociedade Beneficência e Caridade Lajeado - Hospital Bruno Born (HBB),1,0,0,0,8.0,SOCIEDADE BENEFICÊNCIA E CARIDADE LAJEADO - HOSPITAL BRUNO BORN (HBB),,,
Social Bloom,1,0,0,0,22.0,SOCIAL BLOOM,,,
SoEnergy International,1,0,0,0,28.0,SOENERGY INTERNATIONAL,,,
"SnapDragon Associates, LLC",1,0,0,0,13.0,SNAPDRAGON ASSOCIATES,,,
Smartspace,1,0,0,0,12.0,SMARTSPACE,,,
Smartsheet,1,0,0,0,12.0,SMARTSHEET,,,
SmartSites 💡,1,0,0,0,18.0,SMARTSITES 💡,,,
SmartChoice International Limited,1,0,0,0,31.0,SMARTCHOICE INTERNATIONAL,,,
Smart Fit,1,0,0,0,22.0,SMART FIT,,,
Spilberg,1,0,0,0,22.0,SPILBERG,,,
Spencer Ogden,1,0,0,0,21.0,SPENCER OGDEN,,,
SpeedMart,1,0,0,0,31.0,SPEEDMART,,,
Sparkasse Hannover,1,0,0,0,8.0,SPARKASSE HANNOVER,,,
Spark,1,0,0,0,18.0,SPARK,,,
SpaceDev,1,0,0,0,12.0,SPACEDEV,,,
Sozial-Konzept AG,1,0,0,0,8.0,SOZIAL-KONZEPT,,,
Sourcicle,1,0,0,0,19.0,SOURCICLE,,,
Source Resources Pvt. Limited,1,0,0,0,15.0,SOURCE RESOURCES PVT,,,
Sotreq S/A,1,0,0,0,15.0,SOTREQ,,,
Sorenson Communications,1,0,0,0,33.0,SORENSON COMMUNICATIONS,,,
Sopra Steria,1,0,0,0,24.0,SOPRA STERIA,,,
Sonde3,1,0,0,0,34.0,SONDE3,,,
Sonae,1,0,0,0,31.0,SONAE,,,
Somos 360 SAS,1,0,0,0,12.0,SOMOS 360,,,
Solvex Solutions,1,0,0,0,30.0,SOLVEX,,,
Strata Community Insurance,1,0,0,0,27.0,STRATA COMMUNITY INSURANCE,,,
Storware,1,0,0,0,23.0,STORWARE,,,
Stolt-Nielsen,1,0,0,0,26.0,STOLT-NIELSEN,,,
StepWise,1,0,0,0,24.0,STEPWISE,,,
Statista,1,0,0,0,23.0,STATISTA,,,
Stark Medien GmbH,1,0,0,0,8.0,STARK MEDIEN,,,
Standard Chartered,1,0,0,0,8.0,STANDARD CHARTERED,,,
Stahlhart Recruiting GmbH,1,0,0,0,18.0,STAHLHART RECRUITING,,,
Stadt Lünen,1,0,0,0,12.0,STADT LÜNEN,,,
Stadt Essen,1,0,0,0,12.0,STADT ESSEN,,,
Squash Apps,1,0,0,0,35.0,SQUASH APPS,,,
Squaredev,1,0,0,0,35.0,SQUAREDEV,,,
SprintHub,1,0,0,0,12.0,SPRINTHUB,,,
Spread Tecnologia,1,0,0,0,42.0,SPREAD TECNOLOGIA,,,
Spinomenal,1,0,0,0,21.0,SPINOMENAL,,,
Spilberg IT Dev Careers,1,0,0,0,25.0,SPILBERG IT DEV CAREERS,,,
Superhuman,1,0,0,0,27.0,SUPERHUMAN,,,
Suominen Corporation,1,0,0,0,31.0,SUOMINEN,,,
Sunbit,1,0,0,0,18.0,SUNBIT,,,
SunDevs,1,0,0,0,26.0,SUNDEVS,,,
SunBelle México,1,0,0,0,26.0,SUNBELLE MÉXICO,,,
Suma Soft Pvt Ltd,1,0,0,0,15.0,SUMA SOFT PVT,,,
SumUp,1,0,0,0,33.0,SUMUP,,,
SulAmérica,1,0,0,0,23.0,SULAMÉRICA,,,
Stückle-Druck,1,0,0,0,8.0,STÜCKLE-DRUCK,,,
Stylest Boutique,1,0,0,0,8.0,STYLEST BOUTIQUE,,,
Studio7,1,0,0,0,23.0,STUDIO7,,,
Studio Lyra,1,0,0,0,15.0,STUDIO LYRA,,,
Stratum Group,1,0,0,0,25.0,STRATUM,,,
Stratis | Strategic Impact Solutions,1,0,0,0,18.0,STRATIS | STRATEGIC IMPACT,,,
Strategy Institute,1,0,0,0,27.0,STRATEGY INSTITUTE,,,
Strategio,1,0,0,0,21.0,STRATEGIO,,,
Abbott,1,0,0,0,22.0,ABBOTT,,,
Aays,1,0,0,0,20.0,AAYS,,,
Aarohaan Sales and Services,1,0,0,0,22.0,AAROHAAN SALES AND,,,
Aarin,1,0,0,0,11.0,AARIN,,,
Synergie Executive,1,0,0,0,30.0,SYNERGIE EXECUTIVE,,,
Syneos Health via AMS,1,0,0,0,20.0,SYNEOS HEALTH VIA AMS,,,
Synapri,1,0,0,0,22.0,SYNAPRI,,,
SymBio,1,0,0,0,19.0,SYMBIO,,,
Sylkane,1,0,0,0,37.0,SYLKANE,,,
SwitchUp,1,0,0,0,16.0,SWITCHUP,,,
Swiss Re,1,0,0,0,21.0,SWISS RE,,,
Swiss Post,1,0,0,0,18.0,SWISS POST,,,
Swiftly,1,0,0,0,21.0,SWIFTLY,,,
Sweetpad,1,0,0,0,8.0,SWEETPAD,,,
SweatWorks,1,0,0,0,15.0,SWEATWORKS,,,
Support Farma,1,0,0,0,15.0,SUPPORT FARMA,,,
TAREA,1,0,0,0,8.0,TAREA,,,
TALENTIZE Pro Result,1,0,0,0,19.0,TALENTIZE PRO RESULT,,,
TAKING,1,0,0,0,30.0,TAKING,,,
SysPay,1,0,0,0,22.0,SYSPAY,,,
Syone,1,0,0,0,18.0,SYONE,,,
Addi,1,0,0,0,18.0,ADDI,,,
Addepto,1,0,0,0,15.0,ADDEPTO,,,
Adalab,1,0,0,0,22.0,ADALAB,,,
Activo.uy,1,0,0,0,32.0,ACTIVO.UY,,,
Active Recruitment SEN Ltd,1,0,0,0,19.0,ACTIVE RECRUITMENT SEN,,,
Achs Seguro Laboral,1,0,0,0,18.0,ACHS SEGURO LABORAL,,,
Access Bank Plc,1,0,0,0,27.0,ACCESS BANK,,,
Accelerant,1,0,0,0,32.0,ACCELERANT,,,
Academia do Dev,1,0,0,0,8.0,ACADEMIA DO DEV,,,
Abradi,1,0,0,0,8.0,ABRADI,,,
Abercrombie & Fitch Co,1,0,0,0,28.0,ABERCROMBIE & FITCH CO,,,
TMLabs,1,0,0,0,16.0,TMLABS,,,
TMF Group,1,0,0,0,33.0,TMF,,,
TLTD HR,1,0,0,0,21.0,TLTD HR,,,
TK Chauffeur-und Fahrservice GmbH,1,0,0,0,8.0,TK CHAUFFEUR-UND FAHRSERVICE,,,
TITANS CZ,1,0,0,0,16.0,TITANS CZ,,,
TIMIA,1,0,0,0,30.0,TIMIA,,,
TI Automotive,1,0,0,0,15.0,TI AUTOMOTIVE,,,
THRYVE,1,0,0,0,18.0,THRYVE,,,
THACO Group,1,0,0,0,21.0,THACO,,,
TEN Information Management GmbH,1,0,0,0,8.0,TEN INFORMATION MANAGEMENT,,,
TEN - Torres Eólicas do Nordeste,1,0,0,0,18.0,TEN - TORRES EÓLICAS DO NORDESTE,,,
TEMAK S.A,1,0,0,0,31.0,TEMAK,,,
TEILOR,1,0,0,0,32.0,TEILOR,,,
TECLAB,1,0,0,0,15.0,TECLAB,,,
TD SYNNEX Multi-Country Area (Español),1,0,0,0,24.0,TD SYNNEX MULTI-COUNTRY AREA (ESPAÑOL),,,
TBG | The Bachrach Group,1,0,0,0,18.0,TBG | THE BACHRACH,,,
Talando Recruitment,1,0,0,0,18.0,TALANDO RECRUITMENT,,,
Talan Americas,1,0,0,0,8.0,TALAN AMERICAS,,,
TakenJobs,1,0,0,0,8.0,TAKENJOBS,,,
Taco Bell,1,0,0,0,9.0,TACO BELL,,,
Tabby,1,0,0,0,18.0,TABBY,,,
TWRT,1,0,0,0,37.0,TWRT,,,
TTB Board,1,0,0,0,12.0,TTB BOARD,,,
TRIXXO Nederland,1,0,0,0,12.0,TRIXXO NEDERLAND,,,
TRISUL VENDAS,1,0,0,0,12.0,TRISUL VENDAS,,,
TREND-IT,1,0,0,0,12.0,TREND-IT,,,
TPC Logística Inteligente,1,0,0,0,8.0,TPC LOGÍSTICA INTELIGENTE,,,
TORTORICI & PARTNERS,1,0,0,0,25.0,TORTORICI & PARTNERS,,,
TOPSTEP GmbH,1,0,0,0,25.0,TOPSTEP,,,
TOPBAND,1,0,0,0,25.0,TOPBAND,,,
TOP CABLE,1,0,0,0,18.0,TOP CABLE,,,
TMT SA LLC,1,0,0,0,27.0,TMT,,,
Target Recrutamento e Seleção,1,0,0,0,12.0,TARGET RECRUTAMENTO E SELEÇÃO,,,
Tarento Group,1,0,0,0,23.0,TARENTO,,,
Tarco Aviation,1,0,0,0,11.0,TARCO AVIATION,,,
Tanta University,1,0,0,0,8.0,TANTA UNIVERSITY,,,
"Tanisha Systems, Inc",1,0,0,0,15.0,TANISHA SYSTEMS,,,
Talentschuppen,1,0,0,0,8.0,TALENTSCHUPPEN,,,
Talento Incluir,1,0,0,0,30.0,TALENTO INCLUIR,,,
Talento Humano Empresarial . Independent Professional,1,0,0,0,12.0,TALENTO HUMANO EMPRESARIAL . INDEPENDENT PROFESSIONAL,,,
Talento,1,0,0,0,31.0,TALENTO,,,
Talentii,1,0,0,0,19.0,TALENTII,,,
Talentful,1,0,0,0,12.0,TALENTFUL,,,
Talentfluss,1,0,0,0,12.0,TALENTFLUSS,,,
Talent Works RH,1,0,0,0,8.0,TALENT WORKS RH,,,
Talent Portus,1,0,0,0,22.0,TALENT PORTUS,,,
Talent Nova,1,0,0,0,19.0,TALENT NOVA,,,
Talent Match- Firma de Reclutamiento y selección,1,0,0,0,19.0,TALENT MATCH- FIRMA DE RECLUTAMIENTO Y SELECCIÓN,,,
Texfyt | Nonwoven,1,0,0,0,31.0,TEXFYT | NONWOVEN,,,
Texas Psychiatry Group,1,0,0,0,27.0,TEXAS PSYCHIATRY,,,
Terra,1,0,0,0,34.0,TERRA,,,
Tereos,1,0,0,0,23.0,TEREOS,,,
Tenaska,1,0,0,0,21.0,TENASKA,,,
Tempton,1,0,0,0,12.0,TEMPTON,,,
Telespazio,1,0,0,0,8.0,TELESPAZIO,,,
Teleios Recruitment Ltd,1,0,0,0,11.0,TELEIOS RECRUITMENT,,,
Telefónica,1,0,0,0,34.0,TELEFÓNICA,,,
Telasist,1,0,0,0,23.0,TELASIST,,,
Tekgence Inc,1,0,0,0,20.0,TEKGENCE,,,
TekIntegral,1,0,0,0,22.0,TEKINTEGRAL,,,
Team 1001,1,0,0,0,12.0,TEAM 1001,,,
Teal Talent,1,0,0,0,29.0,TEAL TALENT,,,
Teachable,1,0,0,0,35.0,TEACHABLE,,,
Tarmac.IO,1,0,0,0,27.0,TARMAC.IO,,,
Tibber,1,0,0,0,19.0,TIBBER,,,
Thrivea,1,0,0,0,12.0,THRIVEA,,,
Thommes & Kollegen - Architekten und Ingenieur PartGmbB,1,0,0,0,8.0,THOMMES & KOLLEGEN - ARCHITEKTEN UND INGENIEUR PARTGMBB,,,
The.NextGen GmbH,1,0,0,0,22.0,THE.NEXTGEN,,,
The University of Manchester,1,0,0,0,12.0,THE UNIVERSITY OF MANCHESTER,,,
The University of Hong Kong,1,0,0,0,8.0,THE UNIVERSITY OF HONG KONG,,,
The University of Göttingen,1,0,0,0,8.0,THE UNIVERSITY OF GÖTTINGEN,,,
The Talent Care,1,0,0,0,12.0,THE TALENT CARE,,,
The Squadron Israel - Hatayeset,1,0,0,0,18.0,THE SQUADRON ISRAEL - HATAYESET,,,
The Play,1,0,0,0,18.0,THE PLAY,,,
The Next Moove,1,0,0,0,19.0,THE NEXT MOOVE,,,
The Maxol Group,1,0,0,0,24.0,THE MAXOL,,,
The Lubrizol Corporation,1,0,0,0,20.0,THE LUBRIZOL,,,
The Electric Factory,1,0,0,0,37.0,THE ELECTRIC FACTORY,,,
The Citco Group Limited,1,0,0,0,22.0,THE CITCO,,,
The Champions Burger,1,0,0,0,31.0,THE CHAMPIONS BURGER,,,
Toss Bank(토스뱅크),1,0,0,0,12.0,TOSS BANK(토스뱅크),,,
Torfresma,1,0,0,0,15.0,TORFRESMA,,,
Toradex,1,0,0,0,14.0,TORADEX,,,
Top Management,1,0,0,0,19.0,TOP MANAGEMENT,,,
Tontine Trust,1,0,0,0,23.0,TONTINE TRUST,,,
Toledo Prudente Centro Universitário,1,0,0,0,8.0,TOLEDO PRUDENTE CENTRO UNIVERSITÁRIO,,,
To LEAD,1,0,0,0,30.0,TO LEAD,,,
To Do Green,1,0,0,0,12.0,TO DO GREEN,,,
Tivita,1,0,0,0,15.0,TIVITA,,,
Tismart,1,0,0,0,21.0,TISMART,,,
Tintschl Unternehmensgruppe,1,0,0,0,21.0,TINTSCHL UNTERNEHMENSGRUPPE,,,
Timing,1,0,0,0,12.0,TIMING,,,
Tilburg University,1,0,0,0,12.0,TILBURG UNIVERSITY,,,
Tikiwe® - Taschen aus Kork,1,0,0,0,8.0,TIKIWE® - TASCHEN AUS KORK,,,
Tiger Resourcing Group,1,0,0,0,15.0,TIGER RESOURCING,,,
Tiendamia,1,0,0,0,22.0,TIENDAMIA,,,
Tricura Insurance Group,1,0,0,0,26.0,TRICURA INSURANCE,,,
TribuESK,1,0,0,0,18.0,TRIBUESK,,,
Tribanco,1,0,0,0,20.0,TRIBANCO,,,
Tres Pi | Full-service Agency,1,0,0,0,25.0,TRES PI | FULL- AGENCY,,,
Trendyol Group,1,0,0,0,23.0,TRENDYOL,,,
Trend People,1,0,0,0,12.0,TREND PEOPLE,,,
Tredence Inc,1,0,0,0,39.0,TREDENCE,,,
Travel Designer Group,1,0,0,0,21.0,TRAVEL DESIGNER,,,
Transportes Cavalinho,1,0,0,0,8.0,TRANSPORTES CAVALINHO,,,
Transcodezy IT Solutions Pvt. Ltd,1,0,0,0,28.0,TRANSCODEZY IT PVT,,,
Transbacini,1,0,0,0,8.0,TRANSBACINI,,,
TraffHub,1,0,0,0,16.0,TRAFFHUB,,,
Trading 212,1,0,0,0,14.0,TRADING 212,,,
Trade Republic,1,0,0,0,20.0,TRADE REPUBLIC,,,
Toteat,1,0,0,0,25.0,TOTEAT,,,
Total Atacado,1,0,0,0,8.0,TOTAL ATACADO,,,
UNITED MACHINING,1,0,0,0,28.0,UNITED MACHINING,,,
UNI7 - Centro Universitário 7 de Setembro,1,0,0,0,12.0,UNI7 - CENTRO UNIVERSITÁRIO 7 DE SETEMBRO,,,
"UNESP - Universidade Estadual Paulista ""Júlio de Mesquita Filho""",1,0,0,0,8.0,"UNESP - UNIVERSIDADE ESTADUAL PAULISTA ""JÚLIO DE MESQUITA FILHO""",,,
Turner & Townsend,1,0,0,0,21.0,TURNER & TOWNSEND,,,
Turn2C Consórcio Inteligente,1,0,0,0,11.0,TURN2C CONSÓRCIO INTELIGENTE,,,
Turivius,1,0,0,0,23.0,TURIVIUS,,,
TubeScience,1,0,0,0,8.0,TUBESCIENCE,,,
Tu Terapia,1,0,0,0,8.0,TU TERAPIA,,,
TryHackMe,1,0,0,0,19.0,TRYHACKME,,,
Truviq Systems,1,0,0,0,18.0,TRUVIQ SYSTEMS,,,
TrustYou,1,0,0,0,20.0,TRUSTYOU,,,
Trupropel,1,0,0,0,31.0,TRUPROPEL,,,
TruelyCrack,1,0,0,0,30.0,TRUELYCRACK,,,
Troocoo,1,0,0,0,15.0,TROOCOO,,,
Trimble Inc,1,0,0,0,19.0,TRIMBLE,,,
Trillion Health and Hormone,1,0,0,0,28.0,TRILLION HEALTH AND HORMONE,,,
Unimad,1,0,0,0,23.0,UNIMAD,,,
Unilever,1,0,0,0,8.0,UNILEVER,,,
Unijorge,1,0,0,0,12.0,UNIJORGE,,,
Unico Skill,1,0,0,0,35.0,UNICO SKILL,,,
Unichristus,1,0,0,0,8.0,UNICHRISTUS,,,
UniFirst Corporation,1,0,0,0,24.0,UNIFIRST,,,
Understanding Solutions,1,0,0,0,30.0,UNDERSTANDING,,,
Under Labz,1,0,0,0,19.0,UNDER LABZ,,,
Umbilical Advanced,1,0,0,0,22.0,UMBILICAL ADVANCED,,,
Ultra,1,0,0,0,22.0,ULTRA,,,
Ufes - Universidade Federal do Espírito Santo,1,0,0,0,8.0,UFES - UNIVERSIDADE FEDERAL DO ESPÍRITO SANTO,,,
USR Talent Solution,1,0,0,0,24.0,USR TALENT SOLUTION,,,
UPTURNco,1,0,0,0,28.0,UPTURNCO,,,
UPS Capital®,1,0,0,0,12.0,UPS CAPITAL®,,,
UPS,1,0,0,0,42.0,UPS,,,
UPA 24H - Unidade de Pronto Atendimento,1,0,0,0,8.0,UPA 24H - UNIDADE DE PRONTO ATENDIMENTO,,,
Upshifters,1,0,0,0,27.0,UPSHIFTERS,,,
University of Luxembourg,1,0,0,0,12.0,UNIVERSITY OF LUXEMBOURG,,,
University of Denver - Daniels College of Business,1,0,0,0,18.0,UNIVERSITY OF DENVER - DANIELS COLLEGE OF BUSINESS,,,
University of Brighton,1,0,0,0,12.0,UNIVERSITY OF BRIGHTON,,,
Universitat Carlemany,1,0,0,0,8.0,UNIVERSITAT CARLEMANY,,,
Universitas Negeri Makassar,1,0,0,0,8.0,UNIVERSITAS NEGERI MAKASSAR,,,
Universidade Presbiteriana Mackenzie,1,0,0,0,8.0,UNIVERSIDADE PRESBITERIANA MACKENZIE,,,
Universidad del Alba,1,0,0,0,12.0,UNIVERSIDAD DEL ALBA,,,
Universidad de los Andes (CL),1,0,0,0,21.0,UNIVERSIDAD DE LOS ANDES (CL),,,
Universidad de 'San Andrés',1,0,0,0,17.0,UNIVERSIDAD DE 'SAN ANDRÉS',,,
Universidad San Sebastián,1,0,0,0,12.0,UNIVERSIDAD SAN SEBASTIÁN,,,
Universidad Católica del Uruguay,1,0,0,0,37.0,UNIVERSIDAD CATÓLICA DEL URUGUAY,,,
Unity,1,0,0,0,27.0,UNITY,,,
Unite Talent,1,0,0,0,8.0,UNITE TALENT,,,
Unit,1,0,0,0,8.0,UNIT,,,
Uniper,1,0,0,0,19.0,UNIPER,,,
Valcon,1,0,0,0,21.0,VALCON,,,
VR Bank Schleswig-Holstein Mitte,1,0,0,0,12.0,VR BANK SCHLESWIG-HOLSTEIN MITTE,,,
VMK Holding,1,0,0,0,12.0,VMK,,,
VINCI Energies,1,0,0,0,31.0,VINCI ENERGIES,,,
VFX Financial,1,0,0,0,20.0,VFX FINANCIAL,,,
VFS Global,1,0,0,0,30.0,VFS,,,
VF Tecnologia e Inovação,1,0,0,0,20.0,VF TECNOLOGIA E INOVAÇÃO,,,
VExpenses,1,0,0,0,15.0,VEXPENSES,,,
VENTURIA LEGAL,1,0,0,0,18.0,VENTURIA LEGAL,,,
VBSO Advogados,1,0,0,0,27.0,VBSO ADVOGADOS,,,
VARTEQ Inc,1,0,0,0,33.0,VARTEQ,,,
V17 Recruitment,1,0,0,0,19.0,V17 RECRUITMENT,,,
V.tal,1,0,0,0,24.0,V.TAL,,,
Uscreen,1,0,0,0,20.0,USCREEN,,,
Uptick,1,0,0,0,12.0,UPTICK,,,
Upstart 13,1,0,0,0,29.0,UPSTART 13,,,
Veloe,1,0,0,0,27.0,VELOE,,,
Veho,1,0,0,0,12.0,VEHO,,,
Vehicle Certification Agency (VCA),1,0,0,0,27.0,VEHICLE CERTIFICATION AGENCY (VCA),,,
"Vasquez Law Firm, PLLC",1,0,0,0,30.0,"VASQUEZ LAW FIRM, PLLC",,,
Various Companies,1,0,0,0,12.0,VARIOUS COMPANIES,,,
Varicent,1,0,0,0,18.0,VARICENT,,,
Vanguard,1,0,0,0,26.0,VANGUARD,,,
VanesaRinaudo.HR,1,0,0,0,19.0,VANESARINAUDO.HR,,,
Van den Oudenrijn B.V,1,0,0,0,12.0,VAN DEN OUDENRIJN B.V,,,
Van Hyde International,1,0,0,0,34.0,VAN HYDE INTERNATIONAL,,,
Value2Biz,1,0,0,0,31.0,VALUE2BIZ,,,
Valor Real Empreendimentos,1,0,0,0,8.0,VALOR REAL EMPREENDIMENTOS,,,
Vallora Benefícios,1,0,0,0,12.0,VALLORA BENEFÍCIOS,,,
Valid,1,0,0,0,11.0,VALID,,,
Valeria Industrióloga,1,0,0,0,31.0,VALERIA INDUSTRIÓLOGA,,,
Valense,1,0,0,0,21.0,VALENSE,,,
"ARTE - Agência para a Reforma Tecnológica do Estado, IP",1,0,0,0,26.0,"ARTE - AGÊNCIA PARA A REFORMA TECNOLÓGICA DO ESTADO, IP",,,
ARIMANY Selecció de Talent,1,0,0,0,15.0,ARIMANY SELECCIÓ DE TALENT,,,
ARCA Mobility as a Service,1,0,0,0,32.0,ARCA MOBILITY AS A,,,
"AQUA Information Systems, Inc",1,0,0,0,15.0,AQUA INFORMATION SYSTEMS,,,
Vertical Falls LLC,1,0,0,0,23.0,VERTICAL FALLS,,,
Vertex Agility Ltd,1,0,0,0,19.0,VERTEX AGILITY,,,
Veronezi Recursos Humanos,1,0,0,0,27.0,VERONEZI RECURSOS HUMANOS,,,
Verizon,1,0,0,0,27.0,VERIZON,,,
Verisure,1,0,0,0,21.0,VERISURE,,,
VeriiPro,1,0,0,0,22.0,VERIIPRO,,,
Verena Laumayer,1,0,0,0,12.0,VERENA LAUMAYER,,,
Venue GTM,1,0,0,0,20.0,VENUE GTM,,,
VentureLink,1,0,0,0,25.0,VENTURELINK,,,
Venture People,1,0,0,0,21.0,VENTURE PEOPLE,,,
Ventura TRAVEL,1,0,0,0,27.0,VENTURA TRAVEL,,,
Venfilter,1,0,0,0,30.0,VENFILTER,,,
Vintelix,1,0,0,0,34.0,VINTELIX,,,
VinDynamics,1,0,0,0,31.0,VINDYNAMICS,,,
Viamafia Fitness,1,0,0,0,18.0,VIAMAFIA FITNESS,,,
Vialaser Depilação,1,0,0,0,12.0,VIALASER DEPILAÇÃO,,,
AXA Global Business Services (AXA GBS),1,0,0,0,15.0,AXA BUSINESS (AXA GBS),,,
AVEDIAN,1,0,0,0,18.0,AVEDIAN,,,
AVA Bioenergia,1,0,0,0,17.0,AVA BIOENERGIA,,,
AUREN Uruguay,1,0,0,0,40.0,AUREN URUGUAY,,,
AUMOVIO,1,0,0,0,21.0,AUMOVIO,,,
ATOMS,1,0,0,0,15.0,ATOMS,,,
ATIVU Tecnologia | Gestão de Custos e Ativos de TI e Telecom,1,0,0,0,24.0,ATIVU TECNOLOGIA | GESTÃO DE CUSTOS E ATIVOS DE TI E TELECOM,,,
ATALIAN,1,0,0,0,19.0,ATALIAN,,,
ASSERTIZE,1,0,0,0,8.0,ASSERTIZE,,,
ASSA ABLOY Group,1,0,0,0,12.0,ASSA ABLOY,,,
ASHRAE Brasília Student Branch,1,0,0,0,8.0,ASHRAE BRASÍLIA STUDENT BRANCH,,,
ARTEMIS Augenkliniken und med. Versorgungszentren,1,0,0,0,12.0,ARTEMIS AUGENKLINIKEN UND MED. VERSORGUNGSZENTREN,,,
Voluble Systems LLC,1,0,0,0,41.0,VOLUBLE SYSTEMS,,,
Voltic Inc,1,0,0,0,27.0,VOLTIC,,,
Volis,1,0,0,0,28.0,VOLIS,,,
Vocalis S.A.S,1,0,0,0,56.0,VOCALIS,,,
Viventium,1,0,0,0,31.0,VIVENTIUM,,,
Viva Republica (Toss),1,0,0,0,12.0,VIVA REPUBLICA (TOSS),,,
Vitoria - Recursos Humanos,1,0,0,0,30.0,VITORIA - RECURSOS HUMANOS,,,
Visure Solutions,1,0,0,0,31.0,VISURE,,,
Visser & Van Baars,1,0,0,0,21.0,VISSER & VAN BAARS,,,
Vision Cybersecurity,1,0,0,0,12.0,VISION CYBERSECURITY,,,
Visible,1,0,0,0,15.0,VISIBLE,,,
Virtual Minds,1,0,0,0,16.0,VIRTUAL MINDS,,,
Virtual Internships,1,0,0,0,15.0,VIRTUAL INTERNSHIPS,,,
Virtu GNL,1,0,0,0,25.0,VIRTU GNL,,,
Viridien,1,0,0,0,12.0,VIRIDIEN,,,
Vinícola Jolimont,1,0,0,0,22.0,VINÍCOLA JOLIMONT,,,
WV Eventos LTDA,1,0,0,0,12.0,WV EVENTOS,,,
WTime Business Intelligence,1,0,0,0,17.0,WTIME BUSINESS INTELLIGENCE,,,
WPP Media,1,0,0,0,22.0,WPP MEDIA,,,
WP LAB,1,0,0,0,8.0,WP LAB,,,
WM Gruppe,1,0,0,0,15.0,WM GRUPPE,,,
WK Personalberatung GmbH,1,0,0,0,12.0,WK PERSONALBERATUNG,,,
WITHIN,1,0,0,0,28.0,WITHIN,,,
WIRTGEN GROUP,1,0,0,0,25.0,WIRTGEN,,,
WIANCO OTT Robotics GmbH,1,0,0,0,23.0,WIANCO OTT ROBOTICS,,,
WEINIG HOLZ-HER Australia,1,0,0,0,18.0,WEINIG HOLZ-HER AUSTRALIA,,,
WEBJUMP,1,0,0,0,8.0,WEBJUMP,,,
"WAN-IFRA, the World Association of News Publishers",1,0,0,0,12.0,"WAN-IFRA, THE WORLD ASSOCIATION OF NEWS PUBLISHERS",,,
WAGNER LIVING,1,0,0,0,12.0,WAGNER LIVING,,,
Vp GmbH,1,0,0,0,28.0,VP,,,
Vorbrix,1,0,0,0,27.0,VORBRIX,,,
Vontier,1,0,0,0,28.0,VONTIER,,,
Wheel the World,1,0,0,0,32.0,WHEEL THE WORLD,,,
Westcoaching,1,0,0,0,12.0,WESTCOACHING,,,
West Monroe,1,0,0,0,15.0,WEST MONROE,,,
Werving op Maat,1,0,0,0,25.0,WERVING OP MAAT,,,
Wenger & Watson Inc,1,0,0,0,19.0,WENGER & WATSON,,,
Wellz by Wellhub,1,0,0,0,12.0,WELLZ BY WELLHUB,,,
WelHome,1,0,0,0,20.0,WELHOME,,,
Webmotors,1,0,0,0,21.0,WEBMOTORS,,,
Weatherford,1,0,0,0,8.0,WEATHERFORD,,,
WeCogno,1,0,0,0,18.0,WECOGNO,,,
We Are Pipol,1,0,0,0,21.0,WE ARE PIPOL,,,
We Are Fiber,1,0,0,0,23.0,WE ARE FIBER,,,
Wazo International,1,0,0,0,18.0,WAZO INTERNATIONAL,,,
Warren Investimentos,1,0,0,0,30.0,WARREN INVESTIMENTOS,,,
Wand,1,0,0,0,35.0,WAND,,,
Wallpaper & Carpets Distributors (M) Sdn Bhd,1,0,0,0,27.0,WALLPAPER & CARPETS DISTRIBUTORS (M) SDN BHD,,,
XSITE Segurança da Informação,1,0,0,0,18.0,XSITE SEGURANÇA DA INFORMAÇÃO,,,
XRAYS TRADING,1,0,0,0,12.0,XRAYS TRADING,,,
XERIDIA,1,0,0,0,27.0,XERIDIA,,,
Württembergische Versicherung,1,0,0,0,12.0,WÜRTTEMBERGISCHE VERSICHERUNG,,,
Wyndham Garden,1,0,0,0,34.0,WYNDHAM GARDEN,,,
Wylinka,1,0,0,0,21.0,WYLINKA,,,
Woxer,1,0,0,0,20.0,WOXER,,,
Workstream,1,0,0,0,15.0,WORKSTREAM,,,
WorkIT,1,0,0,0,22.0,WORKIT,,,
Woodside Energy India,1,0,0,0,25.0,WOODSIDE ENERGY INDIA,,,
Wonga,1,0,0,0,12.0,WONGA,,,
Wizdaa,1,0,0,0,18.0,WIZDAA,,,
Wizards of the Coast,1,0,0,0,25.0,WIZARDS OF THE COAST,,,
WirtschaftsTreuhand GmbH,1,0,0,0,31.0,WIRTSCHAFTSTREUHAND,,,
Wird,1,0,0,0,12.0,WIRD,,,
WhyBrilliant,1,0,0,0,19.0,WHYBRILLIANT,,,
ZAGALABS,1,0,0,0,37.0,ZAGALABS,,,
ZAFIRO TELECOM,1,0,0,0,25.0,ZAFIRO TELECOM,,,
Young Talents GmbH,1,0,0,0,15.0,YOUNG TALENTS,,,
YouDare,1,0,0,0,8.0,YOUDARE,,,
Yochana IT Solutions INC,1,0,0,0,25.0,YOCHANA IT,,,
Yaman,1,0,0,0,18.0,YAMAN,,,
Yalla Car - Aluguel de Carros,1,0,0,0,21.0,YALLA CAR - ALUGUEL DE CARROS,,,
Yahoo,1,0,0,0,12.0,YAHOO,,,
YHA Australia,1,0,0,0,22.0,YHA AUSTRALIA,,,
Xtedder,1,0,0,0,25.0,XTEDDER,,,
XpertScout GmbH,1,0,0,0,25.0,XPERTSCOUT,,,
Xperiun,1,0,0,0,34.0,XPERIUN,,,
Xpantion,1,0,0,0,21.0,XPANTION,,,
XentraView,1,0,0,0,15.0,XENTRAVIEW,,,
Xebia,1,0,0,0,33.0,XEBIA,,,
Xcellent Talents,1,0,0,0,8.0,XCELLENT TALENTS,,,
abtis,1,0,0,0,25.0,ABTIS,,,
Zubale,1,0,0,0,13.0,ZUBALE,,,
Zortify,1,0,0,0,25.0,ZORTIFY,,,
Zocius Integración y Servicios,1,0,0,0,27.0,ZOCIUS INTEGRACIÓN Y SERVICIOS,,,
Zixbe,1,0,0,0,19.0,ZIXBE,,,
Zillow,1,0,0,0,28.0,ZILLOW,,,
ZeuZ,1,0,0,0,31.0,ZEUZ,,,
Zeta Dados,1,0,0,0,25.0,ZETA DADOS,,,
Zenklub,1,0,0,0,12.0,ZENKLUB,,,
ZapSign,1,0,0,0,21.0,ZAPSIGN,,,
"Zafer Taahhüt, İnşaat ve Tic. A.Ş",1,0,0,0,12.0,"ZAFER TAAHHÜT, İNŞAAT VE TIC. A.Ş",,,
Zaelot,1,0,0,0,26.0,ZAELOT,,,
ZF Group,1,0,0,0,11.0,ZF,,,
ZEROGATE,1,0,0,0,15.0,ZEROGATE,,,
ZEISS Group,1,0,0,0,22.0,ZEISS,,,
ZAVAZ Media Group,1,0,0,0,25.0,ZAVAZ MEDIA,,,
chreative,1,0,0,0,19.0,CHREATIVE,,,
capacura,1,0,0,0,9.0,CAPACURA,,,
beecrowd,1,0,0,0,19.0,BEECROWD,,,
barrahache,1,0,0,0,19.0,BARRAHACHE,,,
backlgrs,1,0,0,0,12.0,BACKLGRS,,,
bSide,1,0,0,0,12.0,BSIDE,,,
axity,1,0,0,0,37.0,AXITY,,,
atelier TILIJA,1,0,0,0,19.0,ATELIER TILIJA,,,
astara,1,0,0,0,20.0,ASTARA,,,
artax,1,0,0,0,23.0,ARTAX,,,
area51,1,0,0,0,22.0,AREA51,,,
apoprojekt,1,0,0,0,22.0,APOPROJEKT,,,
ambass GmbH,1,0,0,0,18.0,AMBASS,,,
adorsys,1,0,0,0,20.0,ADORSYS,,,
addendum Pro,1,0,0,0,24.0,ADDENDUM PRO,,,
adaption,1,0,0,0,8.0,ADAPTION,,,
empower,1,0,0,0,12.0,EMPOWER,,,
emnify,1,0,0,0,35.0,EMNIFY,,,
eleQtron GmbH,1,0,0,0,18.0,ELEQTRON,,,
e-Safer,1,0,0,0,12.0,E-SAFER,,,
dr. Fuchs Personalberatung,1,0,0,0,31.0,DR. FUCHS PERSONALBERATUNG,,,
dnata,1,0,0,0,20.0,DNATA,,,
dhauz,1,0,0,0,35.0,DHAUZ,,,
develop,1,0,0,0,19.0,DEVELOP,,,
deRecruiters.com,1,0,0,0,33.0,DERECRUITERS.COM,,,
dbm contact center,1,0,0,0,15.0,DBM CONTACT CENTER,,,
cuBec,1,0,0,0,12.0,CUBEC,,,
coretress GmbH,1,0,0,0,8.0,CORETRESS,,,
contagi,1,0,0,0,14.0,CONTAGI,,,
conrizon AG,1,0,0,0,21.0,CONRIZON,,,
connexta,1,0,0,0,12.0,CONNEXTA,,,
comblack,1,0,0,0,22.0,COMBLACK,,,
iU Corp,1,0,0,0,27.0,IU,,,
iCube - Direction informatique Castel,1,0,0,0,18.0,ICUBE - DIRECTION INFORMATIQUE CASTEL,,,
iBoost Talent Raleigh South,1,0,0,0,22.0,IBOOST TALENT RALEIGH SOUTH,,,
i9edu,1,0,0,0,30.0,I9EDU,,,
i-Link Solutions/State of MA,1,0,0,0,29.0,I-LINK /STATE OF MA,,,
hyrUP GmbH,1,0,0,0,19.0,HYRUP,,,
harpix,1,0,0,0,27.0,HARPIX,,,
hamrah mobin maham arvand,1,0,0,0,24.0,HAMRAH MOBIN MAHAM ARVAND,,,
go2Win,1,0,0,0,17.0,GO2WIN,,,
gente seguradora,1,0,0,0,18.0,GENTE SEGURADORA,,,
fundcraft,1,0,0,0,23.0,FUNDCRAFT,,,
freiberuflich tätig,1,0,0,0,40.0,FREIBERUFLICH TÄTIG,,,
foRHum,1,0,0,0,15.0,FORHUM,,,
five5in GmbH,1,0,0,0,18.0,FIVE5IN,,,
finbyte,1,0,0,0,17.0,FINBYTE,,,
epostbox,1,0,0,0,19.0,EPOSTBOX,,,
金风科技,1,0,0,0,8.0,金风科技,,,
نشریه سامانه نو | New Samaneh Magazine,1,0,0,0,15.0,نشریه سامانه نو | NEW SAMANEH MAGAZINE,,,
Самозайнятий,1,0,0,0,11.0,САМОЗАЙНЯТИЙ,,,
Árbore Engenharia,1,0,0,0,20.0,ÁRBORE ENGENHARIA,,,
®CS Global IT ☁,1,0,0,0,43.0,®CS IT ☁,,,
knowmad mood,1,0,0,0,19.0,KNOWMAD MOOD,,,
klavi,1,0,0,0,15.0,KLAVI,,,
iwantpro,1,0,0,0,25.0,IWANTPRO,,,
itscout365,1,0,0,0,12.0,ITSCOUT365,,,
isolutions AG,1,0,0,0,20.0,ISOLUTIONS,,,
interpool,1,0,0,0,25.0,INTERPOOL,,,
inovex GmbH,1,0,0,0,12.0,INOVEX,,,
inVentiv,1,0,0,0,12.0,INVENTIV,,,
ilegra,1,0,0,0,17.0,ILEGRA,,,
ieTeam Consultores,1,0,0,0,15.0,IETEAM CONSULTORES,,,
iUNGO,1,0,0,0,17.0,IUNGO,,,
yellow.rec,1,0,0,0,25.0,YELLOW.REC,,,
teceo,1,0,0,0,27.0,TECEO,,,
tapi,1,0,0,0,18.0,TAPI,,,
talentsconnect Group,1,0,0,0,16.0,TALENTSCONNECT,,,
softgarden e-recruiting GmbH,1,0,0,0,18.0,SOFTGARDEN E-RECRUITING,,,
richter & heß VERPACKUNGEN,1,0,0,0,13.0,RICHTER & HESS VERPACKUNGEN,,,
remoti,1,0,0,0,18.0,REMOTI,,,
AB Mauri Uruguay (Fleischmann - Terry),1,0,0,0,56.0,AB MAURI URUGUAY (FLEISCHMANN - TERRY),,,
AA Euro Group,1,0,0,0,15.0,AA EURO,,,
A.P. Moller - Maersk,1,0,0,0,27.0,A.P. MOLLER - MAERSK,,,
@Hyatt Ziva Madeira Resort Spa & Marina,1,0,0,0,12.0,@HYATT ZIVA MADEIRA RESORT & MARINA,,,
7-Eleven,1,0,0,0,23.0,7-ELEVEN,,,
500 Designs,1,0,0,0,18.0,500 DESIGNS,,,
4zOOm - Business Solution,1,0,0,0,16.0,4ZOOM - BUSINESS SOLUTION,,,
"""Uzbek Industrial and Construction Bank"" JSCB",1,0,0,0,21.0,"""UZBEK INDUSTRIAL AND CONSTRUCTION BANK"" JSCB",,,
n1co,1,0,0,0,12.0,N1CO,,,
BESTSECRET Group,1,0,0,0,17.0,BESTSECRET,,,
prismat GmbH,1,0,0,0,25.0,PRISMAT,,,
praktischArzt & Medi-Karriere – pA Medien GmbH,1,0,0,0,12.0,PRAKTISCHARZT & MEDI-KARRIERE – PA MEDIEN,,,
"pml, we know how",1,0,0,0,25.0,"PML, WE KNOW HOW",,,
peoplepath.io,1,0,0,0,29.0,PEOPLEPATH.IO,,,
over99,1,0,0,0,35.0,OVER99,,,
openEuler,1,0,0,0,8.0,OPENEULER,,,
notro,1,0,0,0,19.0,NOTRO,,,
nexwave,1,0,0,0,27.0,NEXWAVE,,,
&V Recruitment,1,0,0,0,15.0,&V RECRUITMENT,,,
++hellohello,1,0,0,0,22.0,++HELLOHELLO,,,
AEP Talento,1,0,0,0,12.0,AEP TALENTO,,,
AE Talents Group Inc,1,0,0,0,27.0,AE TALENTS,,,
ADVANCED SCHEMA,1,0,0,0,23.0,ADVANCED SCHEMA,,,
ADMIRAL Group,1,0,0,0,21.0,ADMIRAL,,,
ADEPARA,1,0,0,0,12.0,ADEPARA,,,
